Inches,Price_euros,Ram_GB,Weight_kg,SSD_GB,HDD_GB,Flash_Storage_GB,Hybrid_GB,Total_Storage_GB,Cpu_speed_GHz,Screen_Width,Screen_Height,PPI,Touchscreen,IPS_Panel,Price_log,Company_Apple,Company_Asus,Company_Chuwi,Company_Dell,Company_Fujitsu,Company_Google,Company_HP,Company_Huawei,Company_LG,Company_Lenovo,Company_MSI,Company_Mediacom,Company_Microsoft,Company_Razer,Company_Samsung,Company_Toshiba,Company_Vero,Company_Xiaomi,TypeName_Gaming,TypeName_Netbook,TypeName_Notebook,TypeName_Ultrabook,TypeName_Workstation,OpSys_grouped_Chrome OS,OpSys_grouped_Linux,OpSys_grouped_No OS,OpSys_grouped_Windows 10,OpSys_grouped_Windows 10 S,OpSys_grouped_Windows 7,OpSys_grouped_macOS,Cpu_brand_Intel,Cpu_brand_Samsung,Cpu_type_Intel Core i3,Cpu_type_Intel Core i5,Cpu_type_Intel Core i7,Cpu_type_Other,Cpu_type_Other Intel Processor,Gpu_brand_ARM,Gpu_brand_Intel,Gpu_brand_Nvidia
-1.2044068787278503,1339.69,-0.07519506268436271,-1.0052832259279667,-0.2982042368997635,-0.8024958872632796,-0.15053763750671667,-0.09544761854796006,-1.0333265406453154,0.0024260494101592586,1.345361642623338,1.8605858351699458,1.8639552457496082,0,1,7.200939685789514,True,False,False,False,False,False,False,False,False,False,False,False,False,False,False,False,False,False,False,False,False,True,False,False,False,False,False,False,False,True,True,False,False,True,False,False,False,False,True,False
-1.2044068787278503,898.94,-0.07519506268436271,-1.050381143323216,-0.9830802414038966,-0.8024958872632796,4.079123638423241,-0.09544761854796006,-1.0333265406453154,-0.9854309447893159,-0.9197760247541554,-0.6006478854808774,-0.4397327252444479,0,0,6.802328094435323,True,False,False,False,False,False,False,False,False,False,False,False,False,False,False,False,False,False,False,False,False,True,False,False,False,False,False,False,False,True,True,False,False,True,False,False,False,False,True,False
0.4087716575222072,575.0,-0.07519506268436271,-0.2686839084722321,0.3866717676043696,-0.8024958872632796,-0.15053763750671667,-0.09544761854796006,-0.7594299096283988,0.3975688470899499,0.050997261264770256,0.03224078554361997,-0.12584653946852056,0,0,6.3561076606958915,False,False,False,False,False,False,True,False,False,False,False,False,False,False,False,False,False,False,False,False,True,False,False,False,False,True,False,False,False,False,True,False,False,True,False,False,False,False,True,False
0.2684952630656809,2537.45,1.4987674542268743,-0.3137818258674812,1.7564237766126358,-0.8024958872632796,-0.15053763750671667,-0.09544761854796006,-0.21163664759456588,0.7927116447697404,1.9925438333026217,2.56379546964161,1.7143199243708405,0,1,7.839308937522205,True,False,False,False,False,False,False,False,False,False,False,False,False,False,False,False,False,False,False,False,False,True,False,False,False,False,False,False,False,True,True,False,False,False,True,False,False,False,False,False
-1.2044068787278503,1803.6,-0.07519506268436271,-1.0052832259279667,0.3866717676043696,-0.8024958872632796,-0.15053763750671667,-0.09544761854796006,-0.7594299096283988,1.5829972401293209,1.345361642623338,1.8605858351699458,1.8639552457496082,0,1,7.4980942395604,True,False,False,False,False,False,False,False,False,False,False,False,False,False,False,False,False,False,False,False,False,True,False,False,False,False,False,False,False,True,True,False,False,True,False,False,False,False,True,False
0.4087716575222072,400.0,-0.8621763211399812,0.09209943068976037,-0.9830802414038966,0.16720896946204622,-0.15053763750671667,-0.09544761854796006,-0.2373144567524018,1.3854258412894256,-1.06943690634874,-1.0647662442321755,-1.071448973483805,0,0,5.993961427306569,False,False,False,False,False,False,False,False,False,False,False,False,False,False,False,False,False,False,False,False,True,False,False,False,False,False,True,False,False,False,False,False,False,False,False,False,False,False,False,False
0.2684952630656809,2139.97,1.4987674542268743,0.0019035958992621705,-0.9830802414038966,-0.8024958872632796,8.308784914353199,-0.09544761854796006,-0.7594299096283988,-0.19514534942973516,1.9925438333026217,2.56379546964161,1.7143199243708405,0,1,7.669014276347654,True,False,False,False,False,False,False,False,False,False,False,False,False,False,False,False,False,False,False,False,False,True,False,False,False,False,False,False,False,True,True,False,False,False,True,False,False,False,True,False
-1.2044068787278503,1158.7,-0.07519506268436271,-1.050381143323216,-0.9830802414038966,-0.8024958872632796,8.308784914353199,-0.09544761854796006,-0.7594299096283988,-0.9854309447893159,-0.9197760247541554,-0.6006478854808774,-0.4397327252444479,0,0,7.055916629962658,True,False,False,False,False,False,False,False,False,False,False,False,False,False,False,False,False,False,False,False,False,True,False,False,False,False,False,False,False,True,True,False,False,True,False,False,False,False,True,False
-0.713439498130007,1495.0,1.4987674542268743,-1.1105116998502147,1.7564237766126358,-0.8024958872632796,-0.15053763750671667,-0.09544761854796006,-0.21163664759456588,-0.9854309447893159,0.050997261264770256,0.03224078554361997,0.2485897530978847,0,0,7.310550158534422,False,True,False,False,False,False,False,False,False,False,False,False,False,False,False,False,False,False,False,False,False,True,False,False,False,False,True,False,False,False,True,False,False,False,True,False,False,False,False,True
-0.713439498130007,770.0,-0.07519506268436271,-0.659532525897724,0.3866717676043696,-0.8024958872632796,-0.15053763750671667,-0.09544761854796006,-0.7594299096283988,-1.380573742469106,0.050997261264770256,0.03224078554361997,0.2485897530978847,0,1,6.647688373563329,False,False,False,False,False,False,False,False,False,False,False,False,False,False,False,False,False,False,False,False,False,True,False,False,False,False,True,False,False,False,True,False,False,True,False,False,False,False,True,False
0.4087716575222072,393.9,-0.8621763211399812,-0.2686839084722321,-0.9830802414038966,0.16720896946204622,-0.15053763750671667,-0.09544761854796006,-0.2373144567524018,0.3975688470899499,-1.06943690634874,-1.0647662442321755,-1.071448973483805,0,0,5.978632568292603,False,False,False,False,False,False,True,False,False,False,False,False,False,False,False,False,False,False,False,False,True,False,False,False,False,True,False,False,False,False,True,False,False,True,False,False,False,False,True,False
0.4087716575222072,344.99,-0.8621763211399812,-0.2686839084722321,-0.9830802414038966,0.16720896946204622,-0.15053763750671667,-0.09544761854796006,-0.2373144567524018,-0.5902881471095258,0.050997261264770256,0.03224078554361997,-0.12584653946852056,0,0,5.846409872905957,False,False,False,False,False,False,True,False,False,False,False,False,False,False,False,False,False,False,False,False,True,False,False,False,False,True,False,False,False,False,True,False,True,False,False,False,False,False,True,False
0.2684952630656809,2439.97,1.4987674542268743,-0.3137818258674812,0.3866717676043696,-0.8024958872632796,-0.15053763750671667,-0.09544761854796006,-0.7594299096283988,0.9902830436096349,1.9925438333026217,2.56379546964161,1.7143199243708405,0,1,7.800150780272373,True,False,False,False,False,False,False,False,False,False,False,False,False,False,False,False,False,False,False,False,False,True,False,False,False,False,False,False,False,True,True,False,False,False,True,False,False,False,False,False
0.4087716575222072,498.9,-0.8621763211399812,0.24242582200725737,0.3866717676043696,-0.8024958872632796,-0.15053763750671667,-0.09544761854796006,-0.7594299096283988,-0.5902881471095258,0.050997261264770256,0.03224078554361997,-0.12584653946852056,0,0,6.214408078419525,False,False,False,True,False,False,False,False,False,False,False,False,False,False,False,False,False,False,False,False,True,False,False,False,False,False,True,False,False,False,True,False,True,False,False,False,False,False,False,False
-2.116203442695275,1262.4,-0.07519506268436271,-1.681751986856703,0.3866717676043696,-0.8024958872632796,-0.15053763750671667,-0.09544761854796006,-0.7594299096283988,-2.170859337828687,0.8276158900799108,1.2980181275926148,1.8509636519554826,0,1,7.1415617784646,True,False,False,False,False,False,False,False,False,False,False,False,False,False,False,False,False,False,False,False,False,True,False,False,False,False,False,False,False,True,True,False,False,False,False,False,True,False,True,False
-1.2044068787278503,1518.55,-0.07519506268436271,-1.0052832259279667,0.3866717676043696,-0.8024958872632796,-0.15053763750671667,-0.09544761854796006,-0.7594299096283988,0.0024260494101592586,1.345361642623338,1.8605858351699458,1.8639552457496082,0,1,7.326169517376512,True,False,False,False,False,False,False,False,False,False,False,False,False,False,False,False,False,False,False,False,False,True,False,False,False,False,False,False,False,True,True,False,False,True,False,False,False,False,True,False
0.4087716575222072,745.0,-0.07519506268436271,0.24242582200725737,0.3866717676043696,-0.8024958872632796,-0.15053763750671667,-0.09544761854796006,-0.7594299096283988,0.7927116447697404,0.050997261264770256,0.03224078554361997,-0.12584653946852056,0,0,6.61472560020376,False,False,False,True,False,False,False,False,False,False,False,False,False,False,False,False,False,False,False,False,True,False,False,False,False,False,True,False,False,False,True,False,False,False,True,False,False,False,False,False
0.2684952630656809,2858.0,1.4987674542268743,-0.3137818258674812,1.7564237766126358,-0.8024958872632796,-0.15053763750671667,-0.09544761854796006,-0.21163664759456588,1.1878544424495303,1.9925438333026217,2.56379546964161,1.7143199243708405,0,1,7.958227192322312,True,False,False,False,False,False,False,False,False,False,False,False,False,False,False,False,False,False,False,False,False,True,False,False,False,False,False,False,False,True,True,False,False,False,True,False,False,False,False,False
0.4087716575222072,499.0,-0.07519506268436271,0.24242582200725737,-0.9830802414038966,1.1369138261873721,-0.15053763750671667,-0.09544761854796006,0.8325942581574283,0.19999744825005455,0.050997261264770256,0.03224078554361997,-0.12584653946852056,0,0,6.214608098422191,False,False,False,False,False,False,False,False,False,True,False,False,False,False,False,False,False,False,False,False,True,False,False,False,False,True,False,False,False,False,True,False,True,False,False,False,False,False,False,True
-1.2044068787278503,979.0,-0.07519506268436271,-1.2307728129042124,-0.2982042368997635,-0.8024958872632796,-0.15053763750671667,-0.09544761854796006,-1.0333265406453154,-1.380573742469106,0.050997261264770256,0.03224078554361997,0.4406797470538846,1,1,6.887552571664617,False,False,False,True,False,False,False,False,False,False,False,False,False,False,False,False,False,False,False,False,False,True,False,False,False,False,True,False,False,False,True,False,False,True,False,False,False,False,True,False
-2.396756231608329,191.9,-1.2556669503677904,-1.5915561520662047,-0.9830802414038966,-0.8024958872632796,0.9068776814757729,-0.09544761854796006,-1.2387490139080028,-1.6966879806129387,-1.06943690634874,-1.0647662442321755,-0.26782610021860753,0,0,5.262171919911683,False,True,False,False,False,False,False,False,False,False,False,False,False,False,False,False,False,False,False,True,False,False,False,False,False,False,True,False,False,False,True,False,False,False,False,False,True,False,True,False
0.4087716575222072,999.0,-0.07519506268436271,0.6934049959597477,-0.2982042368997635,1.1369138261873721,-0.15053763750671667,-0.09544761854796006,1.1064908891743448,0.3975688470899499,0.050997261264770256,0.03224078554361997,-0.12584653946852056,0,1,6.907755278982137,False,False,False,False,False,False,False,False,False,True,False,False,False,False,False,False,False,False,True,False,False,False,False,False,False,False,True,False,False,False,True,False,False,True,False,False,False,False,False,True
0.4087716575222072,258.0,-0.8621763211399812,-0.2686839084722321,-0.9830802414038966,0.16720896946204622,-0.15053763750671667,-0.09544761854796006,-0.2373144567524018,-1.5781451413090015,-1.06943690634874,-1.0647662442321755,-1.071448973483805,0,0,5.556828061699537,False,False,False,False,False,False,True,False,False,False,False,False,False,False,False,False,False,False,False,False,True,False,False,False,False,True,False,False,False,False,False,False,False,False,False,False,False,False,False,False
-1.2044068787278503,819.0,-0.07519506268436271,-0.6294672476342246,0.3866717676043696,-0.8024958872632796,-0.15053763750671667,-0.09544761854796006,-0.7594299096283988,-1.380573742469106,0.050997261264770256,0.03224078554361997,0.4406797470538846,1,0,6.709304340258298,False,False,False,True,False,False,False,False,False,False,False,False,False,False,False,False,False,False,False,False,False,False,False,False,False,False,True,False,False,False,True,False,False,True,False,False,False,False,True,False
0.4087716575222072,659.0,-0.07519506268436271,-0.19352071281348393,0.3866717676043696,-0.8024958872632796,-0.15053763750671667,-0.09544761854796006,-0.7594299096283988,-0.9854309447893159,0.050997261264770256,0.03224078554361997,-0.12584653946852056,0,0,6.492239835020471,False,False,False,False,False,False,True,False,False,False,False,False,False,False,False,False,False,False,False,False,False,True,False,False,False,False,True,False,False,False,True,False,False,False,True,False,False,False,True,False
0.4087716575222072,418.64,-0.8621763211399812,0.39275221332475374,-0.9830802414038966,1.1369138261873721,-0.15053763750671667,-0.09544761854796006,0.8325942581574283,-0.5902881471095258,-1.06943690634874,-1.0647662442321755,-1.071448973483805,0,0,6.039397200863284,False,False,False,True,False,False,False,False,False,False,False,False,False,False,False,False,False,False,False,False,True,False,False,False,False,False,True,False,False,False,True,False,True,False,False,False,False,False,True,False
-1.2044068787278503,1099.0,-0.07519506268436271,-1.0353485041914663,-0.9830802414038966,-0.8024958872632796,4.079123638423241,-0.09544761854796006,-1.0333265406453154,-1.380573742469106,-0.9197760247541554,-0.6006478854808774,-0.4397327252444479,0,0,7.003065458786462,True,False,False,False,False,False,False,False,False,False,False,False,False,False,False,False,False,False,False,False,False,True,False,False,False,False,False,False,False,True,True,False,False,True,False,False,False,False,True,False
0.4087716575222072,800.0,-0.07519506268436271,0.24242582200725737,0.3866717676043696,-0.8024958872632796,-0.15053763750671667,-0.09544761854796006,-0.7594299096283988,-1.380573742469106,0.050997261264770256,0.03224078554361997,-0.12584653946852056,0,0,6.68586094706836,False,False,False,True,False,False,False,False,False,False,False,False,False,False,False,False,False,False,False,False,True,False,False,False,False,False,True,False,False,False,True,False,False,True,False,False,False,False,False,False
0.4087716575222072,1298.0,-0.07519506268436271,-0.23861863020873306,1.7564237766126358,-0.8024958872632796,-0.15053763750671667,-0.09544761854796006,-0.21163664759456588,-0.7878595459494211,0.050997261264770256,0.03224078554361997,-0.12584653946852056,0,0,7.1693500166706,False,False,False,True,False,False,False,False,False,False,False,False,False,False,False,False,False,False,False,False,False,True,False,False,False,False,True,False,False,False,True,False,False,False,True,False,False,False,True,False
1.6011210104026858,896.0,-0.07519506268436271,0.6934049959597477,-0.9830802414038966,1.1369138261873721,-0.15053763750671667,-0.09544761854796006,0.8325942581574283,-1.380573742469106,0.050997261264770256,0.03224078554361997,-0.4476204786194528,0,0,6.799055862058796,False,False,False,False,False,False,True,False,False,False,False,False,False,False,False,False,False,False,False,False,True,False,False,False,False,False,True,False,False,False,True,False,False,True,False,False,False,False,False,True
0.4087716575222072,244.99,-0.8621763211399812,-0.22358599107698335,-0.9830802414038966,-0.8024958872632796,1.9642930004582626,-0.09544761854796006,-1.1702748561537737,-1.6966879806129387,0.050997261264770256,0.03224078554361997,-0.12584653946852056,0,0,5.505290884699608,False,False,True,False,False,False,False,False,False,False,False,False,False,False,False,False,False,False,False,False,True,False,False,False,False,False,True,False,False,False,True,False,False,False,False,False,True,False,True,False
-0.713439498130007,199.0,-1.2556669503677904,-0.5843693302389759,-0.9830802414038966,-0.8024958872632796,0.9068776814757729,-0.09544761854796006,-1.2387490139080028,-1.5781451413090015,-1.06943690634874,-1.0647662442321755,-0.8048893079579068,0,0,5.298317366548036,False,True,False,False,False,False,False,False,False,False,False,False,False,False,False,False,False,False,False,False,True,False,False,False,False,False,True,False,False,False,False,False,False,False,False,False,False,False,False,False
1.6011210104026858,439.0,-0.8621763211399812,1.0090904177264912,-0.9830802414038966,0.16720896946204622,-0.15053763750671667,-0.09544761854796006,-0.2373144567524018,0.3975688470899499,0.050997261264770256,0.03224078554361997,-0.4476204786194528,0,0,6.0867747269123065,False,False,False,False,False,False,True,False,False,False,False,False,False,False,False,False,False,False,False,False,True,False,False,False,False,False,True,False,False,False,False,False,False,False,False,False,False,False,False,False
-1.2044068787278503,1869.0,1.4987674542268743,-1.2608380911677117,1.7564237766126358,-0.8024958872632796,-0.15053763750671667,-0.09544761854796006,-0.21163664759456588,-0.9854309447893159,2.6397260239819054,2.56379546964161,3.002343651959864,1,0,7.533693709848633,False,False,False,True,False,False,False,False,False,False,False,False,False,False,False,False,False,False,False,False,False,True,False,False,False,False,True,False,False,False,True,False,False,False,True,False,False,False,True,False
-1.2044068787278503,998.0,-0.07519506268436271,-1.0353485041914663,-0.9830802414038966,-0.8024958872632796,8.308784914353199,-0.09544761854796006,-0.7594299096283988,-1.380573742469106,-0.9197760247541554,-0.6006478854808774,-0.4397327252444479,0,0,6.906754778648554,True,False,False,False,False,False,False,False,False,False,False,False,False,False,False,False,False,False,False,False,False,True,False,False,False,False,False,False,False,True,True,False,False,True,False,False,False,False,True,False
-0.713439498130007,249.0,-0.8621763211399812,-0.9000547520057193,-0.9830802414038966,-0.8024958872632796,1.9642930004582626,-0.09544761854796006,-1.1702748561537737,-2.3684307366685817,-1.06943690634874,-1.0647662442321755,-0.8048893079579068,0,0,5.521460917862246,False,False,False,False,False,False,False,False,False,True,False,False,False,False,False,False,False,False,False,False,True,False,False,False,False,False,True,False,False,False,True,False,False,False,False,False,True,False,True,False
0.4087716575222072,367.0,-0.8621763211399812,0.09209943068976037,-0.9830802414038966,1.1369138261873721,-0.15053763750671667,-0.09544761854796006,0.8325942581574283,0.7927116447697404,-1.06943690634874,-1.0647662442321755,-1.071448973483805,0,0,5.908082938168931,False,False,False,False,False,False,False,False,False,False,False,False,False,False,False,False,False,False,False,False,True,False,False,False,True,False,False,False,False,False,True,False,True,False,False,False,False,False,True,False
1.6011210104026858,979.0,-0.07519506268436271,1.1443841699122381,-0.2982042368997635,1.1369138261873721,-0.15053763750671667,-0.09544761854796006,1.1064908891743448,-1.380573742469106,0.050997261264770256,0.03224078554361997,-0.4476204786194528,0,1,6.887552571664617,False,False,False,True,False,False,False,False,False,False,False,False,False,False,False,False,False,False,False,False,True,False,False,False,False,False,True,False,False,False,True,False,False,True,False,False,False,False,False,False
0.4087716575222072,488.69,-0.8621763211399812,-0.2686839084722321,-0.9830802414038966,1.1369138261873721,-0.15053763750671667,-0.09544761854796006,0.8325942581574283,0.3975688470899499,-1.06943690634874,-1.0647662442321755,-1.071448973483805,0,0,6.193772537834054,False,False,False,False,False,False,True,False,False,False,False,False,False,False,False,False,False,False,False,False,True,False,False,False,False,False,True,False,False,False,True,False,False,True,False,False,False,False,True,False
0.4087716575222072,879.0,-0.07519506268436271,0.09209943068976037,0.3866717676043696,-0.8024958872632796,-0.15053763750671667,-0.09544761854796006,-0.7594299096283988,-1.380573742469106,0.050997261264770256,0.03224078554361997,-0.12584653946852056,0,0,6.779921907472252,False,False,False,False,False,False,True,False,False,False,False,False,False,False,False,False,False,False,False,False,True,False,False,False,False,False,True,False,False,False,True,False,False,True,False,False,False,False,False,True
0.4087716575222072,389.0,-0.8621763211399812,-0.058226960627736635,-0.9830802414038966,1.1369138261873721,-0.15053763750671667,-0.09544761854796006,0.8325942581574283,-0.5902881471095258,0.050997261264770256,0.03224078554361997,-0.12584653946852056,0,0,5.966146739123692,False,True,False,False,False,False,False,False,False,False,False,False,False,False,False,False,False,False,False,False,True,False,False,False,True,False,False,False,False,False,True,False,True,False,False,False,False,False,True,False
0.4087716575222072,1499.0,1.4987674542268743,0.9188945829359929,0.3866717676043696,1.1369138261873721,-0.15053763750671667,-0.09544761854796006,1.3803875201912614,0.9902830436096349,0.050997261264770256,0.03224078554361997,-0.12584653946852056,0,1,7.313220387090301,False,False,False,True,False,False,False,False,False,False,False,False,False,False,False,False,False,False,True,False,False,False,False,False,False,False,True,False,False,False,True,False,False,False,True,False,False,False,False,True
0.4087716575222072,522.99,-0.07519506268436271,0.39275221332475374,-0.9830802414038966,1.1369138261873721,-0.15053763750671667,-0.09544761854796006,0.8325942581574283,0.3975688470899499,-1.06943690634874,-1.0647662442321755,-1.071448973483805,0,0,6.261472600169475,False,True,False,False,False,False,False,False,False,False,False,False,False,False,False,False,False,False,False,False,True,False,False,False,True,False,False,False,False,False,True,False,False,True,False,False,False,False,False,True
0.4087716575222072,682.0,-0.8621763211399812,0.24242582200725737,0.3866717676043696,-0.8024958872632796,-0.15053763750671667,-0.09544761854796006,-0.7594299096283988,-1.380573742469106,0.050997261264770256,0.03224078554361997,-0.12584653946852056,0,1,6.52649485957079,False,False,False,False,False,False,False,False,False,False,False,False,False,False,False,False,False,False,False,False,True,False,False,False,False,False,True,False,False,False,True,False,False,True,False,False,False,False,True,False
1.6011210104026858,999.0,0.7117861957712558,1.0992862525169893,-0.9830802414038966,1.1369138261873721,-0.15053763750671667,-0.09544761854796006,0.8325942581574283,-1.380573742469106,0.050997261264770256,0.03224078554361997,-0.4476204786194528,1,0,6.907755278982137,False,False,False,True,False,False,False,False,False,False,False,False,False,False,False,False,False,False,False,False,False,False,False,False,False,False,True,False,False,False,True,False,False,True,False,False,False,False,False,True
-1.2044068787278503,1419.0,-0.07519506268436271,-1.0052832259279667,0.3866717676043696,-0.8024958872632796,-0.15053763750671667,-0.09544761854796006,-0.7594299096283988,-0.5902881471095258,1.345361642623338,1.8605858351699458,1.8639552457496082,0,1,7.258412150595307,True,False,False,False,False,False,False,False,False,False,False,False,False,False,False,False,False,False,False,False,False,True,False,False,False,False,False,False,False,True,True,False,False,True,False,False,False,False,True,False
0.4087716575222072,369.0,-0.8621763211399812,0.24242582200725737,-0.2982042368997635,-0.8024958872632796,-0.15053763750671667,-0.09544761854796006,-1.0333265406453154,-0.5902881471095258,-1.06943690634874,-1.0647662442321755,-1.071448973483805,0,0,5.91350300563827,False,False,False,False,False,False,False,False,False,True,False,False,False,False,False,False,False,False,False,False,True,False,False,False,False,True,False,False,False,False,True,False,True,False,False,False,False,False,True,False
1.6011210104026858,1299.0,-0.07519506268436271,1.7456897351822263,0.3866717676043696,1.1369138261873721,-0.15053763750671667,-0.09544761854796006,1.3803875201912614,1.3854258412894256,0.050997261264770256,0.03224078554361997,-0.4476204786194528,0,0,7.170119543449628,False,True,False,False,False,False,False,False,False,False,False,False,False,False,False,False,False,False,True,False,False,False,False,False,False,False,True,False,False,False,False,False,False,False,False,False,False,False,False,False
0.4087716575222072,639.0,-0.8621763211399812,0.39275221332475374,0.3866717676043696,-0.8024958872632796,-0.15053763750671667,-0.09544761854796006,-0.7594299096283988,0.3975688470899499,0.050997261264770256,0.03224078554361997,-0.12584653946852056,0,0,6.461468176353717,False,False,False,True,False,False,False,False,False,False,False,False,False,False,False,False,False,False,False,False,True,False,False,False,False,False,True,False,False,False,True,False,False,True,False,False,False,False,False,False
1.6011210104026858,466.0,-0.8621763211399812,1.1443841699122381,-0.9830802414038966,1.1369138261873721,-0.15053763750671667,-0.09544761854796006,0.8325942581574283,-2.3684307366685817,-1.06943690634874,-1.0647662442321755,-1.300425814105269,0,0,6.1463292576688975,False,True,False,False,False,False,False,False,False,False,False,False,False,False,False,False,False,False,False,False,True,False,False,False,False,False,True,False,False,False,True,False,False,False,False,False,True,False,False,True
-3.44882919003228,319.0,-0.8621763211399812,-2.0275026868869457,-0.9830802414038966,-0.8024958872632796,1.9642930004582626,-0.09544761854796006,-1.1702748561537737,-1.6966879806129387,0.050997261264770256,0.4541665662266183,1.7987652840326565,1,1,5.768320995793772,False,False,False,False,False,False,False,False,False,True,False,False,False,False,False,False,False,False,False,False,False,False,False,False,False,False,False,False,False,False,True,False,False,False,False,False,True,False,True,False
0.4087716575222072,841.0,-0.07519506268436271,0.24242582200725737,0.3866717676043696,-0.8024958872632796,-0.15053763750671667,-0.09544761854796006,-0.7594299096283988,-0.9854309447893159,0.050997261264770256,0.03224078554361997,-0.12584653946852056,0,1,6.7357800142423265,False,False,False,False,False,False,False,False,False,False,False,False,False,False,False,False,False,False,False,False,True,False,False,False,False,False,True,False,False,False,True,False,False,False,True,False,False,False,False,True
0.4087716575222072,398.49,-0.8621763211399812,-0.2686839084722321,0.3866717676043696,-0.8024958872632796,-0.15053763750671667,-0.09544761854796006,-0.7594299096283988,0.3975688470899499,0.050997261264770256,0.03224078554361997,-0.12584653946852056,0,0,5.99018873360393,False,False,False,False,False,False,True,False,False,False,False,False,False,False,False,False,False,False,False,False,True,False,False,False,False,False,True,False,False,False,False,False,False,False,False,False,False,False,False,False
-1.2044068787278503,1103.0,-0.07519506268436271,-0.8248915563469708,1.7564237766126358,-0.8024958872632796,-0.15053763750671667,-0.09544761854796006,-0.21163664759456588,-0.9854309447893159,0.050997261264770256,0.03224078554361997,0.4406797470538846,0,0,7.00669522683704,False,False,False,False,False,False,True,False,False,False,False,False,False,False,False,False,False,False,False,False,True,False,False,False,False,False,True,False,False,False,True,False,False,False,True,False,False,False,True,False
0.4087716575222072,384.0,-0.8621763211399812,0.5430786046422508,-0.9830802414038966,1.1369138261873721,-0.15053763750671667,-0.09544761854796006,0.8325942581574283,0.19999744825005455,-1.06943690634874,-1.0647662442321755,-1.071448973483805,0,0,5.953243334287785,False,False,False,False,False,False,False,False,False,False,False,False,False,False,False,False,False,False,False,False,True,False,False,False,False,False,True,False,False,False,True,False,True,False,False,False,False,False,True,False
0.4087716575222072,767.8,-0.07519506268436271,0.13719734808500914,0.3866717676043696,-0.8024958872632796,-0.15053763750671667,-0.09544761854796006,-0.7594299096283988,-0.9854309447893159,0.050997261264770256,0.03224078554361997,-0.12584653946852056,0,0,6.644830857656083,False,False,False,True,False,False,False,False,False,False,False,False,False,False,False,False,False,False,False,False,True,False,False,False,False,False,True,False,False,False,True,False,False,False,True,False,False,False,False,False
0.4087716575222072,439.0,-0.8621763211399812,-0.19352071281348393,-0.2982042368997635,-0.8024958872632796,-0.15053763750671667,-0.09544761854796006,-1.0333265406453154,-0.5902881471095258,0.050997261264770256,0.03224078554361997,-0.12584653946852056,0,0,6.0867747269123065,False,False,False,False,False,False,True,False,False,False,False,False,False,False,False,False,False,False,False,False,True,False,False,False,False,False,True,False,False,False,True,False,True,False,False,False,False,False,True,False
0.4087716575222072,586.19,-0.8621763211399812,-0.058226960627736635,0.3866717676043696,-0.8024958872632796,-0.15053763750671667,-0.09544761854796006,-0.7594299096283988,0.3975688470899499,-1.06943690634874,-1.0647662442321755,-1.071448973483805,0,0,6.375348447182542,False,True,False,False,False,False,False,False,False,False,False,False,False,False,False,False,False,False,False,False,True,False,False,False,False,False,True,False,False,False,True,False,False,True,False,False,False,False,True,False
1.6011210104026858,2449.0,1.4987674542268743,0.5881765220375001,0.3866717676043696,3.0763235396380235,-0.15053763750671667,-0.09544761854796006,3.520204950010921,0.9902830436096349,0.050997261264770256,0.03224078554361997,-0.4476204786194528,0,0,7.803843303538772,False,False,False,False,False,False,False,False,False,False,True,False,False,False,False,False,False,False,True,False,False,False,False,False,False,False,True,False,False,False,True,False,False,False,True,False,False,False,False,True
0.4087716575222072,415.0,-0.8621763211399812,-0.058226960627736635,0.3866717676043696,-0.8024958872632796,-0.15053763750671667,-0.09544761854796006,-0.7594299096283988,-0.5902881471095258,0.050997261264770256,0.03224078554361997,-0.12584653946852056,0,0,6.030685260261263,False,True,False,False,False,False,False,False,False,False,False,False,False,False,False,False,False,False,False,False,True,False,False,False,True,False,False,False,False,False,True,False,True,False,False,False,False,False,True,False
1.6011210104026858,1299.0,1.4987674542268743,1.1443841699122381,0.3866717676043696,3.0763235396380235,-0.15053763750671667,-0.09544761854796006,3.520204950010921,-0.9854309447893159,0.050997261264770256,0.03224078554361997,-0.4476204786194528,0,0,7.170119543449628,False,False,False,True,False,False,False,False,False,False,False,False,False,False,False,False,False,False,False,False,True,False,False,False,False,False,True,False,False,False,True,False,False,False,True,False,False,False,False,False
-0.713439498130007,879.0,-0.07519506268436271,-0.5092061345802273,0.3866717676043696,-0.8024958872632796,-0.15053763750671667,-0.09544761854796006,-0.7594299096283988,-1.380573742469106,0.050997261264770256,0.03224078554361997,0.2485897530978847,0,0,6.779921907472252,False,False,False,True,False,False,False,False,False,False,False,False,False,False,False,False,False,False,False,False,False,True,False,False,False,False,True,False,False,False,True,False,False,True,False,False,False,False,True,False
-0.713439498130007,599.0,-0.07519506268436271,-0.5092061345802273,0.3866717676043696,-0.8024958872632796,-0.15053763750671667,-0.09544761854796006,-0.7594299096283988,0.7927116447697404,0.050997261264770256,0.03224078554361997,0.2485897530978847,0,1,6.396929655216146,False,False,False,False,False,False,False,False,False,True,False,False,False,False,False,False,False,False,False,False,True,False,False,False,False,True,False,False,False,False,True,False,True,False,False,False,False,False,True,False
-0.713439498130007,941.0,-0.07519506268436271,-0.960185308532718,0.3866717676043696,-0.8024958872632796,-0.15053763750671667,-0.09544761854796006,-0.7594299096283988,-1.380573742469106,0.050997261264770256,0.03224078554361997,0.2485897530978847,0,0,6.848005274576363,False,True,False,False,False,False,False,False,False,False,False,False,False,False,False,False,False,False,False,False,True,False,False,False,False,False,True,False,False,False,True,False,False,True,False,False,False,False,True,False
0.4087716575222072,690.0,-0.07519506268436271,-0.2686839084722321,0.3866717676043696,-0.8024958872632796,-0.15053763750671667,-0.09544761854796006,-0.7594299096283988,0.3975688470899499,0.050997261264770256,0.03224078554361997,-0.12584653946852056,0,0,6.53813982376767,False,False,False,False,False,False,True,False,False,False,False,False,False,False,False,False,False,False,False,False,True,False,False,False,False,False,True,False,False,False,True,False,False,True,False,False,False,False,True,False
0.4087716575222072,1983.0,1.4987674542268743,-0.3588797432627303,1.7564237766126358,-0.8024958872632796,-0.15053763750671667,-0.09544761854796006,-0.21163664759456588,0.9902830436096349,0.050997261264770256,0.03224078554361997,-0.12584653946852056,0,0,7.592870287844818,False,True,False,False,False,False,False,False,False,False,False,False,False,False,False,False,False,False,False,False,False,True,False,False,False,False,True,False,False,False,True,False,False,False,True,False,False,False,False,True
0.4087716575222072,438.69,-0.8621763211399812,-0.2686839084722321,-0.9830802414038966,0.16720896946204622,-0.15053763750671667,-0.09544761854796006,-0.2373144567524018,-0.5902881471095258,-1.06943690634874,-1.0647662442321755,-1.071448973483805,0,0,6.086069933148976,False,False,False,False,False,False,True,False,False,False,False,False,False,False,False,False,False,False,False,False,True,False,False,False,False,False,True,False,False,False,True,False,True,False,False,False,False,False,False,False
-0.713439498130007,229.0,-0.8621763211399812,-0.9000547520057193,-0.8118612402778633,-0.8024958872632796,-0.15053763750671667,-0.09544761854796006,-1.2387490139080028,-1.380573742469106,-1.06943690634874,-1.0647662442321755,-0.8048893079579068,0,0,5.438079308923196,False,False,False,False,False,False,True,False,False,False,False,False,False,False,False,False,False,False,False,False,True,False,False,False,False,False,True,False,False,False,True,False,False,False,False,False,True,False,True,False
0.4087716575222072,549.0,-0.8621763211399812,-0.20855335194523364,-0.9830802414038966,1.1369138261873721,-0.15053763750671667,-0.09544761854796006,0.8325942581574283,0.3975688470899499,0.050997261264770256,0.03224078554361997,-0.12584653946852056,0,0,6.309918278226516,False,False,False,False,False,False,False,False,False,True,False,False,False,False,False,False,False,False,False,False,True,False,False,False,False,False,True,False,False,False,True,False,False,True,False,False,False,False,True,False
1.6011210104026858,949.0,0.7117861957712558,1.4450369525472322,-0.9830802414038966,1.1369138261873721,-0.15053763750671667,-0.09544761854796006,0.8325942581574283,0.9902830436096349,0.050997261264770256,0.03224078554361997,-0.4476204786194528,0,0,6.856461984594587,False,True,False,False,False,False,False,False,False,False,False,False,False,False,False,False,False,False,True,False,False,False,False,False,True,False,False,False,False,False,True,False,False,False,True,False,False,False,False,True
-1.064130484271324,1089.0,-0.8621763211399812,-1.1826683676826133,-0.2982042368997635,-0.8024958872632796,-0.15053763750671667,-0.09544761854796006,-1.0333265406453154,0.3975688470899499,0.7305385614780182,1.5230452106235473,1.2575262068595316,1,0,6.993932975223189,False,False,False,False,False,False,False,False,False,False,False,False,True,False,False,False,False,False,False,False,False,True,False,False,False,False,False,True,False,False,True,False,False,True,False,False,False,False,True,False
-1.2044068787278503,955.0,-0.07519506268436271,-0.960185308532718,0.3866717676043696,-0.8024958872632796,-0.15053763750671667,-0.09544761854796006,-0.7594299096283988,-0.9854309447893159,0.050997261264770256,0.03224078554361997,0.4406797470538846,0,1,6.862757913051401,False,False,False,True,False,False,False,False,False,False,False,False,False,False,False,False,False,False,False,False,False,True,False,False,False,False,True,False,False,False,True,False,False,False,True,False,False,False,False,False
0.4087716575222072,870.0,-0.07519506268436271,0.24242582200725737,0.3866717676043696,-0.8024958872632796,-0.15053763750671667,-0.09544761854796006,-0.7594299096283988,-0.9854309447893159,0.050997261264770256,0.03224078554361997,-0.12584653946852056,0,0,6.769641976852503,False,False,False,True,False,False,False,False,False,False,False,False,False,False,False,False,False,False,False,False,True,False,False,False,False,False,True,False,False,False,True,False,False,False,True,False,False,False,False,False
1.6011210104026858,1095.0,-0.07519506268436271,0.9940577785947418,-0.2982042368997635,1.1369138261873721,-0.15053763750671667,-0.09544761854796006,1.1064908891743448,0.3975688470899499,0.050997261264770256,0.03224078554361997,-0.4476204786194528,0,0,6.999422467507961,False,False,False,False,False,False,False,False,False,False,True,False,False,False,False,False,False,False,True,False,False,False,False,False,False,False,True,False,False,False,True,False,False,True,False,False,False,False,False,True
-0.713439498130007,389.0,-0.07519506268436271,0.09209943068976037,-0.9830802414038966,1.1369138261873721,-0.15053763750671667,-0.09544761854796006,0.8325942581574283,-0.5902881471095258,-1.06943690634874,-1.0647662442321755,-0.8048893079579068,0,0,5.966146739123692,False,False,False,False,False,False,False,False,False,False,False,False,False,False,False,False,False,False,False,False,True,False,False,False,False,False,True,False,False,False,True,False,True,False,False,False,False,False,True,False
0.4087716575222072,949.0,-0.07519506268436271,0.24242582200725737,-0.9830802414038966,1.1369138261873721,-0.15053763750671667,-0.09544761854796006,0.8325942581574283,0.9902830436096349,0.050997261264770256,0.03224078554361997,-0.12584653946852056,0,0,6.856461984594587,False,True,False,False,False,False,False,False,False,False,False,False,False,False,False,False,False,False,True,False,False,False,False,False,False,False,True,False,False,False,True,False,False,False,True,False,False,False,False,True
0.4087716575222072,519.0,-0.07519506268436271,0.24242582200725737,-0.9830802414038966,3.0763235396380235,-0.15053763750671667,-0.09544761854796006,2.9724116879770883,0.3975688470899499,0.050997261264770256,0.03224078554361997,-0.12584653946852056,0,0,6.253828811575473,False,False,False,False,False,False,False,False,False,True,False,False,False,False,False,False,False,False,False,False,True,False,False,False,False,True,False,False,False,False,True,False,False,True,False,False,False,False,True,False
0.4087716575222072,855.0,-0.07519506268436271,-0.02816168236423723,-0.2982042368997635,1.1369138261873721,-0.15053763750671667,-0.09544761854796006,1.1064908891743448,-0.9854309447893159,0.050997261264770256,0.03224078554361997,-0.12584653946852056,0,0,6.752270376141742,False,False,False,True,False,False,False,False,False,False,False,False,False,False,False,False,False,False,False,False,True,False,False,False,False,False,True,False,False,False,True,False,False,False,True,False,False,False,True,False
0.4087716575222072,530.0,-0.8621763211399812,0.24242582200725737,-0.9830802414038966,1.1369138261873721,-0.15053763750671667,-0.09544761854796006,0.8325942581574283,0.7927116447697404,0.050997261264770256,0.03224078554361997,-0.12584653946852056,0,0,6.274762021241939,False,False,False,False,False,False,False,False,False,False,False,False,False,False,False,False,False,False,False,False,True,False,False,False,False,False,True,False,False,False,True,False,True,False,False,False,False,False,False,True
1.6011210104026858,977.0,-0.07519506268436271,0.6934049959597477,-0.2982042368997635,1.1369138261873721,-0.15053763750671667,-0.09544761854796006,1.1064908891743448,-1.380573742469106,0.050997261264770256,0.03224078554361997,-0.4476204786194528,0,0,6.885509670034818,False,False,False,False,False,False,True,False,False,False,False,False,False,False,False,False,False,False,False,False,True,False,False,False,False,False,True,False,False,False,True,False,False,True,False,False,False,False,False,True
0.4087716575222072,1096.16,-0.07519506268436271,-0.23861863020873306,0.3866717676043696,-0.8024958872632796,-0.15053763750671667,-0.09544761854796006,-0.7594299096283988,-1.380573742469106,0.050997261264770256,0.03224078554361997,-0.12584653946852056,0,1,7.000480301964336,False,False,False,True,False,False,False,False,False,False,False,False,False,False,False,False,False,False,False,False,False,True,False,False,False,False,True,False,False,False,True,False,False,True,False,False,False,False,True,False
-2.116203442695275,1510.0,-0.07519506268436271,-1.681751986856703,1.7564237766126358,-0.8024958872632796,-0.15053763750671667,-0.09544761854796006,-0.21163664759456588,-1.9732879389887916,0.8276158900799108,1.2980181275926148,1.8509636519554826,0,1,7.32052696227274,True,False,False,False,False,False,False,False,False,False,False,False,False,False,False,False,False,False,False,False,False,True,False,False,False,False,False,False,False,True,True,False,False,True,False,False,False,False,True,False
-0.713439498130007,860.0,-0.07519506268436271,-0.6144346085024752,0.3866717676043696,-0.8024958872632796,-0.15053763750671667,-0.09544761854796006,-0.7594299096283988,-1.380573742469106,0.050997261264770256,0.03224078554361997,0.2485897530978847,0,0,6.7580945044277305,False,False,False,False,False,False,True,False,False,False,False,False,False,False,False,False,False,False,False,False,True,False,False,False,False,False,True,False,False,False,True,False,False,True,False,False,False,False,True,False
0.4087716575222072,399.0,-0.8621763211399812,0.24242582200725737,-0.2982042368997635,-0.8024958872632796,-0.15053763750671667,-0.09544761854796006,-1.0333265406453154,0.3975688470899499,0.050997261264770256,0.03224078554361997,-0.12584653946852056,0,0,5.991464547107982,False,False,False,False,False,False,False,False,False,True,False,False,False,False,False,False,False,False,False,False,True,False,False,False,False,False,True,False,False,False,False,False,False,False,False,False,False,False,False,False
0.4087716575222072,395.0,-0.8621763211399812,0.09209943068976037,-0.9830802414038966,1.1369138261873721,-0.15053763750671667,-0.09544761854796006,0.8325942581574283,1.3854258412894256,-1.06943690634874,-1.0647662442321755,-1.071448973483805,0,0,5.981414211254481,False,False,False,False,False,False,False,False,False,False,False,False,False,False,False,False,False,False,False,False,True,False,False,False,False,False,True,False,False,False,False,False,False,False,False,False,False,False,False,False
0.4087716575222072,1349.0,1.4987674542268743,0.9188945829359929,-0.2982042368997635,1.1369138261873721,-0.15053763750671667,-0.09544761854796006,1.1064908891743448,0.9902830436096349,0.050997261264770256,0.03224078554361997,-0.12584653946852056,0,1,7.2078598714324755,False,False,False,True,False,False,False,False,False,False,False,False,False,False,False,False,False,False,True,False,False,False,False,False,False,False,True,False,False,False,True,False,False,False,True,False,False,False,False,True
0.4087716575222072,699.0,-0.07519506268436271,-0.3137818258674812,0.3866717676043696,-0.8024958872632796,-0.15053763750671667,-0.09544761854796006,-0.7594299096283988,-0.9854309447893159,0.050997261264770256,0.03224078554361997,-0.12584653946852056,0,1,6.551080335043404,False,False,False,False,False,False,True,False,False,False,False,False,False,False,False,False,False,False,False,False,False,True,False,False,False,False,True,False,False,False,True,False,False,False,True,False,False,False,False,True
0.4087716575222072,598.99,-0.07519506268436271,-0.11835751715473544,0.3866717676043696,-0.8024958872632796,-0.15053763750671667,-0.09544761854796006,-0.7594299096283988,0.3975688470899499,0.050997261264770256,0.03224078554361997,-0.12584653946852056,0,0,6.396912988410589,False,False,False,False,False,False,True,False,False,False,False,False,False,False,False,False,False,False,False,False,True,False,False,False,False,False,True,False,False,False,True,False,False,True,False,False,False,False,True,False
0.4087716575222072,1449.0,1.4987674542268743,0.24242582200725737,-0.2982042368997635,1.1369138261873721,-0.15053763750671667,-0.09544761854796006,1.1064908891743448,0.9902830436096349,0.050997261264770256,0.03224078554361997,-0.12584653946852056,0,1,7.27931883541462,False,True,False,False,False,False,False,False,False,False,False,False,False,False,False,False,False,False,True,False,False,False,False,False,False,False,True,False,False,False,True,False,False,False,True,False,False,False,False,True
-1.2044068787278503,1649.0,-0.07519506268436271,-1.245805452035962,0.3866717676043696,-0.8024958872632796,-0.15053763750671667,-0.09544761854796006,-0.7594299096283988,-0.9854309447893159,0.050997261264770256,0.03224078554361997,0.4406797470538846,0,1,7.408530566894626,False,False,False,True,False,False,False,False,False,False,False,False,False,False,False,False,False,False,False,False,False,True,False,False,False,False,True,False,False,False,True,False,False,False,True,False,False,False,True,False
0.4087716575222072,699.0,-0.07519506268436271,0.6182418003009996,-0.9830802414038966,1.1369138261873721,-0.15053763750671667,-0.09544761854796006,0.8325942581574283,1.3854258412894256,0.050997261264770256,0.03224078554361997,-0.12584653946852056,0,0,6.551080335043404,False,True,False,False,False,False,False,False,False,False,False,False,False,False,False,False,False,False,True,False,False,False,False,False,False,False,True,False,False,False,False,False,False,False,False,False,False,False,False,False
0.4087716575222072,689.0,-0.07519506268436271,0.24242582200725737,-0.9830802414038966,1.1369138261873721,-0.15053763750671667,-0.09544761854796006,0.8325942581574283,-0.9854309447893159,0.050997261264770256,0.03224078554361997,-0.12584653946852056,0,0,6.536691597591305,False,False,False,False,False,False,False,False,False,False,False,False,False,False,False,False,False,False,False,False,True,False,False,False,False,False,True,False,False,False,True,False,False,False,True,False,False,False,False,True
-1.2044068787278503,1197.0,1.4987674542268743,-0.8248915563469708,1.7564237766126358,-0.8024958872632796,-0.15053763750671667,-0.09544761854796006,-0.21163664759456588,-0.9854309447893159,0.050997261264770256,0.03224078554361997,0.4406797470538846,0,0,7.088408778675395,False,False,False,False,False,False,True,False,False,False,False,False,False,False,False,False,False,False,False,False,True,False,False,False,False,False,True,False,False,False,True,False,False,False,True,False,False,False,True,False
0.4087716575222072,1195.0,-0.07519506268436271,0.9188945829359929,0.3866717676043696,-0.8024958872632796,-0.15053763750671667,-0.09544761854796006,-0.7594299096283988,0.3975688470899499,0.050997261264770256,0.03224078554361997,-0.12584653946852056,0,0,7.086737934510577,False,False,False,True,False,False,False,False,False,False,False,False,False,False,False,False,False,False,True,False,False,False,False,False,False,False,True,False,False,False,True,False,False,True,False,False,False,False,False,True
-0.713439498130007,1049.0,-0.07519506268436271,-1.185674895508963,0.3866717676043696,-0.8024958872632796,-0.15053763750671667,-0.09544761854796006,-0.7594299096283988,0.7927116447697404,0.050997261264770256,0.03224078554361997,0.2485897530978847,0,0,6.956545443151569,False,True,False,False,False,False,False,False,False,False,False,False,False,False,False,False,False,False,False,False,False,True,False,False,False,False,True,False,False,False,True,False,False,False,True,False,False,False,True,False
-1.2044068787278503,847.0,-0.07519506268436271,-0.809858917215221,0.3866717676043696,-0.8024958872632796,-0.15053763750671667,-0.09544761854796006,-0.7594299096283988,-1.380573742469106,0.050997261264770256,0.03224078554361997,0.4406797470538846,1,1,6.742880635791903,False,False,False,False,False,False,False,False,False,False,False,False,False,False,False,False,False,False,False,False,False,False,False,False,False,False,True,False,False,False,True,False,False,True,False,False,False,False,True,False
0.4087716575222072,599.9,-0.07519506268436271,0.24242582200725737,-0.9830802414038966,1.1369138261873721,-0.15053763750671667,-0.09544761854796006,0.8325942581574283,0.7927116447697404,0.050997261264770256,0.03224078554361997,-0.12584653946852056,0,0,6.398428531339882,False,False,False,True,False,False,False,False,False,False,False,False,False,False,False,False,False,False,False,False,True,False,False,False,True,False,False,False,False,False,True,False,False,False,True,False,False,False,False,False
0.4087716575222072,485.0,-0.8621763211399812,0.24242582200725737,0.3866717676043696,-0.8024958872632796,-0.15053763750671667,-0.09544761854796006,-0.7594299096283988,-0.5902881471095258,0.050997261264770256,0.03224078554361997,-0.12584653946852056,0,0,6.186208623900494,False,False,False,True,False,False,False,False,False,False,False,False,False,False,False,False,False,False,False,False,True,False,False,False,True,False,False,False,False,False,True,False,True,False,False,False,False,False,False,False
0.4087716575222072,577.0,-0.46868569191217196,-0.058226960627736635,0.3866717676043696,-0.8024958872632796,-0.15053763750671667,-0.09544761854796006,-0.7594299096283988,0.19999744825005455,0.050997261264770256,0.03224078554361997,-0.12584653946852056,0,0,6.359573868672378,False,True,False,False,False,False,False,False,False,False,False,False,False,False,False,False,False,False,False,False,True,False,False,False,False,False,True,False,False,False,True,False,True,False,False,False,False,False,False,True
0.4087716575222072,1249.0,0.7117861957712558,0.8737966655407442,-0.2982042368997635,1.1369138261873721,-0.15053763750671667,-0.09544761854796006,1.1064908891743448,0.9902830436096349,0.050997261264770256,0.03224078554361997,-0.12584653946852056,0,1,7.1308988302963465,False,False,False,False,False,False,True,False,False,False,False,False,False,False,False,False,False,False,True,False,False,False,False,False,False,False,True,False,False,False,True,False,False,False,True,False,False,False,False,True
0.4087716575222072,719.0,-0.07519506268436271,-0.19352071281348393,0.3866717676043696,-0.8024958872632796,-0.15053763750671667,-0.09544761854796006,-0.7594299096283988,0.7927116447697404,0.050997261264770256,0.03224078554361997,-0.12584653946852056,0,0,6.579251212010101,False,False,False,False,False,False,True,False,False,False,False,False,False,False,False,False,False,False,False,False,True,False,False,False,False,False,True,False,False,False,True,False,False,False,True,False,False,False,False,False
0.4087716575222072,349.0,-0.8621763211399812,0.09209943068976037,-0.9830802414038966,0.16720896946204622,-0.15053763750671667,-0.09544761854796006,-0.2373144567524018,-1.5781451413090015,0.050997261264770256,0.03224078554361997,-0.12584653946852056,0,0,5.857933154483459,False,False,False,False,False,False,True,False,False,False,False,False,False,False,False,False,False,False,False,False,True,False,False,False,False,False,True,False,False,False,False,False,False,False,False,False,False,False,False,False
0.4087716575222072,647.0,-0.07519506268436271,0.24242582200725737,-0.9830802414038966,1.1369138261873721,-0.15053763750671667,-0.09544761854796006,0.8325942581574283,-1.380573742469106,0.050997261264770256,0.03224078554361997,-0.12584653946852056,0,0,6.473890696352274,False,False,False,True,False,False,False,False,False,False,False,False,False,False,False,False,False,False,False,False,True,False,False,False,True,False,False,False,False,False,True,False,False,True,False,False,False,False,False,False
-1.2044068787278503,1119.0,-0.07519506268436271,-0.9902505867962175,0.3866717676043696,-0.8024958872632796,-0.15053763750671667,-0.09544761854796006,-0.7594299096283988,0.7927116447697404,0.050997261264770256,0.03224078554361997,0.4406797470538846,0,1,7.02108396428914,False,False,False,False,False,False,True,False,False,False,False,False,False,False,False,False,False,False,False,False,False,True,False,False,False,False,True,False,False,False,True,False,False,False,True,False,False,False,False,True
-1.064130484271324,1340.0,-0.07519506268436271,-1.1826683676826133,0.3866717676043696,-0.8024958872632796,-0.15053763750671667,-0.09544761854796006,-0.7594299096283988,0.3975688470899499,0.7305385614780182,1.5230452106235473,1.2575262068595316,1,0,7.201170883281678,False,False,False,False,False,False,False,False,False,False,False,False,True,False,False,False,False,False,False,False,False,True,False,False,False,False,False,True,False,False,True,False,False,True,False,False,False,False,True,False
-0.713439498130007,659.0,-0.46868569191217196,-0.6895978041612234,0.3866717676043696,-0.8024958872632796,-0.15053763750671667,-0.09544761854796006,-0.7594299096283988,0.3975688470899499,0.050997261264770256,0.03224078554361997,0.2485897530978847,0,1,6.492239835020471,False,False,False,False,False,False,True,False,False,False,False,False,False,False,False,False,False,False,False,False,True,False,False,False,False,False,True,False,False,False,True,False,False,True,False,False,False,False,False,True
0.4087716575222072,414.9,-0.8621763211399812,-0.2837165476039818,-0.9830802414038966,1.1369138261873721,-0.15053763750671667,-0.09544761854796006,0.8325942581574283,-0.5902881471095258,0.050997261264770256,0.03224078554361997,-0.12584653946852056,0,0,6.030444846748866,False,False,False,False,False,False,False,False,False,True,False,False,False,False,False,False,False,False,False,False,True,False,False,False,False,False,True,False,False,False,True,False,True,False,False,False,False,False,True,False
-0.713439498130007,1193.0,-0.07519506268436271,-1.1105116998502147,0.3866717676043696,-0.8024958872632796,-0.15053763750671667,-0.09544761854796006,-0.7594299096283988,0.7927116447697404,0.050997261264770256,0.03224078554361997,0.2485897530978847,0,1,7.085064293952548,False,True,False,False,False,False,False,False,False,False,False,False,False,False,False,False,False,False,False,False,False,True,False,False,False,False,True,False,False,False,True,False,False,False,True,False,False,False,False,True
0.4087716575222072,1299.0,1.4987674542268743,0.24242582200725737,0.3866717676043696,1.1369138261873721,-0.15053763750671667,-0.09544761854796006,1.3803875201912614,0.9902830436096349,0.050997261264770256,0.03224078554361997,-0.12584653946852056,0,0,7.170119543449628,False,False,False,False,False,False,False,False,False,False,True,False,False,False,False,False,False,False,True,False,False,False,False,False,False,False,True,False,False,False,True,False,False,False,True,False,False,False,False,True
-0.713439498130007,1480.0,-0.07519506268436271,-0.6895978041612234,0.3866717676043696,-0.8024958872632796,-0.15053763750671667,-0.09544761854796006,-0.7594299096283988,0.7927116447697404,0.050997261264770256,0.03224078554361997,0.2485897530978847,0,1,7.300472814267799,False,False,False,False,False,False,False,False,False,True,False,False,False,False,False,False,False,False,False,False,True,False,False,False,False,False,True,False,False,False,True,False,False,False,True,False,False,False,True,False
0.4087716575222072,1262.0,1.4987674542268743,-0.809858917215221,0.3866717676043696,1.1369138261873721,-0.15053763750671667,-0.09544761854796006,1.3803875201912614,-0.9854309447893159,0.050997261264770256,0.03224078554361997,-0.12584653946852056,0,0,7.141245122350491,False,True,False,False,False,False,False,False,False,False,False,False,False,False,False,False,False,False,False,False,False,True,False,False,False,False,True,False,False,False,True,False,False,False,True,False,False,False,False,True
-1.2044068787278503,1379.0,-0.07519506268436271,-1.2157401737724627,0.3866717676043696,-0.8024958872632796,-0.15053763750671667,-0.09544761854796006,-0.7594299096283988,0.19999744825005455,2.6397260239819054,2.56379546964161,3.002343651959864,1,0,7.22983877815125,False,False,False,True,False,False,False,False,False,False,False,False,False,False,False,False,False,False,False,False,False,True,False,False,False,False,True,False,False,False,True,False,False,False,True,False,False,False,True,False
-1.2044068787278503,1399.0,-0.07519506268436271,-1.0052832259279667,0.3866717676043696,-0.8024958872632796,-0.15053763750671667,-0.09544761854796006,-0.7594299096283988,0.3975688470899499,0.050997261264770256,0.03224078554361997,0.4406797470538846,1,1,7.24422751560335,False,False,False,False,False,False,False,False,False,True,False,False,False,False,False,False,False,False,False,False,False,False,False,False,False,False,True,False,False,False,True,False,False,True,False,False,False,False,True,False
-0.713439498130007,722.0,-0.8621763211399812,-0.6144346085024752,-0.9830802414038966,0.16720896946204622,-0.15053763750671667,-0.09544761854796006,-0.2373144567524018,-1.380573742469106,-1.06943690634874,-1.0647662442321755,-0.8048893079579068,0,1,6.583409222158765,False,False,False,False,False,False,True,False,False,False,False,False,False,False,False,False,False,False,False,False,True,False,False,False,False,False,True,False,False,False,True,False,False,True,False,False,False,False,True,False
-1.2044068787278503,1629.0,-0.07519506268436271,-1.245805452035962,0.3866717676043696,-0.8024958872632796,-0.15053763750671667,-0.09544761854796006,-0.7594299096283988,-1.380573742469106,0.050997261264770256,0.03224078554361997,0.4406797470538846,0,1,7.396335293800808,False,False,False,True,False,False,False,False,False,False,False,False,False,False,False,False,False,False,False,False,False,True,False,False,False,False,True,False,False,False,True,False,False,True,False,False,False,False,True,False
-1.2044068787278503,1398.99,-0.07519506268436271,-1.1706422563772134,0.3866717676043696,-0.8024958872632796,-0.15053763750671667,-0.09544761854796006,-0.7594299096283988,-1.380573742469106,0.050997261264770256,0.03224078554361997,0.4406797470538846,1,1,7.244220372720696,False,False,False,False,False,False,True,False,False,False,False,False,False,False,False,False,False,False,False,False,False,False,False,False,False,False,True,False,False,False,True,False,False,True,False,False,False,False,True,False
-0.713439498130007,1084.0,-0.07519506268436271,-0.6144346085024752,1.7564237766126358,-0.8024958872632796,-0.15053763750671667,-0.09544761854796006,-0.21163664759456588,-0.9854309447893159,0.050997261264770256,0.03224078554361997,0.2485897530978847,0,0,6.98933526597456,False,False,False,False,False,False,True,False,False,False,False,False,False,False,False,False,False,False,False,False,True,False,False,False,False,False,True,False,False,False,True,False,False,False,True,False,False,False,True,False
0.4087716575222072,1130.33,-0.07519506268436271,0.1822952654802586,0.3866717676043696,1.1369138261873721,-0.15053763750671667,-0.09544761854796006,1.3803875201912614,-0.9854309447893159,0.050997261264770256,0.03224078554361997,-0.12584653946852056,0,1,7.031149210745764,False,False,False,True,False,False,False,False,False,False,False,False,False,False,False,False,False,False,False,False,True,False,False,False,False,False,True,False,False,False,True,False,False,False,True,False,False,False,False,True
1.6011210104026858,564.0,-0.8621763211399812,-0.058226960627736635,-0.9830802414038966,1.1369138261873721,-0.15053763750671667,-0.09544761854796006,0.8325942581574283,-0.5902881471095258,0.050997261264770256,0.03224078554361997,-0.4476204786194528,0,0,6.336825731146441,False,True,False,False,False,False,False,False,False,False,False,False,False,False,False,False,False,False,False,False,True,False,False,False,False,False,True,False,False,False,True,False,True,False,False,False,False,False,False,True
0.4087716575222072,1118.0,-0.07519506268436271,-0.5092061345802273,0.3866717676043696,-0.8024958872632796,-0.15053763750671667,-0.09544761854796006,-0.7594299096283988,-0.9854309447893159,0.050997261264770256,0.03224078554361997,-0.12584653946852056,0,0,7.020190708311925,False,True,False,False,False,False,False,False,False,False,False,False,False,False,False,False,False,False,False,False,True,False,False,False,False,False,True,False,False,False,True,False,False,False,True,False,False,False,False,True
0.4087716575222072,479.0,-0.46868569191217196,0.09209943068976037,-0.9830802414038966,1.1369138261873721,-0.15053763750671667,-0.09544761854796006,0.8325942581574283,0.19999744825005455,0.050997261264770256,0.03224078554361997,-0.12584653946852056,1,1,6.173786103901937,False,False,False,False,False,False,False,False,False,False,False,False,False,False,False,False,False,False,False,False,True,False,False,False,False,False,True,False,False,False,True,False,True,False,False,False,False,False,True,False
0.4087716575222072,2241.5,1.4987674542268743,-0.3588797432627303,0.3866717676043696,3.0763235396380235,-0.15053763750671667,-0.09544761854796006,3.520204950010921,0.9902830436096349,0.050997261264770256,0.03224078554361997,-0.12584653946852056,0,0,7.715346593932951,False,False,False,False,False,False,False,False,False,False,True,False,False,False,False,False,False,False,True,False,False,False,False,False,False,False,True,False,False,False,True,False,False,False,True,False,False,False,False,True
0.4087716575222072,629.0,-0.07519506268436271,0.24242582200725737,0.3866717676043696,-0.8024958872632796,-0.15053763750671667,-0.09544761854796006,-0.7594299096283988,0.3975688470899499,0.050997261264770256,0.03224078554361997,-0.12584653946852056,0,0,6.4457198193855785,False,False,False,False,False,False,False,False,False,True,False,False,False,False,False,False,False,False,False,False,True,False,False,False,False,True,False,False,False,False,True,False,False,True,False,False,False,False,False,True
1.6011210104026858,1271.0,1.4987674542268743,0.6934049959597477,1.7564237766126358,-0.8024958872632796,-0.15053763750671667,-0.09544761854796006,-0.21163664759456588,-0.9854309447893159,0.050997261264770256,0.03224078554361997,-0.4476204786194528,0,0,7.148345743900068,False,False,False,False,False,False,True,False,False,False,False,False,False,False,False,False,False,False,False,False,True,False,False,False,False,False,True,False,False,False,True,False,False,False,True,False,False,False,False,True
0.4087716575222072,451.0,-0.8621763211399812,0.09209943068976037,0.3866717676043696,-0.8024958872632796,-0.15053763750671667,-0.09544761854796006,-0.7594299096283988,1.3854258412894256,-1.06943690634874,-1.0647662442321755,-1.071448973483805,0,0,6.113682179832232,False,False,False,False,False,False,False,False,False,False,False,False,False,False,False,False,False,False,False,False,True,False,False,False,False,False,True,False,False,False,False,False,False,False,False,False,False,False,False,False
0.4087716575222072,259.0,-0.8621763211399812,-0.2686839084722321,-0.9830802414038966,0.16720896946204622,-0.15053763750671667,-0.09544761854796006,-0.2373144567524018,-1.380573742469106,-1.06943690634874,-1.0647662442321755,-1.071448973483805,0,0,5.560681631015528,False,False,False,False,False,False,True,False,False,False,False,False,False,False,False,False,False,False,False,False,True,False,False,False,False,True,False,False,False,False,True,False,False,False,False,False,True,False,True,False
-0.713439498130007,812.0,-0.07519506268436271,-0.6144346085024752,-0.9830802414038966,1.1369138261873721,-0.15053763750671667,-0.09544761854796006,0.8325942581574283,-1.380573742469106,0.050997261264770256,0.03224078554361997,0.2485897530978847,0,0,6.70073110954781,False,False,False,False,False,False,True,False,False,False,False,False,False,False,False,False,False,False,False,False,True,False,False,False,False,False,True,False,False,False,True,False,False,True,False,False,False,False,True,False
-0.713439498130007,277.99,-0.8621763211399812,-0.5843693302389759,-0.64064223915183,-0.8024958872632796,-0.15053763750671667,-0.09544761854796006,-1.1702748561537737,-1.5781451413090015,-1.06943690634874,-1.0647662442321755,-0.8048893079579068,0,0,5.631175938885108,False,True,False,False,False,False,False,False,False,False,False,False,False,False,False,False,False,False,False,False,True,False,False,False,False,False,False,True,False,False,False,False,False,False,False,False,False,False,False,False
1.6011210104026858,1396.0,1.4987674542268743,1.1443841699122381,0.3866717676043696,3.0763235396380235,-0.15053763750671667,-0.09544761854796006,3.520204950010921,-0.9854309447893159,0.050997261264770256,0.03224078554361997,-0.4476204786194528,0,0,7.242082359256962,False,False,False,True,False,False,False,False,False,False,False,False,False,False,False,False,False,False,False,False,True,False,False,False,False,False,True,False,False,False,True,False,False,False,True,False,False,False,False,False
1.6011210104026858,928.0,-0.07519506268436271,0.6934049959597477,0.3866717676043696,-0.8024958872632796,-0.15053763750671667,-0.09544761854796006,-0.7594299096283988,-1.380573742469106,0.050997261264770256,0.03224078554361997,-0.4476204786194528,0,0,6.834108738813838,False,False,False,False,False,False,True,False,False,False,False,False,False,False,False,False,False,False,False,False,True,False,False,False,False,False,True,False,False,False,True,False,False,True,False,False,False,False,True,False
0.4087716575222072,638.99,-0.07519506268436271,0.48294804811525194,-0.9830802414038966,1.1369138261873721,-0.15053763750671667,-0.09544761854796006,0.8325942581574283,0.3975688470899499,-1.06943690634874,-1.0647662442321755,-1.071448973483805,0,0,6.461452551231646,False,False,False,True,False,False,False,False,False,False,False,False,False,False,False,False,False,False,False,False,True,False,False,False,False,False,True,False,False,False,True,False,False,True,False,False,False,False,False,False
0.4087716575222072,449.0,-0.8621763211399812,0.24242582200725737,-0.9830802414038966,1.1369138261873721,-0.15053763750671667,-0.09544761854796006,0.8325942581574283,-0.5902881471095258,0.050997261264770256,0.03224078554361997,-0.12584653946852056,0,0,6.1092475827643655,False,False,False,True,False,False,False,False,False,False,False,False,False,False,False,False,False,False,False,False,True,False,False,False,False,False,True,False,False,False,True,False,True,False,False,False,False,False,False,False
-0.713439498130007,884.0,-0.07519506268436271,-0.659532525897724,0.3866717676043696,-0.8024958872632796,-0.15053763750671667,-0.09544761854796006,-0.7594299096283988,-0.9854309447893159,0.050997261264770256,0.03224078554361997,0.2485897530978847,0,1,6.785587645007929,False,False,False,False,False,False,False,False,False,False,False,False,False,False,False,False,False,False,False,False,False,True,False,False,False,False,True,False,False,False,True,False,False,False,True,False,False,False,True,False
0.4087716575222072,572.0,-0.8621763211399812,0.24242582200725737,0.3866717676043696,-0.8024958872632796,-0.15053763750671667,-0.09544761854796006,-0.7594299096283988,0.7927116447697404,0.050997261264770256,0.03224078554361997,-0.12584653946852056,0,0,6.35088571671474,False,False,False,False,False,False,False,False,False,False,False,False,False,False,False,False,False,False,False,False,True,False,False,False,False,False,True,False,False,False,True,False,True,False,False,False,False,False,False,True
0.4087716575222072,598.0,-0.07519506268436271,0.016936235031011538,-0.9830802414038966,1.1369138261873721,-0.15053763750671667,-0.09544761854796006,0.8325942581574283,0.7927116447697404,-1.06943690634874,-1.0647662442321755,-1.071448973483805,0,0,6.395261598115449,False,False,False,False,False,False,True,False,False,False,False,False,False,False,False,False,False,False,False,False,True,False,False,False,False,False,True,False,False,False,True,False,False,False,True,False,False,False,True,False
-0.713439498130007,988.0,-0.07519506268436271,-0.6144346085024752,0.3866717676043696,-0.8024958872632796,-0.15053763750671667,-0.09544761854796006,-0.7594299096283988,-0.9854309447893159,0.050997261264770256,0.03224078554361997,0.2485897530978847,0,0,6.8966943316227125,False,False,False,False,False,False,True,False,False,False,False,False,False,False,False,False,False,False,False,False,True,False,False,False,False,False,True,False,False,False,True,False,False,False,True,False,False,False,True,False
0.4087716575222072,252.36,-0.8621763211399812,-0.20855335194523364,-0.9830802414038966,1.1369138261873721,-0.15053763750671667,-0.09544761854796006,0.8325942581574283,-2.3684307366685817,-1.06943690634874,-1.0647662442321755,-1.071448973483805,0,0,5.5348114022303845,False,False,False,False,False,False,False,False,False,True,False,False,False,False,False,False,False,False,False,False,True,False,False,False,False,True,False,False,False,False,True,False,False,False,False,False,True,False,True,False
1.6011210104026858,938.0,-0.07519506268436271,1.4450369525472322,-0.2982042368997635,1.1369138261873721,-0.15053763750671667,-0.09544761854796006,1.1064908891743448,0.3975688470899499,0.050997261264770256,0.03224078554361997,-0.4476204786194528,0,0,6.844815479208263,False,True,False,False,False,False,False,False,False,False,False,False,False,False,False,False,False,False,True,False,False,False,False,False,False,False,True,False,False,False,True,False,False,True,False,False,False,False,False,True
0.4087716575222072,499.0,-0.8621763211399812,0.24242582200725737,-0.9830802414038966,1.1369138261873721,-0.15053763750671667,-0.09544761854796006,0.8325942581574283,0.3975688470899499,0.050997261264770256,0.03224078554361997,-0.12584653946852056,0,0,6.214608098422191,False,False,False,False,False,False,False,False,False,True,False,False,False,False,False,False,False,False,False,False,True,False,False,False,False,True,False,False,False,False,True,False,False,True,False,False,False,False,False,True
-1.2044068787278503,699.0,-0.8621763211399812,-1.0804464215867153,0.3866717676043696,-0.8024958872632796,-0.15053763750671667,-0.09544761854796006,-0.7594299096283988,0.3975688470899499,0.050997261264770256,0.03224078554361997,0.4406797470538846,0,1,6.551080335043404,False,False,False,False,False,False,True,False,False,False,False,False,False,False,False,False,False,False,False,False,True,False,False,False,False,False,True,False,False,False,True,False,False,True,False,False,False,False,True,False
1.6011210104026858,655.0,-0.8621763211399812,1.4450369525472322,-0.9830802414038966,1.1369138261873721,-0.15053763750671667,-0.09544761854796006,0.8325942581574283,0.7927116447697404,0.050997261264770256,0.03224078554361997,-0.4476204786194528,0,1,6.486160788944089,False,False,False,False,False,False,False,False,False,False,False,False,False,False,False,False,False,False,False,False,True,False,False,False,False,False,True,False,False,False,True,False,True,False,False,False,False,False,False,True
-0.713439498130007,1116.02,-0.07519506268436271,-0.4340429389214788,0.3866717676043696,-0.8024958872632796,-0.15053763750671667,-0.09544761854796006,-0.7594299096283988,-1.380573742469106,0.050997261264770256,0.03224078554361997,0.2485897530978847,0,1,7.018419704011861,False,False,False,False,False,False,False,False,False,True,False,False,False,False,False,False,False,False,False,False,True,False,False,False,False,False,True,False,False,False,True,False,False,True,False,False,False,False,False,False
0.4087716575222072,869.0,-0.07519506268436271,0.5430786046422508,0.3866717676043696,-0.8024958872632796,-0.15053763750671667,-0.09544761854796006,-0.7594299096283988,0.9902830436096349,0.050997261264770256,0.03224078554361997,-0.12584653946852056,0,1,6.76849321164863,False,False,False,False,False,False,False,False,False,True,False,False,False,False,False,False,False,False,True,False,False,False,False,False,False,True,False,False,False,False,True,False,False,False,True,False,False,False,False,True
0.4087716575222072,602.0,-0.8621763211399812,0.09209943068976037,-0.9830802414038966,0.16720896946204622,-0.15053763750671667,-0.09544761854796006,-0.2373144567524018,0.0024260494101592586,-1.06943690634874,-1.0647662442321755,-1.071448973483805,0,0,6.401917196727186,False,False,False,False,False,False,False,False,False,False,False,False,False,False,False,True,False,False,False,False,True,False,False,False,False,False,True,False,False,False,True,False,False,True,False,False,False,False,True,False
0.4087716575222072,369.0,-0.8621763211399812,-0.2686839084722321,0.3866717676043696,-0.8024958872632796,-0.15053763750671667,-0.09544761854796006,-0.7594299096283988,0.3975688470899499,-1.06943690634874,-1.0647662442321755,-1.071448973483805,0,0,5.91350300563827,False,False,False,False,False,False,True,False,False,False,False,False,False,False,False,False,False,False,False,False,True,False,False,False,False,False,True,False,False,False,False,False,False,False,False,False,False,False,False,False
-0.713439498130007,1099.0,-0.07519506268436271,-1.185674895508963,0.3866717676043696,-0.8024958872632796,-0.15053763750671667,-0.09544761854796006,-0.7594299096283988,-0.9854309447893159,0.050997261264770256,0.03224078554361997,0.2485897530978847,0,0,7.003065458786462,False,True,False,False,False,False,False,False,False,False,False,False,False,False,False,False,False,False,False,False,False,True,False,False,False,False,True,False,False,False,True,False,False,False,True,False,False,False,True,False
-1.765512456553958,2014.0,-0.07519506268436271,-1.6065887911979544,1.7564237766126358,-0.8024958872632796,-0.15053763750671667,-0.09544761854796006,-0.21163664759456588,-2.170859337828687,3.934090405340473,3.8295728116906047,4.7752322193653605,1,1,7.608374474380783,False,False,False,False,False,False,True,False,False,False,False,False,False,False,False,False,False,False,False,False,False,True,False,False,False,False,True,False,False,False,True,False,False,False,False,False,True,False,True,False
0.4087716575222072,344.0,-0.8621763211399812,-0.058226960627736635,-0.9830802414038966,1.1369138261873721,-0.15053763750671667,-0.09544761854796006,0.8325942581574283,-2.3684307366685817,0.050997261264770256,0.03224078554361997,-0.12584653946852056,0,0,5.84354441703136,False,True,False,False,False,False,False,False,False,False,False,False,False,False,False,False,False,False,False,False,True,False,False,False,False,False,True,False,False,False,True,False,False,False,False,False,True,False,True,False
1.6011210104026858,2029.0,1.4987674542268743,1.2947105612297352,0.3866717676043696,1.1369138261873721,-0.15053763750671667,-0.09544761854796006,1.3803875201912614,0.9902830436096349,0.050997261264770256,0.03224078554361997,-0.4476204786194528,0,0,7.615791072035833,False,False,False,False,False,False,False,False,False,False,True,False,False,False,False,False,False,False,True,False,False,False,False,False,False,False,True,False,False,False,True,False,False,False,True,False,False,False,False,True
0.4087716575222072,447.0,-0.8621763211399812,0.09209943068976037,-0.9830802414038966,1.1369138261873721,-0.15053763750671667,-0.09544761854796006,0.8325942581574283,-0.5902881471095258,-1.06943690634874,-1.0647662442321755,-1.071448973483805,0,0,6.104793232414985,False,False,False,False,False,False,False,False,False,False,False,False,False,False,False,False,False,False,False,False,True,False,False,False,False,False,True,False,False,False,True,False,True,False,False,False,False,False,True,False
0.4087716575222072,1249.26,1.4987674542268743,0.783600830750246,1.7564237766126358,-0.8024958872632796,-0.15053763750671667,-0.09544761854796006,-0.21163664759456588,0.9902830436096349,0.050997261264770256,0.03224078554361997,-0.12584653946852056,0,0,7.131106808667346,False,False,False,True,False,False,False,False,False,False,False,False,False,False,False,False,False,False,True,False,False,False,False,False,False,False,True,False,False,False,True,False,False,False,True,False,False,False,False,True
0.4087716575222072,899.0,-0.07519506268436271,0.8737966655407442,-0.9830802414038966,-0.8024958872632796,-0.15053763750671667,10.711664561500005,0.8325942581574283,0.9902830436096349,0.050997261264770256,0.03224078554361997,-0.12584653946852056,0,0,6.802394763324311,False,False,False,True,False,False,False,False,False,False,False,False,False,False,False,False,False,False,True,False,False,False,False,False,False,False,True,False,False,False,True,False,False,False,True,False,False,False,False,True
0.4087716575222072,498.0,-0.8621763211399812,-0.20855335194523364,-0.2982042368997635,-0.8024958872632796,-0.15053763750671667,-0.09544761854796006,-1.0333265406453154,0.3975688470899499,-1.06943690634874,-1.0647662442321755,-1.071448973483805,0,0,6.212606095751519,False,False,False,False,False,False,False,False,False,True,False,False,False,False,False,False,False,False,False,False,True,False,False,False,False,False,True,False,False,False,True,False,False,True,False,False,False,False,True,False
1.6011210104026858,1890.0,1.4987674542268743,1.1443841699122381,0.3866717676043696,1.1369138261873721,-0.15053763750671667,-0.09544761854796006,1.3803875201912614,0.9902830436096349,0.050997261264770256,0.03224078554361997,-0.4476204786194528,0,0,7.544861068658458,False,False,False,False,False,False,False,False,False,False,True,False,False,False,False,False,False,False,True,False,False,False,False,False,False,False,True,False,False,False,True,False,False,False,True,False,False,False,False,True
-0.713439498130007,1082.0,-0.8621763211399812,-0.8399241954787204,0.3866717676043696,-0.8024958872632796,-0.15053763750671667,-0.09544761854796006,-0.7594299096283988,0.7927116447697404,0.050997261264770256,0.03224078554361997,0.2485897530978847,0,0,6.9874902470009905,False,False,False,False,False,False,True,False,False,False,False,False,False,False,False,False,False,False,False,False,False,True,False,False,False,False,True,False,False,False,True,False,False,True,False,False,False,False,True,False
0.4087716575222072,619.0,-0.46868569191217196,-0.19352071281348393,0.3866717676043696,-0.8024958872632796,-0.15053763750671667,-0.09544761854796006,-0.7594299096283988,-1.380573742469106,0.050997261264770256,0.03224078554361997,-0.12584653946852056,0,0,6.429719478039138,False,False,False,False,False,False,True,False,False,False,False,False,False,False,False,False,False,False,False,False,True,False,False,False,False,False,True,False,False,False,True,False,False,True,False,False,False,False,False,False
-0.713439498130007,629.0,-0.8621763211399812,-0.4490755780532285,0.3866717676043696,-0.8024958872632796,-0.15053763750671667,-0.09544761854796006,-0.7594299096283988,0.19999744825005455,0.050997261264770256,0.03224078554361997,0.2485897530978847,1,1,6.4457198193855785,False,False,False,False,False,False,False,False,False,True,False,False,False,False,False,False,False,False,False,False,False,False,False,False,False,False,True,False,False,False,True,False,True,False,False,False,False,False,True,False
-1.2044068787278503,1315.0,-0.07519506268436271,-1.4111644824852083,0.3866717676043696,-0.8024958872632796,-0.15053763750671667,-0.09544761854796006,-0.7594299096283988,-1.380573742469106,0.050997261264770256,0.03224078554361997,0.4406797470538846,1,0,7.182352111885263,False,True,False,False,False,False,False,False,False,False,False,False,False,False,False,False,False,False,False,False,False,False,False,False,False,False,True,False,False,False,True,False,False,True,False,False,False,False,True,False
0.4087716575222072,1049.0,-0.07519506268436271,-0.7196630824247228,0.3866717676043696,-0.8024958872632796,-0.15053763750671667,-0.09544761854796006,-0.7594299096283988,-0.9854309447893159,0.050997261264770256,0.03224078554361997,-0.12584653946852056,1,0,6.956545443151569,False,False,False,True,False,False,False,False,False,False,False,False,False,False,False,False,False,False,False,False,False,False,False,False,False,False,True,False,False,False,True,False,False,False,True,False,False,False,True,False
0.4087716575222072,447.0,-0.8621763211399812,0.09209943068976037,-0.9830802414038966,0.16720896946204622,-0.15053763750671667,-0.09544761854796006,-0.2373144567524018,-0.19514534942973516,-1.06943690634874,-1.0647662442321755,-1.071448973483805,0,0,6.104793232414985,False,False,False,False,False,False,False,False,False,False,False,False,False,False,False,True,False,False,False,False,True,False,False,False,False,False,True,False,False,False,True,False,True,False,False,False,False,False,True,False
0.4087716575222072,403.0,-0.8621763211399812,-0.013129043232487864,-0.9830802414038966,1.1369138261873721,-0.15053763750671667,-0.09544761854796006,0.8325942581574283,1.3854258412894256,-1.06943690634874,-1.0647662442321755,-1.071448973483805,0,0,6.0014148779611505,False,True,False,False,False,False,False,False,False,False,False,False,False,False,False,False,False,False,False,False,True,False,False,False,False,False,True,False,False,False,False,False,False,False,False,False,False,False,False,False
1.6011210104026858,805.0,-0.8621763211399812,1.4450369525472322,0.3866717676043696,-0.8024958872632796,-0.15053763750671667,-0.09544761854796006,-0.7594299096283988,-1.380573742469106,0.050997261264770256,0.03224078554361997,-0.4476204786194528,0,1,6.692083742506628,False,False,False,False,False,False,False,False,False,False,False,False,False,False,False,False,False,False,False,False,True,False,False,False,False,False,True,False,False,False,True,False,False,True,False,False,False,False,False,True
0.4087716575222072,728.0,-0.07519506268436271,0.13719734808500914,0.3866717676043696,-0.8024958872632796,-0.15053763750671667,-0.09544761854796006,-0.7594299096283988,-1.380573742469106,0.050997261264770256,0.03224078554361997,-0.12584653946852056,0,0,6.591673732008658,False,False,False,True,False,False,False,False,False,False,False,False,False,False,False,False,False,False,False,False,True,False,False,False,False,False,True,False,False,False,True,False,False,True,False,False,False,False,False,False
0.4087716575222072,1079.0,1.4987674542268743,0.6934049959597477,0.3866717676043696,-0.8024958872632796,-0.15053763750671667,-0.09544761854796006,-0.7594299096283988,0.9902830436096349,0.050997261264770256,0.03224078554361997,-0.12584653946852056,0,1,6.984716320118266,False,False,False,False,False,False,False,False,False,True,False,False,False,False,False,False,False,False,True,False,False,False,False,False,False,False,True,False,False,False,True,False,False,False,True,False,False,False,False,True
0.4087716575222072,348.0,-0.8621763211399812,0.09209943068976037,-0.9830802414038966,1.1369138261873721,-0.15053763750671667,-0.09544761854796006,0.8325942581574283,-2.3684307366685817,-1.06943690634874,-1.0647662442321755,-1.071448973483805,0,0,5.855071922202427,False,False,False,False,False,False,False,False,False,False,False,False,False,False,False,False,False,False,False,False,True,False,False,False,False,False,True,False,False,False,True,False,False,False,False,False,True,False,True,False
0.4087716575222072,1799.0,1.4987674542268743,0.5430786046422508,0.3866717676043696,1.1369138261873721,-0.15053763750671667,-0.09544761854796006,1.3803875201912614,0.9902830436096349,0.050997261264770256,0.03224078554361997,-0.12584653946852056,0,1,7.495541943884256,False,False,False,False,False,False,False,False,False,False,True,False,False,False,False,False,False,False,True,False,False,False,False,False,False,False,True,False,False,False,True,False,False,False,True,False,False,False,False,True
0.4087716575222072,363.51,-0.8621763211399812,0.09209943068976037,-0.9830802414038966,1.1369138261873721,-0.15053763750671667,-0.09544761854796006,0.8325942581574283,-2.3684307366685817,-1.06943690634874,-1.0647662442321755,-1.071448973483805,0,0,5.898553985914634,False,False,False,False,False,False,False,False,False,False,False,False,False,False,False,False,False,False,False,False,True,False,False,False,False,False,True,False,False,False,True,False,False,False,False,False,True,False,True,False
0.4087716575222072,1060.49,-0.07519506268436271,0.783600830750246,-0.2982042368997635,1.1369138261873721,-0.15053763750671667,-0.09544761854796006,1.1064908891743448,0.9902830436096349,0.050997261264770256,0.03224078554361997,-0.12584653946852056,0,0,6.967428860467754,False,False,False,True,False,False,False,False,False,False,False,False,False,False,False,False,False,False,True,False,False,False,False,False,False,False,True,False,False,False,True,False,False,False,True,False,False,False,False,True
1.6011210104026858,854.0,-0.07519506268436271,1.4450369525472322,0.3866717676043696,-0.8024958872632796,-0.15053763750671667,-0.09544761854796006,-0.7594299096283988,-1.380573742469106,0.050997261264770256,0.03224078554361997,-0.4476204786194528,0,1,6.75110146893676,False,False,False,False,False,False,False,False,False,False,False,False,False,False,False,False,False,False,False,False,True,False,False,False,False,False,True,False,False,False,True,False,False,True,False,False,False,False,False,True
-1.2044068787278503,754.0,-0.8621763211399812,-0.8248915563469708,-0.9830802414038966,0.16720896946204622,-0.15053763750671667,-0.09544761854796006,-0.2373144567524018,-1.380573742469106,0.050997261264770256,0.03224078554361997,0.4406797470538846,0,1,6.626717749249025,False,False,False,False,False,False,True,False,False,False,False,False,False,False,False,False,False,False,False,False,True,False,False,False,False,False,True,False,False,False,True,False,False,True,False,False,False,False,True,False
-1.414821470412641,1349.0,-0.07519506268436271,-1.486327678143957,0.3866717676043696,-0.8024958872632796,-0.15053763750671667,-0.09544761854796006,-0.7594299096283988,0.3975688470899499,0.5363839042742331,1.2980181275926148,1.2308470410323094,0,1,7.2078598714324755,False,False,False,False,False,False,False,True,False,False,False,False,False,False,False,False,False,False,False,False,False,True,False,False,False,False,True,False,False,False,True,False,False,True,False,False,False,False,True,False
1.6011210104026858,699.0,-0.46868569191217196,1.0090904177264912,-0.9830802414038966,3.0763235396380235,-0.15053763750671667,-0.09544761854796006,2.9724116879770883,0.3975688470899499,0.050997261264770256,0.03224078554361997,-0.4476204786194528,0,1,6.551080335043404,False,False,False,False,False,False,True,False,False,False,False,False,False,False,False,False,False,False,False,False,True,False,False,False,False,False,True,False,False,False,True,False,False,True,False,False,False,False,False,False
0.4087716575222072,309.0,-0.8621763211399812,0.24242582200725737,-0.9830802414038966,0.16720896946204622,-0.15053763750671667,-0.09544761854796006,-0.2373144567524018,1.1878544424495303,-1.06943690634874,-1.0647662442321755,-1.071448973483805,0,0,5.736572297479192,False,False,False,False,False,False,False,False,False,True,False,False,False,False,False,False,False,False,False,False,True,False,False,False,False,True,False,False,False,False,False,False,False,False,False,False,False,False,False,False
0.4087716575222072,489.0,-0.8621763211399812,-0.058226960627736635,-0.9830802414038966,0.16720896946204622,-0.15053763750671667,-0.09544761854796006,-0.2373144567524018,0.19999744825005455,-1.06943690634874,-1.0647662442321755,-1.071448973483805,0,0,6.194405391104672,False,False,False,False,False,False,False,False,False,False,False,False,False,False,False,True,False,False,False,False,True,False,False,False,False,False,True,False,False,False,True,False,True,False,False,False,False,False,True,False
1.6011210104026858,923.0,-0.07519506268436271,0.6934049959597477,0.3866717676043696,-0.8024958872632796,-0.15053763750671667,-0.09544761854796006,-0.7594299096283988,-1.380573742469106,0.050997261264770256,0.03224078554361997,-0.4476204786194528,0,0,6.828712071641684,False,False,False,False,False,False,True,False,False,False,False,False,False,False,False,False,False,False,False,False,True,False,False,False,False,False,True,False,False,False,True,False,False,True,False,False,False,False,False,True
0.4087716575222072,459.0,-0.07519506268436271,0.39275221332475374,-0.9830802414038966,1.1369138261873721,-0.15053763750671667,-0.09544761854796006,0.8325942581574283,0.19999744825005455,-1.06943690634874,-1.0647662442321755,-1.071448973483805,0,0,6.131226489483141,False,False,False,True,False,False,False,False,False,False,False,False,False,False,False,False,False,False,False,False,True,False,False,False,False,False,True,False,False,False,True,False,True,False,False,False,False,False,True,False
0.4087716575222072,449.0,-0.8621763211399812,0.09209943068976037,-0.2982042368997635,-0.8024958872632796,-0.15053763750671667,-0.09544761854796006,-1.0333265406453154,-0.5902881471095258,-1.06943690634874,-1.0647662442321755,-1.071448973483805,0,0,6.1092475827643655,False,False,False,False,False,False,False,False,False,False,False,False,False,False,False,False,False,False,False,False,True,False,False,False,False,False,True,False,False,False,True,False,True,False,False,False,False,False,True,False
2.3726411799135816,2799.0,4.646692488049348,3.549606430992189,1.7564237766126358,1.1369138261873721,-0.15053763750671667,-0.09544761854796006,1.9281807822250943,1.1878544424495303,0.050997261264770256,0.03224078554361997,-0.6243989513180905,0,0,7.937374696163295,False,False,False,False,False,False,False,False,False,False,True,False,False,False,False,False,False,False,True,False,False,False,False,False,False,False,True,False,False,False,True,False,False,False,True,False,False,False,False,True
0.4087716575222072,813.0,-0.07519506268436271,-0.20855335194523364,-0.2982042368997635,1.1369138261873721,-0.15053763750671667,-0.09544761854796006,1.1064908891743448,0.3975688470899499,0.050997261264770256,0.03224078554361997,-0.12584653946852056,0,0,6.70196036600254,False,False,False,False,False,False,False,False,False,True,False,False,False,False,False,False,False,False,False,False,True,False,False,False,False,False,True,False,False,False,True,False,False,True,False,False,False,False,False,False
-1.2044068787278503,1499.0,-0.07519506268436271,-1.1255443389819644,0.3866717676043696,-0.8024958872632796,-0.15053763750671667,-0.09544761854796006,-0.7594299096283988,-1.380573742469106,3.934090405340473,3.8295728116906047,4.283175604412853,1,1,7.313220387090301,False,False,False,False,False,False,True,False,False,False,False,False,False,False,False,False,False,False,False,False,False,False,False,False,False,False,True,False,False,False,True,False,False,True,False,False,False,False,True,False
0.4087716575222072,1049.0,1.4987674542268743,-0.02816168236423723,0.3866717676043696,3.0763235396380235,-0.15053763750671667,-0.09544761854796006,3.520204950010921,-0.9854309447893159,0.050997261264770256,0.03224078554361997,-0.12584653946852056,0,0,6.956545443151569,False,False,False,True,False,False,False,False,False,False,False,False,False,False,False,False,False,False,False,False,True,False,False,False,True,False,False,False,False,False,True,False,False,False,True,False,False,False,False,False
-1.2044068787278503,1399.0,-0.07519506268436271,-1.2157401737724627,0.3866717676043696,-0.8024958872632796,-0.15053763750671667,-0.09544761854796006,-0.7594299096283988,-1.380573742469106,0.050997261264770256,0.03224078554361997,0.4406797470538846,0,0,7.24422751560335,False,False,False,True,False,False,False,False,False,False,False,False,False,False,False,False,False,False,False,False,False,True,False,False,False,False,True,False,False,False,True,False,False,True,False,False,False,False,True,False
-0.7835776953582702,1849.0,1.4987674542268743,-0.960185308532718,1.7564237766126358,-0.8024958872632796,-0.15053763750671667,-0.09544761854796006,-0.21163664759456588,-0.9854309447893159,3.934090405340473,3.8295728116906047,3.9516579699163277,1,1,7.52294091807237,False,False,False,False,False,False,False,False,False,True,False,False,False,False,False,False,False,False,False,False,False,False,False,False,False,False,True,False,False,False,True,False,False,False,True,False,False,False,True,False
0.4087716575222072,793.0,-0.07519506268436271,-0.058226960627736635,-0.2982042368997635,-0.8024958872632796,-0.15053763750671667,-0.09544761854796006,-1.0333265406453154,0.3975688470899499,-1.06943690634874,-1.0647662442321755,-1.071448973483805,0,0,6.677083461247136,False,False,False,False,False,False,False,False,False,False,False,False,False,False,False,True,False,False,False,False,True,False,False,False,False,False,True,False,False,False,True,False,False,True,False,False,False,False,True,False
0.4087716575222072,1199.0,-0.07519506268436271,-0.13339015628648515,0.3866717676043696,-0.8024958872632796,-0.15053763750671667,-0.09544761854796006,-0.7594299096283988,-1.380573742469106,0.050997261264770256,0.03224078554361997,-0.12584653946852056,0,1,7.090076835776092,False,False,False,False,False,False,False,False,False,False,False,False,False,False,False,False,False,True,False,False,True,False,False,False,False,True,False,False,False,False,True,False,False,True,False,False,False,False,False,True
1.6011210104026858,1549.0,1.4987674542268743,1.0992862525169893,1.7564237766126358,-0.8024958872632796,-0.15053763750671667,-0.09544761854796006,-0.21163664759456588,-0.9854309447893159,0.050997261264770256,0.03224078554361997,-0.4476204786194528,1,0,7.346010209913293,False,False,False,True,False,False,False,False,False,False,False,False,False,False,False,False,False,False,False,False,True,False,False,False,False,False,True,False,False,False,True,False,False,False,True,False,False,False,False,True
0.4087716575222072,2397.0,1.4987674542268743,0.03196887416276157,1.7564237766126358,-0.8024958872632796,-0.15053763750671667,-0.09544761854796006,-0.21163664759456588,0.9902830436096349,3.934090405340473,3.8295728116906047,3.1501230313680426,1,0,7.7823903355874595,False,False,False,True,False,False,False,False,False,False,False,False,False,False,False,False,False,False,False,False,True,False,False,False,False,False,True,False,False,False,True,False,False,False,True,False,False,False,False,True
0.4087716575222072,779.0,-0.07519506268436271,0.5430786046422508,0.3866717676043696,-0.8024958872632796,-0.15053763750671667,-0.09544761854796006,-0.7594299096283988,0.3975688470899499,0.050997261264770256,0.03224078554361997,-0.12584653946852056,0,1,6.659293919683638,False,False,False,False,False,False,False,False,False,True,False,False,False,False,False,False,False,False,True,False,False,False,False,False,False,True,False,False,False,False,True,False,False,True,False,False,False,False,False,True
-1.2044068787278503,989.0,-0.07519506268436271,-1.381099204221709,0.3866717676043696,-0.8024958872632796,-0.15053763750671667,-0.09544761854796006,-0.7594299096283988,-2.170859337828687,0.050997261264770256,0.03224078554361997,0.4406797470538846,0,1,6.897704943128636,False,False,False,False,False,False,False,False,False,False,False,False,False,False,False,False,False,False,False,False,False,True,False,False,False,False,True,False,False,False,True,False,False,True,False,False,False,False,True,False
1.6011210104026858,1085.0,-0.07519506268436271,1.1443841699122381,-0.2982042368997635,1.1369138261873721,-0.15053763750671667,-0.09544761854796006,1.1064908891743448,-0.9854309447893159,0.050997261264770256,0.03224078554361997,-0.4476204786194528,0,0,6.990256500493881,False,False,False,True,False,False,False,False,False,False,False,False,False,False,False,False,False,False,False,False,True,False,False,False,False,False,True,False,False,False,True,False,False,False,True,False,False,False,False,False
-0.713439498130007,2824.0,1.4987674542268743,-0.9301200302692186,4.367513543784643,-0.8024958872632796,-0.15053763750671667,-0.09544761854796006,0.8325942581574283,0.7927116447697404,1.345361642623338,1.2980181275926148,1.4653917075655414,1,0,7.946263643580541,False,False,False,False,False,False,False,False,False,True,False,False,False,False,False,False,False,False,False,False,False,False,False,False,False,False,True,False,False,False,True,False,False,False,True,False,False,False,True,False
-0.713439498130007,260.0,-0.8621763211399812,-1.1105116998502147,-0.9830802414038966,-0.8024958872632796,0.9068776814757729,-0.09544761854796006,-1.2387490139080028,-2.3684307366685817,0.050997261264770256,0.03224078554361997,0.2485897530978847,0,1,5.564520407322694,False,False,False,False,False,False,False,False,False,False,False,False,False,False,False,False,True,False,False,False,True,False,False,False,False,False,True,False,False,False,True,False,False,False,False,False,True,False,True,False
-1.2044068787278503,999.9,-0.07519506268436271,-1.1105116998502147,0.3866717676043696,-0.8024958872632796,-0.15053763750671667,-0.09544761854796006,-0.7594299096283988,0.3975688470899499,0.050997261264770256,0.03224078554361997,0.4406797470538846,0,1,6.908654874224973,False,False,False,False,False,False,False,False,False,False,False,False,False,False,False,False,False,True,False,False,False,True,False,False,False,True,False,False,False,False,True,False,False,True,False,False,False,False,False,True
1.6011210104026858,698.0,-0.07519506268436271,1.1443841699122381,0.3866717676043696,-0.8024958872632796,-0.15053763750671667,-0.09544761854796006,-0.7594299096283988,-1.380573742469106,-0.5961849294145135,-0.6006478854808774,-0.9401410790646072,0,0,6.54965074223381,False,False,False,False,False,False,False,False,False,True,False,False,False,False,False,False,False,False,False,False,True,False,False,False,False,True,False,False,False,False,True,False,False,True,False,False,False,False,False,True
-1.2044068787278503,839.0,-0.07519506268436271,-0.6294672476342246,-0.9830802414038966,1.1369138261873721,-0.15053763750671667,-0.09544761854796006,0.8325942581574283,-0.9854309447893159,0.050997261264770256,0.03224078554361997,0.4406797470538846,1,1,6.733401891837359,False,False,False,True,False,False,False,False,False,False,False,False,False,False,False,False,False,False,False,False,False,False,False,False,False,False,True,False,False,False,True,False,False,False,True,False,False,False,True,False
1.6011210104026858,914.0,-0.07519506268436271,0.6934049959597477,-0.9830802414038966,1.1369138261873721,-0.15053763750671667,-0.09544761854796006,0.8325942581574283,-1.380573742469106,0.050997261264770256,0.03224078554361997,-0.4476204786194528,0,1,6.818924065275521,False,False,False,False,False,False,True,False,False,False,False,False,False,False,False,False,False,False,False,False,True,False,False,False,False,False,True,False,False,False,True,False,False,True,False,False,False,False,False,True
1.6011210104026858,6099.0,4.646692488049348,2.1816362700029672,4.367513543784643,-0.8024958872632796,-0.15053763750671667,-0.09544761854796006,0.8325942581574283,1.1878544424495303,3.934090405340473,3.8295728116906047,2.506343160319854,1,0,8.716044050161402,False,False,False,False,False,False,False,False,False,False,False,False,False,True,False,False,False,False,True,False,False,False,False,False,False,False,True,False,False,False,True,False,False,False,True,False,False,False,False,True
-1.2044068787278503,959.0,-0.07519506268436271,-0.8248915563469708,1.7564237766126358,-0.8024958872632796,-0.15053763750671667,-0.09544761854796006,-0.21163664759456588,-1.380573742469106,0.050997261264770256,0.03224078554361997,0.4406797470538846,0,0,6.866933284461882,False,False,False,False,False,False,True,False,False,False,False,False,False,False,False,False,False,False,False,False,True,False,False,False,False,False,True,False,False,False,True,False,False,True,False,False,False,False,True,False
1.6011210104026858,1379.0,1.4987674542268743,1.9711793221584712,0.3866717676043696,1.1369138261873721,-0.15053763750671667,-0.09544761854796006,1.3803875201912614,0.9902830436096349,0.050997261264770256,0.03224078554361997,-0.4476204786194528,0,1,7.22983877815125,False,False,False,False,False,False,True,False,False,False,False,False,False,False,False,False,False,False,True,False,False,False,False,False,False,False,True,False,False,False,True,False,False,False,True,False,False,False,False,True
1.6011210104026858,1045.0,-0.07519506268436271,0.6934049959597477,0.3866717676043696,-0.8024958872632796,-0.15053763750671667,-0.09544761854796006,-0.7594299096283988,-0.9854309447893159,0.050997261264770256,0.03224078554361997,-0.4476204786194528,0,0,6.952728644624869,False,False,False,False,False,False,True,False,False,False,False,False,False,False,False,False,False,False,False,False,True,False,False,False,False,False,True,False,False,False,True,False,False,False,True,False,False,False,False,True
0.4087716575222072,1845.0,1.4987674542268743,0.9188945829359929,1.7564237766126358,1.1369138261873721,-0.15053763750671667,-0.09544761854796006,1.9281807822250943,0.9902830436096349,3.934090405340473,3.8295728116906047,3.1501230313680426,0,1,7.520776415062797,False,False,False,True,False,False,False,False,False,False,False,False,False,False,False,False,False,False,True,False,False,False,False,False,False,False,True,False,False,False,True,False,False,False,True,False,False,False,False,True
0.4087716575222072,493.0,-0.8621763211399812,0.09209943068976037,-0.2982042368997635,-0.8024958872632796,-0.15053763750671667,-0.09544761854796006,-1.0333265406453154,0.0024260494101592586,-1.06943690634874,-1.0647662442321755,-1.071448973483805,0,0,6.202535517187923,False,False,False,False,False,False,False,False,False,True,False,False,False,False,False,False,False,False,False,False,True,False,False,False,False,False,True,False,False,False,True,False,False,True,False,False,False,False,True,False
0.4087716575222072,742.0,-0.07519506268436271,0.28752373940250614,-0.9830802414038966,1.1369138261873721,-0.15053763750671667,-0.09544761854796006,0.8325942581574283,0.7927116447697404,0.050997261264770256,0.03224078554361997,-0.12584653946852056,0,0,6.610696044717759,False,False,False,False,False,False,False,False,False,False,False,False,False,False,False,False,False,False,False,False,True,False,False,False,False,False,True,False,False,False,True,False,False,False,True,False,False,False,False,True
0.4087716575222072,1749.0,1.4987674542268743,1.7456897351822263,1.7564237766126358,1.1369138261873721,-0.15053763750671667,-0.09544761854796006,1.9281807822250943,0.9902830436096349,0.050997261264770256,0.03224078554361997,-0.12584653946852056,0,1,7.4673710669175595,False,False,False,False,False,False,False,False,False,True,False,False,False,False,False,False,False,False,True,False,False,False,False,False,False,False,True,False,False,False,True,False,False,False,True,False,False,False,False,True
0.4087716575222072,3055.0,1.4987674542268743,1.1443841699122381,0.3866717676043696,1.1369138261873721,-0.15053763750671667,-0.09544761854796006,1.3803875201912614,1.3854258412894256,3.934090405340473,3.8295728116906047,3.1501230313680426,0,0,8.024862150286411,False,False,False,True,False,False,False,False,False,False,False,False,False,False,False,False,False,False,False,False,False,False,True,False,False,False,True,False,False,False,True,False,False,False,False,False,True,False,False,True
0.4087716575222072,1398.0,1.4987674542268743,0.5430786046422508,1.7564237766126358,-0.8024958872632796,-0.15053763750671667,-0.09544761854796006,-0.21163664759456588,0.9902830436096349,0.050997261264770256,0.03224078554361997,-0.12584653946852056,0,0,7.243512974665482,False,False,False,False,False,False,False,False,False,True,False,False,False,False,False,False,False,False,True,False,False,False,False,False,False,True,False,False,False,False,True,False,False,False,True,False,False,False,False,True
0.4087716575222072,439.0,-0.46868569191217196,0.39275221332475374,-0.9830802414038966,1.1369138261873721,-0.15053763750671667,-0.09544761854796006,0.8325942581574283,0.19999744825005455,-1.06943690634874,-1.0647662442321755,-1.071448973483805,1,0,6.0867747269123065,False,False,False,True,False,False,False,False,False,False,False,False,False,False,False,False,False,False,False,False,True,False,False,False,False,False,True,False,False,False,True,False,True,False,False,False,False,False,True,False
-1.2044068787278503,1949.0,-0.07519506268436271,-1.245805452035962,0.3866717676043696,-0.8024958872632796,-0.15053763750671667,-0.09544761854796006,-0.7594299096283988,-0.9854309447893159,3.934090405340473,3.8295728116906047,4.283175604412853,1,1,7.575584651557793,False,False,False,True,False,False,False,False,False,False,False,False,False,False,False,False,False,False,False,False,False,True,False,False,False,False,True,False,False,False,True,False,False,False,True,False,False,False,True,False
-1.2044068787278503,1449.0,-0.07519506268436271,-1.2608380911677117,0.3866717676043696,-0.8024958872632796,-0.15053763750671667,-0.09544761854796006,-0.7594299096283988,-0.9854309447893159,0.050997261264770256,0.03224078554361997,0.4406797470538846,0,0,7.27931883541462,False,False,False,True,False,False,False,False,False,False,False,False,False,False,False,False,False,False,False,False,False,True,False,False,False,False,True,False,False,False,True,False,False,False,True,False,False,False,True,False
0.4087716575222072,597.0,-0.07519506268436271,0.24242582200725737,0.3866717676043696,-0.8024958872632796,-0.15053763750671667,-0.09544761854796006,-0.7594299096283988,0.3975688470899499,-1.06943690634874,-1.0647662442321755,-1.071448973483805,0,0,6.393590753950631,False,False,False,False,False,False,False,False,False,True,False,False,False,False,False,False,False,False,False,False,True,False,False,False,False,False,True,False,False,False,True,False,False,True,False,False,False,False,True,False
0.4087716575222072,779.0,-0.07519506268436271,0.5430786046422508,-0.9830802414038966,1.1369138261873721,-0.15053763750671667,-0.09544761854796006,0.8325942581574283,0.9902830436096349,0.050997261264770256,0.03224078554361997,-0.12584653946852056,0,0,6.659293919683638,False,False,False,False,False,False,False,False,False,False,False,False,False,False,False,False,False,False,False,False,True,False,False,False,True,False,False,False,False,False,True,False,False,False,True,False,False,False,False,True
1.6011210104026858,1407.0,1.4987674542268743,1.2947105612297352,0.3866717676043696,1.1369138261873721,-0.15053763750671667,-0.09544761854796006,1.3803875201912614,0.9902830436096349,0.050997261264770256,0.03224078554361997,-0.4476204786194528,0,0,7.249925536717988,False,True,False,False,False,False,False,False,False,False,False,False,False,False,False,False,False,False,True,False,False,False,False,False,False,False,True,False,False,False,True,False,False,False,True,False,False,False,False,True
0.4087716575222072,349.0,-0.8621763211399812,0.09209943068976037,-0.9830802414038966,0.16720896946204622,-0.15053763750671667,-0.09544761854796006,-0.2373144567524018,-0.5902881471095258,0.050997261264770256,0.03224078554361997,-0.12584653946852056,0,0,5.857933154483459,False,False,False,False,False,False,True,False,False,False,False,False,False,False,False,False,False,False,False,False,True,False,False,False,False,True,False,False,False,False,True,False,True,False,False,False,False,False,True,False
0.4087716575222072,549.0,-0.07519506268436271,0.24242582200725737,0.3866717676043696,-0.8024958872632796,-0.15053763750671667,-0.09544761854796006,-0.7594299096283988,0.3975688470899499,0.050997261264770256,0.03224078554361997,-0.12584653946852056,0,0,6.309918278226516,False,False,False,False,False,False,False,False,False,True,False,False,False,False,False,False,False,False,False,False,True,False,False,False,False,True,False,False,False,False,True,False,False,True,False,False,False,False,True,False
-1.414821470412641,1499.0,-0.07519506268436271,-1.486327678143957,1.7564237766126358,-0.8024958872632796,-0.15053763750671667,-0.09544761854796006,-0.21163664759456588,0.7927116447697404,0.5363839042742331,1.2980181275926148,1.2308470410323094,0,1,7.313220387090301,False,False,False,False,False,False,False,True,False,False,False,False,False,False,False,False,False,False,False,False,False,True,False,False,False,False,True,False,False,False,True,False,False,False,True,False,False,False,True,False
-1.2044068787278503,931.88,-0.07519506268436271,-0.960185308532718,0.3866717676043696,-0.8024958872632796,-0.15053763750671667,-0.09544761854796006,-0.7594299096283988,-0.9854309447893159,0.050997261264770256,0.03224078554361997,0.4406797470538846,0,1,6.8382765752120775,False,False,False,True,False,False,False,False,False,False,False,False,False,False,False,False,False,False,False,False,False,True,False,False,False,False,True,False,False,False,True,False,False,False,True,False,False,False,False,False
1.6011210104026858,589.0,-0.07519506268436271,1.1443841699122381,-0.9830802414038966,1.1369138261873721,-0.15053763750671667,-0.09544761854796006,0.8325942581574283,0.3975688470899499,-0.5961849294145135,-0.6006478854808774,-0.9401410790646072,0,0,6.380122536899765,False,False,False,False,False,False,False,False,False,True,False,False,False,False,False,False,False,False,False,False,True,False,False,False,False,True,False,False,False,False,True,False,False,True,False,False,False,False,False,True
-0.713439498130007,1031.0,-0.07519506268436271,-0.6144346085024752,0.3866717676043696,-0.8024958872632796,-0.15053763750671667,-0.09544761854796006,-0.7594299096283988,-0.9854309447893159,0.050997261264770256,0.03224078554361997,0.2485897530978847,0,0,6.939253946041508,False,False,False,False,False,False,True,False,False,False,False,False,False,False,False,False,False,False,False,False,True,False,False,False,False,False,True,False,False,False,True,False,False,False,True,False,False,False,False,True
-0.713439498130007,1149.0,-0.07519506268436271,-0.659532525897724,0.3866717676043696,-0.8024958872632796,-0.15053763750671667,-0.09544761854796006,-0.7594299096283988,-1.380573742469106,0.050997261264770256,0.03224078554361997,0.2485897530978847,0,0,7.047517221357296,False,False,False,True,False,False,False,False,False,False,False,False,False,False,False,False,False,False,False,False,False,True,False,False,False,False,True,False,False,False,True,False,False,True,False,False,False,False,True,False
-1.2044068787278503,1279.0,1.4987674542268743,-0.6294672476342246,1.7564237766126358,-0.8024958872632796,-0.15053763750671667,-0.09544761854796006,-0.21163664759456588,-0.9854309447893159,0.050997261264770256,0.03224078554361997,0.4406797470538846,1,0,7.154615356913663,False,False,False,True,False,False,False,False,False,False,False,False,False,False,False,False,False,False,False,False,False,False,False,False,False,False,True,False,False,False,True,False,False,False,True,False,False,False,True,False
0.4087716575222072,677.35,-0.07519506268436271,0.24242582200725737,0.3866717676043696,-0.8024958872632796,-0.15053763750671667,-0.09544761854796006,-0.7594299096283988,-1.380573742469106,0.050997261264770256,0.03224078554361997,-0.12584653946852056,0,0,6.519663378931318,False,False,False,True,False,False,False,False,False,False,False,False,False,False,False,False,False,False,False,False,True,False,False,False,True,False,False,False,False,False,True,False,False,True,False,False,False,False,False,False
-0.713439498130007,899.0,-0.07519506268436271,-0.4490755780532285,0.3866717676043696,-0.8024958872632796,-0.15053763750671667,-0.09544761854796006,-0.7594299096283988,-1.380573742469106,0.050997261264770256,0.03224078554361997,0.2485897530978847,0,1,6.802394763324311,False,False,False,False,False,False,False,False,False,True,False,False,False,False,False,False,False,False,False,False,False,False,False,False,False,False,True,False,False,False,True,False,False,True,False,False,False,False,True,False
-1.2044068787278503,1363.0,-0.07519506268436271,-1.2608380911677117,0.3866717676043696,-0.8024958872632796,-0.15053763750671667,-0.09544761854796006,-0.7594299096283988,0.3975688470899499,0.050997261264770256,0.03224078554361997,0.4406797470538846,0,0,7.218176838403408,False,False,False,False,False,False,False,False,False,False,False,False,False,False,False,True,False,False,False,False,False,True,False,False,False,False,True,False,False,False,True,False,False,False,True,False,False,False,True,False
0.4087716575222072,794.0,-0.07519506268436271,0.09209943068976037,-0.9830802414038966,1.1369138261873721,-0.15053763750671667,-0.09544761854796006,0.8325942581574283,-1.380573742469106,0.050997261264770256,0.03224078554361997,-0.12584653946852056,0,0,6.678342114654332,False,False,False,False,False,False,True,False,False,False,False,False,False,False,False,False,False,False,False,False,True,False,False,False,False,False,True,False,False,False,True,False,False,True,False,False,False,False,True,False
1.6011210104026858,2456.34,1.4987674542268743,3.579671709255688,0.3866717676043696,1.1369138261873721,-0.15053763750671667,-0.09544761854796006,1.3803875201912614,0.9902830436096349,0.050997261264770256,0.03224078554361997,-0.4476204786194528,0,1,7.806834743085911,False,False,False,True,False,False,False,False,False,False,False,False,False,False,False,False,False,False,True,False,False,False,False,False,False,False,True,False,False,False,True,False,False,False,True,False,False,False,False,True
0.4087716575222072,832.0,-0.07519506268436271,0.24242582200725737,0.3866717676043696,-0.8024958872632796,-0.15053763750671667,-0.09544761854796006,-0.7594299096283988,0.7927116447697404,0.050997261264770256,0.03224078554361997,-0.12584653946852056,0,0,6.725033642166843,False,False,False,False,False,False,False,False,False,False,False,False,False,False,False,False,False,False,False,False,True,False,False,False,False,False,True,False,False,False,True,False,False,False,True,False,False,False,False,True
0.4087716575222072,859.01,1.4987674542268743,0.39275221332475374,-0.9830802414038966,1.1369138261873721,-0.15053763750671667,-0.09544761854796006,0.8325942581574283,0.7927116447697404,0.050997261264770256,0.03224078554361997,-0.12584653946852056,1,0,6.756944017086926,False,False,False,True,False,False,False,False,False,False,False,False,False,False,False,False,False,False,False,False,True,False,False,False,False,False,True,False,False,False,True,False,False,False,True,False,False,False,False,False
0.4087716575222072,769.0,-0.07519506268436271,-0.058226960627736635,0.3866717676043696,-0.8024958872632796,-0.15053763750671667,-0.09544761854796006,-0.7594299096283988,0.3975688470899499,0.050997261264770256,0.03224078554361997,-0.12584653946852056,0,0,6.646390514847729,False,True,False,False,False,False,False,False,False,False,False,False,False,False,False,False,False,False,False,False,True,False,False,False,False,False,True,False,False,False,True,False,False,True,False,False,False,False,False,True
1.6011210104026858,891.0,-0.07519506268436271,0.9790251394629917,0.3866717676043696,0.16720896946204622,-0.15053763750671667,-0.09544761854796006,0.31047880528143124,0.3975688470899499,0.050997261264770256,0.03224078554361997,-0.4476204786194528,0,0,6.79346613258001,False,True,False,False,False,False,False,False,False,False,False,False,False,False,False,False,False,False,False,False,True,False,False,False,False,False,True,False,False,False,True,False,False,True,False,False,False,False,False,True
0.4087716575222072,1269.0,-0.07519506268436271,-0.20855335194523364,-0.9830802414038966,1.1369138261873721,-0.15053763750671667,-0.09544761854796006,0.8325942581574283,0.7927116447697404,0.050997261264770256,0.03224078554361997,-0.12584653946852056,0,0,7.146772179452637,False,False,False,False,False,False,True,False,False,False,False,False,False,False,False,False,False,False,False,False,True,False,False,False,False,False,True,False,False,False,True,False,False,False,True,False,False,False,False,False
0.4087716575222072,398.99,-0.8621763211399812,0.49798068724700195,-0.9830802414038966,1.1369138261873721,-0.15053763750671667,-0.09544761854796006,0.8325942581574283,0.19999744825005455,-1.06943690634874,-1.0647662442321755,-1.071448973483805,0,0,5.991439546795477,False,True,False,False,False,False,False,False,False,False,False,False,False,False,False,False,False,False,False,False,True,False,False,False,False,False,True,False,False,False,True,False,True,False,False,False,False,False,True,False
0.4087716575222072,330.0,-0.8621763211399812,0.09209943068976037,-0.9830802414038966,0.16720896946204622,-0.15053763750671667,-0.09544761854796006,-0.2373144567524018,-1.5781451413090015,-1.06943690634874,-1.0647662442321755,-1.071448973483805,0,0,5.802118375377063,False,False,False,False,False,False,True,False,False,False,False,False,False,False,False,False,False,False,False,False,True,False,False,False,False,False,True,False,False,False,False,False,False,False,False,False,False,False,False,False
0.4087716575222072,1499.0,1.4987674542268743,1.7456897351822263,0.3866717676043696,1.1369138261873721,-0.15053763750671667,-0.09544761854796006,1.3803875201912614,0.9902830436096349,0.050997261264770256,0.03224078554361997,-0.12584653946852056,0,1,7.313220387090301,False,False,False,False,False,False,False,False,False,True,False,False,False,False,False,False,False,False,True,False,False,False,False,False,False,False,True,False,False,False,True,False,False,False,True,False,False,False,False,True
-0.713439498130007,859.0,-0.07519506268436271,-0.659532525897724,0.3866717676043696,-0.8024958872632796,-0.15053763750671667,-0.09544761854796006,-0.7594299096283988,0.3975688470899499,0.050997261264770256,0.03224078554361997,0.2485897530978847,0,0,6.756932389247553,False,False,False,True,False,False,False,False,False,False,False,False,False,False,False,False,False,False,False,False,True,False,False,False,False,False,True,False,False,False,True,False,False,True,False,False,False,False,True,False
-1.2044068787278503,689.0,-0.07519506268436271,-0.659532525897724,0.3866717676043696,-0.8024958872632796,-0.15053763750671667,-0.09544761854796006,-0.7594299096283988,0.0024260494101592586,0.050997261264770256,0.03224078554361997,0.4406797470538846,1,1,6.536691597591305,False,False,False,False,False,False,False,False,False,False,False,False,False,False,False,False,False,False,False,False,False,False,False,False,False,False,True,False,False,False,True,False,False,True,False,False,False,False,True,False
0.4087716575222072,899.0,1.4987674542268743,0.48294804811525194,0.3866717676043696,-0.8024958872632796,-0.15053763750671667,-0.09544761854796006,-0.7594299096283988,0.7927116447697404,0.050997261264770256,0.03224078554361997,-0.12584653946852056,0,0,6.802394763324311,False,False,False,True,False,False,False,False,False,False,False,False,False,False,False,False,False,False,False,False,True,False,False,False,True,False,False,False,False,False,True,False,False,False,True,False,False,False,False,False
0.4087716575222072,390.0,-0.8621763211399812,0.09209943068976037,-0.9830802414038966,1.1369138261873721,-0.15053763750671667,-0.09544761854796006,0.8325942581574283,-0.5902881471095258,-1.06943690634874,-1.0647662442321755,-1.071448973483805,0,0,5.968707559985366,False,False,False,False,False,False,False,False,False,False,False,False,False,False,False,False,False,False,False,False,True,False,False,False,True,False,False,False,False,False,True,False,True,False,False,False,False,False,True,False
0.4087716575222072,575.0,-0.8621763211399812,0.24242582200725737,-0.2982042368997635,1.1369138261873721,-0.15053763750671667,-0.09544761854796006,1.1064908891743448,0.3975688470899499,0.050997261264770256,0.03224078554361997,-0.12584653946852056,0,0,6.3561076606958915,False,True,False,False,False,False,False,False,False,False,False,False,False,False,False,False,False,False,False,False,True,False,False,False,False,False,True,False,False,False,False,False,False,False,False,False,False,False,False,False
1.6011210104026858,3890.0,4.646692488049348,4.000585604944679,1.7564237766126358,1.1369138261873721,-0.15053763750671667,-0.09544761854796006,1.9281807822250943,1.1878544424495303,0.050997261264770256,0.03224078554361997,-0.4476204786194528,0,0,8.266421472984554,False,True,False,False,False,False,False,False,False,False,False,False,False,False,False,False,False,False,True,False,False,False,False,False,False,False,True,False,False,False,True,False,False,False,True,False,False,False,False,True
0.4087716575222072,846.0,-0.07519506268436271,0.6934049959597477,0.3866717676043696,-0.8024958872632796,-0.15053763750671667,-0.09544761854796006,-0.7594299096283988,0.3975688470899499,0.050997261264770256,0.03224078554361997,-0.12584653946852056,0,1,6.741700694652055,False,False,False,False,False,False,False,False,False,False,False,False,False,False,False,False,False,False,True,False,False,False,False,False,False,False,True,False,False,False,True,False,False,True,False,False,False,False,False,True
0.4087716575222072,589.0,-0.07519506268436271,0.24242582200725737,-0.2982042368997635,-0.8024958872632796,-0.15053763750671667,-0.09544761854796006,-1.0333265406453154,-0.5902881471095258,-1.06943690634874,-1.0647662442321755,-1.071448973483805,0,0,6.380122536899765,False,False,False,False,False,False,False,False,False,True,False,False,False,False,False,False,False,False,False,False,True,False,False,False,False,False,True,False,False,False,True,False,True,False,False,False,False,False,True,False
1.6011210104026858,1145.0,-0.07519506268436271,0.09209943068976037,-0.2982042368997635,1.1369138261873721,-0.15053763750671667,-0.09544761854796006,1.1064908891743448,-0.9854309447893159,0.050997261264770256,0.03224078554361997,-0.4476204786194528,0,0,7.044032897274685,False,True,False,False,False,False,False,False,False,False,False,False,False,False,False,False,False,False,False,False,True,False,False,False,False,False,True,False,False,False,True,False,False,False,True,False,False,False,False,True
1.6011210104026858,889.0,-0.07519506268436271,0.9790251394629917,-0.2982042368997635,1.1369138261873721,-0.15053763750671667,-0.09544761854796006,1.1064908891743448,0.7927116447697404,0.050997261264770256,0.03224078554361997,-0.4476204786194528,0,0,6.7912214627261855,False,True,False,False,False,False,False,False,False,False,False,False,False,False,False,False,False,False,False,False,True,False,False,False,False,True,False,False,False,False,True,False,False,False,True,False,False,False,False,True
0.4087716575222072,879.0,-0.07519506268436271,0.783600830750246,0.3866717676043696,-0.8024958872632796,-0.15053763750671667,-0.09544761854796006,-0.7594299096283988,0.3975688470899499,0.050997261264770256,0.03224078554361997,-0.12584653946852056,0,0,6.779921907472252,False,False,False,True,False,False,False,False,False,False,False,False,False,False,False,False,False,False,True,False,False,False,False,False,False,False,True,False,False,False,True,False,False,True,False,False,False,False,False,True
-0.7835776953582702,1079.0,-0.07519506268436271,-0.9902505867962175,0.3866717676043696,-0.8024958872632796,-0.15053763750671667,-0.09544761854796006,-0.7594299096283988,0.7927116447697404,0.050997261264770256,0.03224078554361997,0.27480493343245943,1,1,6.984716320118266,False,False,False,False,False,False,False,False,False,True,False,False,False,False,False,False,False,False,False,False,False,False,False,False,False,False,True,False,False,False,True,False,False,False,True,False,False,False,True,False
0.4087716575222072,985.0,-0.07519506268436271,0.24242582200725737,-0.2982042368997635,3.0763235396380235,-0.15053763750671667,-0.09544761854796006,3.246308318994005,-0.9854309447893159,0.050997261264770256,0.03224078554361997,-0.12584653946852056,0,0,6.893656354602635,False,False,False,True,False,False,False,False,False,False,False,False,False,False,False,False,False,False,False,False,True,False,False,False,False,False,True,False,False,False,True,False,False,False,True,False,False,False,False,False
0.4087716575222072,559.0,-0.07519506268436271,0.0019035958992621705,-0.9830802414038966,1.1369138261873721,-0.15053763750671667,-0.09544761854796006,0.8325942581574283,0.3975688470899499,-1.06943690634874,-1.0647662442321755,-1.071448973483805,1,0,6.327936783729195,False,False,False,False,False,False,True,False,False,False,False,False,False,False,False,False,False,False,False,False,True,False,False,False,False,False,True,False,False,False,True,False,False,True,False,False,False,False,True,False
1.6011210104026858,2999.0,1.4987674542268743,2.3469953004522135,0.3866717676043696,-0.8024958872632796,-0.15053763750671667,-0.09544761854796006,-0.7594299096283988,1.1878544424495303,0.050997261264770256,0.03224078554361997,-0.4476204786194528,0,0,8.006367567650246,False,True,False,False,False,False,False,False,False,False,False,False,False,False,False,False,False,False,True,False,False,False,False,False,False,False,True,False,False,False,True,False,False,False,True,False,False,False,False,True
-1.2044068787278503,675.0,-0.8621763211399812,-0.8248915563469708,-0.9830802414038966,0.16720896946204622,-0.15053763750671667,-0.09544761854796006,-0.2373144567524018,-1.380573742469106,0.050997261264770256,0.03224078554361997,0.4406797470538846,0,1,6.516193076042964,False,False,False,False,False,False,True,False,False,False,False,False,False,False,False,False,False,False,False,False,True,False,False,False,False,False,True,False,False,False,True,False,False,True,False,False,False,False,True,False
-1.2044068787278503,2040.0,-0.07519506268436271,-1.0052832259279667,1.7564237766126358,-0.8024958872632796,-0.15053763750671667,-0.09544761854796006,-0.21163664759456588,1.5829972401293209,1.345361642623338,1.8605858351699458,1.8639552457496082,0,1,7.621195162809845,True,False,False,False,False,False,False,False,False,False,False,False,False,False,False,False,False,False,False,False,False,True,False,False,False,False,False,False,False,True,True,False,False,True,False,False,False,False,True,False
0.4087716575222072,819.0,-0.07519506268436271,0.06203415242626097,-0.9830802414038966,1.1369138261873721,-0.15053763750671667,-0.09544761854796006,0.8325942581574283,-0.9854309447893159,0.050997261264770256,0.03224078554361997,-0.12584653946852056,1,1,6.709304340258298,False,False,False,True,False,False,False,False,False,False,False,False,False,False,False,False,False,False,False,False,False,False,False,False,False,False,True,False,False,False,True,False,False,False,True,False,False,False,True,False
1.6011210104026858,1799.0,1.4987674542268743,3.399280039674691,0.3866717676043696,1.1369138261873721,-0.15053763750671667,-0.09544761854796006,1.3803875201912614,0.9902830436096349,0.050997261264770256,0.03224078554361997,-0.4476204786194528,0,0,7.495541943884256,False,True,False,False,False,False,False,False,False,False,False,False,False,False,False,False,False,False,True,False,False,False,False,False,False,False,True,False,False,False,True,False,False,False,True,False,False,False,False,True
0.4087716575222072,469.0,-0.8621763211399812,-0.5392714128437267,-0.9830802414038966,1.1369138261873721,-0.15053763750671667,-0.09544761854796006,0.8325942581574283,1.3854258412894256,-1.06943690634874,-1.0647662442321755,-1.071448973483805,0,0,6.152732694704104,False,True,False,False,False,False,False,False,False,False,False,False,False,False,False,False,False,False,False,False,True,False,False,False,False,False,True,False,False,False,False,False,False,False,False,False,False,False,False,False
-0.7835776953582702,1849.0,-0.07519506268436271,-1.0052832259279667,1.7564237766126358,-0.8024958872632796,-0.15053763750671667,-0.09544761854796006,-0.21163664759456588,-0.9854309447893159,0.050997261264770256,0.03224078554361997,0.27480493343245943,1,1,7.52294091807237,False,False,False,False,False,False,False,False,False,True,False,False,False,False,False,False,False,False,False,False,False,False,False,False,False,False,True,False,False,False,True,False,False,False,True,False,False,False,True,False
1.6011210104026858,702.0,-0.8621763211399812,1.4450369525472322,0.3866717676043696,-0.8024958872632796,-0.15053763750671667,-0.09544761854796006,-0.7594299096283988,0.7927116447697404,0.050997261264770256,0.03224078554361997,-0.4476204786194528,0,1,6.555356891810665,False,False,False,False,False,False,False,False,False,False,False,False,False,False,False,False,False,False,False,False,True,False,False,False,False,False,True,False,False,False,True,False,True,False,False,False,False,False,False,True
-1.2044068787278503,949.0,-0.07519506268436271,-0.9451526694009683,0.3866717676043696,-0.8024958872632796,-0.15053763750671667,-0.09544761854796006,-0.7594299096283988,-1.380573742469106,0.050997261264770256,0.03224078554361997,0.4406797470538846,0,0,6.856461984594587,False,False,False,True,False,False,False,False,False,False,False,False,False,False,False,False,False,False,False,False,False,True,False,False,False,False,True,False,False,False,True,False,False,True,False,False,False,False,True,False
0.4087716575222072,445.9,-0.07519506268436271,-0.19352071281348393,-0.2982042368997635,-0.8024958872632796,-0.15053763750671667,-0.09544761854796006,-1.0333265406453154,0.3975688470899499,-1.06943690634874,-1.0647662442321755,-1.071448973483805,0,0,6.1023348559394055,False,False,False,False,False,False,True,False,False,False,False,False,False,False,False,False,False,False,False,False,True,False,False,False,False,False,True,False,False,False,False,False,False,False,False,False,False,False,False,False
1.6011210104026858,1059.0,1.4987674542268743,1.2947105612297352,-0.9830802414038966,1.1369138261873721,-0.15053763750671667,-0.09544761854796006,0.8325942581574283,-0.9854309447893159,0.050997261264770256,0.03224078554361997,-0.4476204786194528,0,1,6.966024187106113,False,False,False,False,False,False,True,False,False,False,False,False,False,False,False,False,False,False,False,False,True,False,False,False,False,False,True,False,False,False,True,False,False,False,True,False,False,False,False,True
1.6011210104026858,2499.0,1.4987674542268743,3.158757813566696,1.7564237766126358,1.1369138261873721,-0.15053763750671667,-0.09544761854796006,1.9281807822250943,0.9902830436096349,0.050997261264770256,0.03224078554361997,-0.4476204786194528,0,0,7.824046010856292,False,False,False,False,False,False,False,False,False,False,True,False,False,False,False,False,False,False,True,False,False,False,False,False,False,False,True,False,False,False,True,False,False,False,True,False,False,False,False,True
0.4087716575222072,1699.0,-0.07519506268436271,-0.058226960627736635,1.7564237766126358,-0.8024958872632796,-0.15053763750671667,-0.09544761854796006,-0.21163664759456588,0.9902830436096349,0.050997261264770256,0.03224078554361997,-0.12584653946852056,1,1,7.438383530044307,False,False,False,False,False,False,False,False,False,True,False,False,False,False,False,False,False,False,False,False,False,False,False,False,False,False,True,False,False,False,True,False,False,False,True,False,False,False,False,True
1.6011210104026858,1142.0,-0.07519506268436271,1.1443841699122381,-0.2982042368997635,1.1369138261873721,-0.15053763750671667,-0.09544761854796006,1.1064908891743448,-0.9854309447893159,0.050997261264770256,0.03224078554361997,-0.4476204786194528,0,0,7.04141166379481,False,False,False,True,False,False,False,False,False,False,False,False,False,False,False,False,False,False,False,False,True,False,False,False,False,False,True,False,False,False,True,False,False,False,True,False,False,False,False,False
0.4087716575222072,444.0,-0.8621763211399812,0.24242582200725737,0.3866717676043696,-0.8024958872632796,-0.15053763750671667,-0.09544761854796006,-0.7594299096283988,-0.5902881471095258,0.050997261264770256,0.03224078554361997,-0.12584653946852056,0,0,6.09807428216624,False,False,False,False,False,False,False,False,False,True,False,False,False,False,False,False,False,False,False,False,True,False,False,False,False,True,False,False,False,False,True,False,True,False,False,False,False,False,True,False
0.4087716575222072,722.0,-0.8621763211399812,0.09209943068976037,-0.9830802414038966,0.16720896946204622,-0.15053763750671667,-0.09544761854796006,-0.2373144567524018,-1.380573742469106,0.050997261264770256,0.03224078554361997,-0.12584653946852056,0,1,6.583409222158765,False,False,False,False,False,False,True,False,False,False,False,False,False,False,False,False,False,False,False,False,True,False,False,False,False,False,True,False,False,False,True,False,False,True,False,False,False,False,True,False
0.4087716575222072,657.0,-0.8621763211399812,0.21236054374375798,-0.9830802414038966,1.1369138261873721,-0.15053763750671667,-0.09544761854796006,0.8325942581574283,0.3975688470899499,0.050997261264770256,0.03224078554361997,-0.12584653946852056,0,0,6.489204931325317,False,False,False,True,False,False,False,False,False,False,False,False,False,False,False,False,False,False,False,False,True,False,False,False,False,False,True,False,False,False,True,False,False,True,False,False,False,False,True,False
0.4087716575222072,565.0,-0.07519506268436271,0.3025563785342562,-0.9830802414038966,1.1369138261873721,-0.15053763750671667,-0.09544761854796006,0.8325942581574283,0.3975688470899499,0.050997261264770256,0.03224078554361997,-0.12584653946852056,0,0,6.338594078203183,False,False,False,True,False,False,False,False,False,False,False,False,False,False,False,False,False,False,False,False,True,False,False,False,False,False,True,False,False,False,True,False,False,True,False,False,False,False,False,False
0.4087716575222072,799.0,-0.07519506268436271,0.9489598611994924,0.3866717676043696,-0.8024958872632796,-0.15053763750671667,-0.09544761854796006,-0.7594299096283988,-1.380573742469106,0.050997261264770256,0.03224078554361997,-0.12584653946852056,1,0,6.684611727667927,False,False,False,True,False,False,False,False,False,False,False,False,False,False,False,False,False,False,False,False,False,False,False,False,False,False,True,False,False,False,True,False,False,True,False,False,False,False,True,False
-1.2044068787278503,1499.0,-0.07519506268436271,-1.4111644824852083,4.495927794629168,-0.8024958872632796,-0.15053763750671667,-0.09544761854796006,0.8839498764731002,-0.9854309447893159,0.050997261264770256,0.03224078554361997,0.4406797470538846,1,0,7.313220387090301,False,True,False,False,False,False,False,False,False,False,False,False,False,False,False,False,False,False,False,False,False,False,False,False,False,False,True,False,False,False,True,False,False,False,True,False,False,False,True,False
0.4087716575222072,467.0,-0.8621763211399812,0.24242582200725737,-0.9830802414038966,1.1369138261873721,-0.15053763750671667,-0.09544761854796006,0.8325942581574283,0.3975688470899499,0.050997261264770256,0.03224078554361997,-0.12584653946852056,0,0,6.148468295917647,False,False,False,False,False,False,False,False,False,True,False,False,False,False,False,False,False,False,False,False,True,False,False,False,False,True,False,False,False,False,True,False,False,True,False,False,False,False,True,False
1.6011210104026858,1018.0,-0.07519506268436271,0.6934049959597477,-0.9830802414038966,1.1369138261873721,-0.15053763750671667,-0.09544761854796006,0.8325942581574283,-0.9854309447893159,0.050997261264770256,0.03224078554361997,-0.4476204786194528,0,0,6.926577033222725,False,False,False,False,False,False,True,False,False,False,False,False,False,False,False,False,False,False,False,False,True,False,False,False,False,False,True,False,False,False,True,False,False,False,True,False,False,False,False,True
0.4087716575222072,880.0,-0.07519506268436271,0.016936235031011538,0.3866717676043696,-0.8024958872632796,-0.15053763750671667,-0.09544761854796006,-0.7594299096283988,-0.9854309447893159,0.050997261264770256,0.03224078554361997,-0.12584653946852056,0,0,6.78105762593618,False,False,False,False,False,False,False,False,False,True,False,False,False,False,False,False,False,False,False,False,True,False,False,False,False,False,True,False,False,False,True,False,False,False,True,False,False,False,True,False
-1.2044068787278503,1958.9,-0.07519506268436271,-1.0052832259279667,1.7564237766126358,-0.8024958872632796,-0.15053763750671667,-0.09544761854796006,-0.21163664759456588,1.1878544424495303,1.345361642623338,1.8605858351699458,1.8639552457496082,0,1,7.580648730514814,True,False,False,False,False,False,False,False,False,False,False,False,False,False,False,False,False,False,False,False,False,True,False,False,False,False,False,False,False,True,True,False,False,True,False,False,False,False,True,False
1.6011210104026858,1549.0,1.4987674542268743,1.7456897351822263,0.3866717676043696,1.1369138261873721,-0.15053763750671667,-0.09544761854796006,1.3803875201912614,1.3854258412894256,0.050997261264770256,0.03224078554361997,-0.4476204786194528,0,0,7.346010209913293,False,True,False,False,False,False,False,False,False,False,False,False,False,False,False,False,False,False,True,False,False,False,False,False,False,False,True,False,False,False,False,False,False,False,False,False,False,False,False,False
0.4087716575222072,735.07,-0.07519506268436271,0.15222998721675918,0.3866717676043696,-0.8024958872632796,-0.15053763750671667,-0.09544761854796006,-0.7594299096283988,-0.9854309447893159,0.050997261264770256,0.03224078554361997,-0.12584653946852056,0,0,6.601325222901983,False,False,False,True,False,False,False,False,False,False,False,False,False,False,False,False,False,False,False,False,True,False,False,False,True,False,False,False,False,False,True,False,False,False,True,False,False,False,False,False
-0.713439498130007,2499.0,1.4987674542268743,-1.0203158650597164,1.7564237766126358,-0.8024958872632796,-0.15053763750671667,-0.09544761854796006,-0.21163664759456588,0.5951402459298452,1.345361642623338,1.2980181275926148,1.4653917075655414,1,0,7.824046010856292,False,False,False,False,False,False,False,False,False,True,False,False,False,False,False,False,False,False,False,False,False,False,False,False,False,False,True,False,False,False,True,False,False,False,True,False,False,False,True,False
0.4087716575222072,812.0,-0.07519506268436271,0.24242582200725737,-0.9830802414038966,0.16720896946204622,-0.15053763750671667,-0.09544761854796006,-0.2373144567524018,0.3975688470899499,-1.06943690634874,-1.0647662442321755,-1.071448973483805,0,0,6.70073110954781,False,False,False,False,False,False,False,False,False,False,False,False,False,False,False,True,False,False,False,False,True,False,False,False,False,False,True,False,False,False,True,False,False,False,True,False,False,False,False,True
0.4087716575222072,713.07,0.7117861957712558,0.39275221332475374,-0.9830802414038966,1.1369138261873721,-0.15053763750671667,-0.09544761854796006,0.8325942581574283,0.7927116447697404,-1.06943690634874,-1.0647662442321755,-1.071448973483805,0,0,6.570980996749741,False,False,False,True,False,False,False,False,False,False,False,False,False,False,False,False,False,False,False,False,True,False,False,False,False,False,True,False,False,False,True,False,False,False,True,False,False,False,True,False
1.6011210104026858,1099.0,-0.07519506268436271,1.1443841699122381,-0.2982042368997635,1.1369138261873721,-0.15053763750671667,-0.09544761854796006,1.1064908891743448,-0.9854309447893159,0.050997261264770256,0.03224078554361997,-0.4476204786194528,0,0,7.003065458786462,False,False,False,True,False,False,False,False,False,False,False,False,False,False,False,False,False,False,False,False,True,False,False,False,True,False,False,False,False,False,True,False,False,False,True,False,False,False,False,False
0.4087716575222072,745.0,-0.07519506268436271,0.24242582200725737,-0.9830802414038966,1.1369138261873721,-0.15053763750671667,-0.09544761854796006,0.8325942581574283,-0.9854309447893159,0.050997261264770256,0.03224078554361997,-0.12584653946852056,0,1,6.61472560020376,False,False,False,False,False,False,False,False,False,False,False,False,False,False,False,False,False,False,False,False,True,False,False,False,False,False,True,False,False,False,True,False,False,False,True,False,False,False,False,True
1.6011210104026858,489.0,-0.8621763211399812,1.1443841699122381,-0.9830802414038966,1.1369138261873721,-0.15053763750671667,-0.09544761854796006,0.8325942581574283,-0.5902881471095258,-0.5961849294145135,-0.6006478854808774,-0.9401410790646072,0,0,6.194405391104672,False,False,False,False,False,False,False,False,False,True,False,False,False,False,False,False,False,False,False,False,True,False,False,False,False,False,True,False,False,False,True,False,True,False,False,False,False,False,True,False
1.6011210104026858,849.0,-0.07519506268436271,1.1443841699122381,-0.9830802414038966,3.0763235396380235,-0.15053763750671667,-0.09544761854796006,2.9724116879770883,-0.9854309447893159,0.050997261264770256,0.03224078554361997,-0.4476204786194528,0,0,6.745236349484363,False,False,False,False,False,False,False,False,False,True,False,False,False,False,False,False,False,False,False,False,True,False,False,False,False,True,False,False,False,False,True,False,False,False,True,False,False,False,False,True
1.6011210104026858,859.0,-0.46868569191217196,1.1443841699122381,-0.2982042368997635,1.1369138261873721,-0.15053763750671667,-0.09544761854796006,1.1064908891743448,0.7927116447697404,-0.5961849294145135,-0.6006478854808774,-0.9401410790646072,0,0,6.756932389247553,False,False,False,False,False,False,False,False,False,True,False,False,False,False,False,False,False,False,False,False,True,False,False,False,False,False,True,False,False,False,True,False,False,False,True,False,False,False,False,True
0.4087716575222072,428.0,-0.8621763211399812,0.31758901766600556,-0.9830802414038966,1.1369138261873721,-0.15053763750671667,-0.09544761854796006,0.8325942581574283,-0.5902881471095258,0.050997261264770256,0.03224078554361997,-0.12584653946852056,0,0,6.061456918928017,False,False,False,True,False,False,False,False,False,False,False,False,False,False,False,False,False,False,False,False,True,False,False,False,True,False,False,False,False,False,True,False,True,False,False,False,False,False,False,False
0.4087716575222072,829.0,-0.07519506268436271,0.6934049959597477,0.3866717676043696,-0.8024958872632796,-0.15053763750671667,-0.09544761854796006,-0.7594299096283988,0.3975688470899499,0.050997261264770256,0.03224078554361997,-0.12584653946852056,0,1,6.721425700790643,False,False,False,False,False,False,False,False,False,True,False,False,False,False,False,False,False,False,True,False,False,False,False,False,False,False,True,False,False,False,True,False,False,True,False,False,False,False,False,True
0.4087716575222072,579.0,-0.46868569191217196,0.24242582200725737,0.3866717676043696,-0.8024958872632796,-0.15053763750671667,-0.09544761854796006,-0.7594299096283988,0.3975688470899499,0.050997261264770256,0.03224078554361997,-0.12584653946852056,0,0,6.363028103540465,False,False,False,False,False,False,False,False,False,True,False,False,False,False,False,False,False,False,False,False,True,False,False,False,False,False,True,False,False,False,True,False,False,True,False,False,False,False,True,False
0.4087716575222072,951.0,-0.07519506268436271,1.4450369525472322,0.3866717676043696,-0.8024958872632796,-0.15053763750671667,-0.09544761854796006,-0.7594299096283988,-0.9854309447893159,0.050997261264770256,0.03224078554361997,-0.12584653946852056,0,1,6.858565034791365,False,False,False,False,False,False,False,False,False,False,False,False,False,False,False,False,False,False,False,False,True,False,False,False,False,False,True,False,False,False,True,False,False,False,True,False,False,False,False,True
0.4087716575222072,659.0,0.7117861957712558,0.16726262634850855,-0.9830802414038966,1.1369138261873721,-0.15053763750671667,-0.09544761854796006,0.8325942581574283,0.7927116447697404,0.050997261264770256,0.03224078554361997,-0.12584653946852056,1,1,6.492239835020471,False,False,False,False,False,False,False,False,False,False,False,False,False,False,False,False,False,False,False,False,True,False,False,False,False,False,True,False,False,False,True,False,False,False,True,False,False,False,True,False
0.4087716575222072,1097.0,-0.07519506268436271,-0.13339015628648515,0.3866717676043696,-0.8024958872632796,-0.15053763750671667,-0.09544761854796006,-0.7594299096283988,0.7927116447697404,0.050997261264770256,0.03224078554361997,-0.12584653946852056,0,1,7.001245622069476,False,False,False,False,False,False,False,False,False,True,False,False,False,False,False,False,False,False,False,False,True,False,False,False,False,False,True,False,False,False,True,False,False,False,True,False,False,False,True,False
0.4087716575222072,977.0,-0.07519506268436271,-0.5092061345802273,0.3866717676043696,-0.8024958872632796,-0.15053763750671667,-0.09544761854796006,-0.7594299096283988,0.3975688470899499,0.050997261264770256,0.03224078554361997,-0.12584653946852056,0,0,6.885509670034818,False,True,False,False,False,False,False,False,False,False,False,False,False,False,False,False,False,False,False,False,False,True,False,False,False,False,True,False,False,False,True,False,False,True,False,False,False,False,False,True
0.4087716575222072,1179.0,1.4987674542268743,0.6934049959597477,0.3866717676043696,1.1369138261873721,-0.15053763750671667,-0.09544761854796006,1.3803875201912614,0.9902830436096349,0.050997261264770256,0.03224078554361997,-0.12584653946852056,0,1,7.07326971745971,False,False,False,False,False,False,False,False,False,True,False,False,False,False,False,False,False,False,True,False,False,False,False,False,False,False,True,False,False,False,True,False,False,False,True,False,False,False,False,True
0.4087716575222072,659.01,-0.07519506268436271,0.24242582200725737,-0.9830802414038966,1.1369138261873721,-0.15053763750671667,-0.09544761854796006,0.8325942581574283,0.7927116447697404,0.050997261264770256,0.03224078554361997,-0.12584653946852056,0,0,6.49225498642084,False,False,False,False,False,False,False,False,False,True,False,False,False,False,False,False,False,False,False,False,True,False,False,False,False,True,False,False,False,False,True,False,False,False,True,False,False,False,False,True
0.4087716575222072,199.0,-1.2556669503677904,0.22739318287550736,-0.89747074084088,-0.8024958872632796,-0.15053763750671667,-0.09544761854796006,-1.2729860927851173,-1.5781451413090015,-1.06943690634874,-1.0647662442321755,-1.071448973483805,0,0,5.298317366548036,False,False,False,False,False,False,False,False,False,False,False,False,False,False,False,False,False,False,False,False,True,False,False,True,False,False,False,False,False,False,True,False,False,False,False,False,True,False,True,False
1.6011210104026858,1187.0,-0.07519506268436271,1.4450369525472322,-0.9830802414038966,1.1369138261873721,-0.15053763750671667,-0.09544761854796006,0.8325942581574283,0.9902830436096349,0.050997261264770256,0.03224078554361997,-0.4476204786194528,0,0,7.080026499922591,False,True,False,False,False,False,False,False,False,False,False,False,False,False,False,False,False,False,True,False,False,False,False,False,False,False,True,False,False,False,True,False,False,False,True,False,False,False,False,True
1.6011210104026858,489.0,-0.07519506268436271,0.7535355524867465,-0.9830802414038966,1.1369138261873721,-0.15053763750671667,-0.09544761854796006,0.8325942581574283,-0.5902881471095258,-0.5961849294145135,-0.6006478854808774,-0.9401410790646072,0,0,6.194405391104672,False,False,False,False,False,False,True,False,False,False,False,False,False,False,False,False,False,False,False,False,True,False,False,False,False,False,True,False,False,False,True,False,True,False,False,False,False,False,True,False
0.4087716575222072,1829.0,-0.07519506268436271,-0.058226960627736635,0.3866717676043696,-0.8024958872632796,-0.15053763750671667,-0.09544761854796006,-0.7594299096283988,0.9902830436096349,0.050997261264770256,0.03224078554361997,-0.12584653946852056,0,0,7.512071245835466,False,False,False,True,False,False,False,False,False,False,False,False,False,False,False,False,False,False,False,False,True,False,False,False,False,False,True,False,False,False,True,False,False,False,True,False,False,False,False,True
0.4087716575222072,739.0,-0.07519506268436271,0.016936235031011538,0.3866717676043696,-0.8024958872632796,-0.15053763750671667,-0.09544761854796006,-0.7594299096283988,-1.380573742469106,0.050997261264770256,0.03224078554361997,-0.12584653946852056,0,0,6.606650186198215,False,False,False,False,False,False,False,False,False,True,False,False,False,False,False,False,False,False,False,False,True,False,False,False,False,False,True,False,False,False,True,False,False,True,False,False,False,False,True,False
0.4087716575222072,1299.0,-0.07519506268436271,1.7456897351822263,-0.9830802414038966,1.1369138261873721,-0.15053763750671667,-0.09544761854796006,0.8325942581574283,0.9902830436096349,0.050997261264770256,0.03224078554361997,-0.12584653946852056,0,1,7.170119543449628,False,False,False,False,False,False,False,False,False,True,False,False,False,False,False,False,False,False,True,False,False,False,False,False,False,False,True,False,False,False,True,False,False,False,True,False,False,False,False,True
0.4087716575222072,979.0,-0.07519506268436271,0.6934049959597477,0.3866717676043696,-0.8024958872632796,-0.15053763750671667,-0.09544761854796006,-0.7594299096283988,0.9902830436096349,0.050997261264770256,0.03224078554361997,-0.12584653946852056,0,0,6.887552571664617,False,False,False,False,False,False,False,False,False,False,False,False,False,False,False,False,False,False,False,False,True,False,False,False,True,False,False,False,False,False,True,False,False,False,True,False,False,False,False,True
1.6011210104026858,2884.86,1.4987674542268743,2.076407796080719,0.3866717676043696,-0.8024958872632796,-0.15053763750671667,-0.09544761854796006,-0.7594299096283988,1.1878544424495303,0.050997261264770256,0.03224078554361997,-0.4476204786194528,0,0,7.967578228108656,False,False,False,True,False,False,False,False,False,False,False,False,False,False,False,False,False,False,False,False,False,False,True,False,False,False,True,False,False,False,True,False,False,False,True,False,False,False,False,True
0.4087716575222072,499.0,-0.46868569191217196,0.5430786046422508,-0.9830802414038966,1.1369138261873721,-0.15053763750671667,-0.09544761854796006,0.8325942581574283,0.19999744825005455,0.050997261264770256,0.03224078554361997,-0.12584653946852056,0,0,6.214608098422191,False,False,False,False,False,False,False,False,False,True,False,False,False,False,False,False,False,False,False,False,True,False,False,False,False,False,True,False,False,False,False,False,False,False,False,False,False,False,False,False
0.4087716575222072,1468.0,1.4987674542268743,-0.6144346085024752,1.7564237766126358,-0.8024958872632796,-0.15053763750671667,-0.09544761854796006,-0.21163664759456588,0.7927116447697404,0.050997261264770256,0.03224078554361997,-0.12584653946852056,0,0,7.292337176173877,False,True,False,False,False,False,False,False,False,False,False,False,False,False,False,False,False,False,False,False,False,True,False,False,False,False,True,False,False,False,True,False,False,False,True,False,False,False,False,True
-0.713439498130007,509.0,-0.8621763211399812,-1.1105116998502147,-0.2982042368997635,-0.8024958872632796,-0.15053763750671667,-0.09544761854796006,-1.0333265406453154,0.19999744825005455,-1.06943690634874,-1.0647662442321755,-0.8048893079579068,0,0,6.234410725718371,False,True,False,False,False,False,False,False,False,False,False,False,False,False,False,False,False,False,False,False,True,False,False,False,False,False,True,False,False,False,True,False,True,False,False,False,False,False,True,False
1.6011210104026858,2122.0,1.4987674542268743,1.2947105612297352,0.3866717676043696,1.1369138261873721,-0.15053763750671667,-0.09544761854796006,1.3803875201912614,0.9902830436096349,0.050997261264770256,0.03224078554361997,-0.4476204786194528,0,0,7.660585461703256,False,True,False,False,False,False,False,False,False,False,False,False,False,False,False,False,False,False,True,False,False,False,False,False,False,False,True,False,False,False,True,False,False,False,True,False,False,False,False,True
1.6011210104026858,649.0,-0.46868569191217196,1.1443841699122381,-0.9830802414038966,1.1369138261873721,-0.15053763750671667,-0.09544761854796006,0.8325942581574283,0.3975688470899499,-0.5961849294145135,-0.6006478854808774,-0.9401410790646072,0,0,6.476972362889683,False,False,False,False,False,False,False,False,False,True,False,False,False,False,False,False,False,False,False,False,True,False,False,False,False,False,True,False,False,False,True,False,False,True,False,False,False,False,False,True
0.4087716575222072,549.0,-0.07519506268436271,0.24242582200725737,-0.9830802414038966,3.0763235396380235,-0.15053763750671667,-0.09544761854796006,2.9724116879770883,0.3975688470899499,-1.06943690634874,-1.0647662442321755,-1.071448973483805,0,0,6.309918278226516,False,False,False,False,False,False,False,False,False,True,False,False,False,False,False,False,False,False,False,False,True,False,False,False,False,True,False,False,False,False,True,False,False,True,False,False,False,False,False,True
0.4087716575222072,1265.0,-0.07519506268436271,0.6934049959597477,-0.2982042368997635,1.1369138261873721,-0.15053763750671667,-0.09544761854796006,1.1064908891743448,0.9902830436096349,0.050997261264770256,0.03224078554361997,-0.12584653946852056,0,0,7.143617602704121,False,True,False,False,False,False,False,False,False,False,False,False,False,False,False,False,False,False,True,False,False,False,False,False,False,False,True,False,False,False,True,False,False,False,True,False,False,False,False,True
0.4087716575222072,359.99,-0.8621763211399812,0.24242582200725737,-0.9830802414038966,1.1369138261873721,-0.15053763750671667,-0.09544761854796006,0.8325942581574283,-2.3684307366685817,-1.06943690634874,-1.0647662442321755,-1.071448973483805,0,0,5.888850257118181,False,False,False,False,False,False,False,False,False,True,False,False,False,False,False,False,False,False,False,False,True,False,False,False,False,True,False,False,False,False,True,False,False,False,False,False,True,False,True,False
-1.2044068787278503,1975.0,1.4987674542268743,-1.140576978113714,0.3866717676043696,-0.8024958872632796,-0.15053763750671667,-0.09544761854796006,-0.7594299096283988,0.9902830436096349,0.050997261264770256,0.03224078554361997,0.4406797470538846,1,0,7.588829878307813,False,False,False,False,False,False,True,False,False,False,False,False,False,False,False,False,False,False,False,False,False,False,False,False,False,False,True,False,False,False,True,False,False,False,True,False,False,False,True,False
0.4087716575222072,1043.0,-0.07519506268436271,0.24242582200725737,0.3866717676043696,-0.8024958872632796,-0.15053763750671667,-0.09544761854796006,-0.7594299096283988,0.3975688470899499,0.050997261264770256,0.03224078554361997,-0.12584653946852056,0,1,6.950814768442584,False,False,False,False,False,False,False,False,False,False,False,False,False,False,False,True,False,False,False,False,True,False,False,False,False,False,True,False,False,False,True,False,False,False,True,False,False,False,False,True
0.4087716575222072,819.0,-0.07519506268436271,0.39275221332475374,-0.2982042368997635,1.1369138261873721,-0.15053763750671667,-0.09544761854796006,1.1064908891743448,0.3975688470899499,0.050997261264770256,0.03224078554361997,-0.12584653946852056,0,0,6.709304340258298,False,False,False,False,False,False,False,False,False,True,False,False,False,False,False,False,False,False,False,False,True,False,False,False,False,False,True,False,False,False,True,False,False,True,False,False,False,False,False,True
0.4087716575222072,469.0,-0.8621763211399812,-0.2686839084722321,-0.9830802414038966,1.1369138261873721,-0.15053763750671667,-0.09544761854796006,0.8325942581574283,-0.5902881471095258,0.050997261264770256,0.03224078554361997,-0.12584653946852056,0,0,6.152732694704104,False,False,False,False,False,False,True,False,False,False,False,False,False,False,False,False,False,False,False,False,True,False,False,False,False,False,True,False,False,False,True,False,True,False,False,False,False,False,True,False
-1.2044068787278503,999.0,-0.07519506268436271,-1.4111644824852083,0.3866717676043696,-0.8024958872632796,-0.15053763750671667,-0.09544761854796006,-0.7594299096283988,0.3975688470899499,0.050997261264770256,0.03224078554361997,0.4406797470538846,0,1,6.907755278982137,False,False,False,False,False,False,False,False,False,True,False,False,False,False,False,False,False,False,False,False,True,False,False,False,False,False,True,False,False,False,True,False,False,True,False,False,False,False,True,False
-1.2044068787278503,2499.0,1.4987674542268743,-1.245805452035962,4.367513543784643,-0.8024958872632796,-0.15053763750671667,-0.09544761854796006,0.8325942581574283,-0.9854309447893159,3.934090405340473,3.8295728116906047,4.283175604412853,1,1,7.824046010856292,False,False,False,True,False,False,False,False,False,False,False,False,False,False,False,False,False,False,False,False,False,True,False,False,False,False,True,False,False,False,True,False,False,False,True,False,False,False,True,False
0.4087716575222072,2099.0,1.4987674542268743,1.1443841699122381,0.3866717676043696,1.1369138261873721,-0.15053763750671667,-0.09544761854796006,1.3803875201912614,0.9902830436096349,0.050997261264770256,0.03224078554361997,-0.12584653946852056,0,1,7.649692623711514,False,False,False,False,False,False,False,False,False,False,True,False,False,False,False,False,False,False,True,False,False,False,False,False,False,False,True,False,False,False,True,False,False,False,True,False,False,False,False,True
0.4087716575222072,469.0,-0.07519506268436271,0.28752373940250614,0.3866717676043696,-0.8024958872632796,-0.15053763750671667,-0.09544761854796006,-0.7594299096283988,-0.19514534942973516,0.050997261264770256,0.03224078554361997,-0.12584653946852056,0,0,6.152732694704104,False,False,False,False,False,False,False,False,False,False,False,False,False,False,False,False,False,False,False,False,True,False,False,False,False,False,True,False,False,False,False,False,False,False,False,False,False,False,False,False
-2.396756231608329,275.0,-1.2556669503677904,-1.4111644824852083,-0.9830802414038966,-0.8024958872632796,0.9068776814757729,-0.09544761854796006,-1.2387490139080028,-2.3684307366685817,-1.06943690634874,-1.0647662442321755,-0.26782610021860753,1,0,5.62040086571715,False,True,False,False,False,False,False,False,False,False,False,False,False,False,False,False,False,False,False,False,False,False,False,False,False,False,True,False,False,False,True,False,False,False,False,False,True,False,True,False
0.4087716575222072,844.0,-0.07519506268436271,0.4378501307200032,-0.2982042368997635,1.1369138261873721,-0.15053763750671667,-0.09544761854796006,1.1064908891743448,-1.380573742469106,0.050997261264770256,0.03224078554361997,-0.12584653946852056,0,0,6.739336627357174,False,False,False,True,False,False,False,False,False,False,False,False,False,False,False,False,False,False,False,False,True,False,False,False,False,False,True,False,False,False,True,False,False,True,False,False,False,False,False,False
-1.2044068787278503,2449.0,1.4987674542268743,-1.1255443389819644,4.367513543784643,-0.8024958872632796,-0.15053763750671667,-0.09544761854796006,0.8325942581574283,-0.9854309447893159,3.934090405340473,3.8295728116906047,4.283175604412853,1,1,7.803843303538772,False,False,False,False,False,False,True,False,False,False,False,False,False,False,False,False,False,False,False,False,False,False,False,False,False,False,True,False,False,False,True,False,False,False,True,False,False,False,True,False
-1.2044068787278503,459.9,-0.8621763211399812,-0.8850221128739695,-0.9830802414038966,-0.8024958872632796,0.3781700219845281,-0.09544761854796006,-1.2729860927851173,-1.380573742469106,-1.06943690634874,-1.0647662442321755,-0.6682455803732644,0,0,6.133181099726462,False,False,False,False,False,False,False,False,False,True,False,False,False,False,False,False,False,False,False,False,True,False,False,True,False,False,False,False,False,False,True,False,False,False,False,False,True,False,True,False
-0.713439498130007,980.0,-0.07519506268436271,-0.13339015628648515,0.3866717676043696,-0.8024958872632796,-0.15053763750671667,-0.09544761854796006,-0.7594299096283988,0.3975688470899499,0.050997261264770256,0.03224078554361997,0.2485897530978847,0,0,6.8885724595653635,False,False,False,False,False,False,True,False,False,False,False,False,False,False,False,False,False,False,False,False,True,False,False,False,False,False,True,False,False,False,True,False,False,True,False,False,False,False,True,False
-2.396756231608329,485.0,-0.8621763211399812,-0.960185308532718,-0.9830802414038966,-0.8024958872632796,4.079123638423241,-0.09544761854796006,-1.0333265406453154,-1.380573742469106,-1.06943690634874,-1.0647662442321755,-0.26782610021860753,0,0,6.186208623900494,False,False,False,False,False,False,False,False,False,False,False,False,False,False,False,False,False,False,False,False,True,False,False,False,False,False,True,False,False,False,True,False,False,False,False,False,True,False,True,False
-0.713439498130007,1292.0,-0.07519506268436271,-0.8399241954787204,0.3866717676043696,-0.8024958872632796,-0.15053763750671667,-0.09544761854796006,-0.7594299096283988,0.7927116447697404,0.050997261264770256,0.03224078554361997,0.2485897530978847,0,0,7.164720378771857,False,False,False,False,False,False,True,False,False,False,False,False,False,False,False,False,False,False,False,False,True,False,False,False,False,False,True,False,False,False,True,False,False,False,True,False,False,False,True,False
1.6011210104026858,589.0,-0.8621763211399812,1.1293515307804887,-0.9830802414038966,1.1369138261873721,-0.15053763750671667,-0.09544761854796006,0.8325942581574283,0.3975688470899499,-0.5961849294145135,-0.6006478854808774,-0.9401410790646072,0,0,6.380122536899765,False,False,False,False,False,False,False,False,False,True,False,False,False,False,False,False,False,False,False,False,True,False,False,False,False,False,True,False,False,False,True,False,False,True,False,False,False,False,False,True
-0.713439498130007,1094.0,-0.07519506268436271,-0.058226960627736635,0.3866717676043696,-0.8024958872632796,-0.15053763750671667,-0.09544761854796006,-0.7594299096283988,0.7927116447697404,0.050997261264770256,0.03224078554361997,0.2485897530978847,0,0,6.9985096422506015,False,True,False,False,False,False,False,False,False,False,False,False,False,False,False,False,False,False,False,False,True,False,False,False,False,False,True,False,False,False,True,False,False,False,True,False,False,False,True,False
0.4087716575222072,902.0,-0.07519506268436271,0.09209943068976037,-0.9830802414038966,1.1369138261873721,-0.15053763750671667,-0.09544761854796006,0.8325942581574283,-0.9854309447893159,-1.06943690634874,-1.0647662442321755,-1.071448973483805,0,1,6.805722553416985,False,False,False,False,False,False,True,False,False,False,False,False,False,False,False,False,False,False,False,False,True,False,False,False,False,False,True,False,False,False,True,False,False,False,True,False,False,False,True,False
0.4087716575222072,659.0,-0.07519506268436271,0.24242582200725737,0.3866717676043696,-0.8024958872632796,-0.15053763750671667,-0.09544761854796006,-0.7594299096283988,0.7927116447697404,-1.06943690634874,-1.0647662442321755,-1.071448973483805,0,0,6.492239835020471,False,False,False,False,False,False,False,False,False,False,False,False,False,False,False,False,False,False,False,False,True,False,False,False,False,False,True,False,False,False,False,False,False,False,False,False,False,False,False,False
-0.713439498130007,292.0,-0.8621763211399812,-0.9000547520057193,-0.9830802414038966,-0.8024958872632796,0.9068776814757729,-0.09544761854796006,-1.2387490139080028,-2.3684307366685817,-1.06943690634874,-1.0647662442321755,-0.8048893079579068,0,0,5.680172609017068,False,False,False,False,False,False,False,False,False,True,False,False,False,False,False,False,False,False,False,False,True,False,False,False,False,False,True,False,False,False,True,False,False,False,False,False,True,False,True,False
0.4087716575222072,549.0,-0.46868569191217196,0.28752373940250614,-0.9830802414038966,1.1369138261873721,-0.15053763750671667,-0.09544761854796006,0.8325942581574283,0.3975688470899499,-1.06943690634874,-1.0647662442321755,-1.071448973483805,0,0,6.309918278226516,False,False,False,False,False,False,False,False,False,False,False,False,False,False,False,False,False,False,False,False,True,False,False,False,False,False,True,False,False,False,True,False,False,True,False,False,False,False,True,False
0.4087716575222072,1049.9,-0.07519506268436271,-0.5092061345802273,0.3866717676043696,-0.8024958872632796,-0.15053763750671667,-0.09544761854796006,-0.7594299096283988,0.7927116447697404,0.050997261264770256,0.03224078554361997,-0.12584653946852056,0,0,6.957402218871551,False,True,False,False,False,False,False,False,False,False,False,False,False,False,False,False,False,False,False,False,False,True,False,False,False,False,True,False,False,False,True,False,False,False,True,False,False,False,False,True
-1.765512456553958,1335.0,-0.07519506268436271,-1.1706422563772134,0.3866717676043696,-0.8024958872632796,-0.15053763750671667,-0.09544761854796006,-0.7594299096283988,0.7927116447697404,0.050997261264770256,0.03224078554361997,0.6865920581569761,0,0,7.197435354096591,False,False,False,False,False,False,True,False,False,False,False,False,False,False,False,False,False,False,False,False,False,True,False,False,False,False,True,False,False,False,True,False,False,False,True,False,False,False,True,False
0.4087716575222072,2639.0,4.646692488049348,0.03196887416276157,4.367513543784643,-0.8024958872632796,-0.15053763750671667,-0.09544761854796006,0.8325942581574283,0.9902830436096349,3.934090405340473,3.8295728116906047,3.1501230313680426,1,0,7.878534196140362,False,False,False,True,False,False,False,False,False,False,False,False,False,False,False,False,False,False,False,False,True,False,False,False,False,False,True,False,False,False,True,False,False,False,True,False,False,False,False,True
1.6011210104026858,1199.0,-0.07519506268436271,0.9940577785947418,0.3866717676043696,1.1369138261873721,-0.15053763750671667,-0.09544761854796006,1.3803875201912614,0.9902830436096349,0.050997261264770256,0.03224078554361997,-0.4476204786194528,0,0,7.090076835776092,False,False,False,False,False,False,False,False,False,False,True,False,False,False,False,False,False,False,True,False,False,False,False,False,False,False,True,False,False,False,True,False,False,False,True,False,False,False,False,True
0.4087716575222072,943.0,-0.07519506268436271,-0.058226960627736635,0.3866717676043696,-0.8024958872632796,-0.15053763750671667,-0.09544761854796006,-0.7594299096283988,0.3975688470899499,0.050997261264770256,0.03224078554361997,-0.12584653946852056,0,1,6.8501261661455,False,False,False,False,False,False,False,False,False,False,False,False,False,False,False,True,False,False,False,False,True,False,False,False,False,False,True,False,False,False,True,False,False,True,False,False,False,False,True,False
-0.713439498130007,1334.0,-0.07519506268436271,-0.058226960627736635,0.3866717676043696,1.1369138261873721,-0.15053763750671667,-0.09544761854796006,1.3803875201912614,0.7927116447697404,0.050997261264770256,0.03224078554361997,0.2485897530978847,0,0,7.19668657083435,False,True,False,False,False,False,False,False,False,False,False,False,False,False,False,False,False,False,False,False,True,False,False,False,False,False,True,False,False,False,True,False,False,False,True,False,False,False,True,False
0.4087716575222072,449.0,-0.8621763211399812,-0.2837165476039818,-0.9830802414038966,1.1369138261873721,-0.15053763750671667,-0.09544761854796006,0.8325942581574283,-0.5902881471095258,0.050997261264770256,0.03224078554361997,-0.12584653946852056,0,0,6.1092475827643655,False,False,False,False,False,False,False,False,False,True,False,False,False,False,False,False,False,False,False,False,True,False,False,False,False,False,True,False,False,False,True,False,True,False,False,False,False,False,True,False
0.4087716575222072,999.0,-0.07519506268436271,0.6934049959597477,0.3866717676043696,-0.8024958872632796,-0.15053763750671667,-0.09544761854796006,-0.7594299096283988,0.9902830436096349,0.050997261264770256,0.03224078554361997,-0.12584653946852056,0,0,6.907755278982137,False,True,False,False,False,False,False,False,False,False,False,False,False,False,False,False,False,False,True,False,False,False,False,False,False,False,True,False,False,False,True,False,False,False,True,False,False,False,False,True
-0.713439498130007,1268.0,-0.07519506268436271,-0.8399241954787204,0.3866717676043696,-0.8024958872632796,-0.15053763750671667,-0.09544761854796006,-0.7594299096283988,0.5951402459298452,0.050997261264770256,0.03224078554361997,0.2485897530978847,0,0,7.1459844677143876,False,False,False,False,False,False,True,False,False,False,False,False,False,False,False,False,False,False,False,False,True,False,False,False,False,False,True,False,False,False,True,False,False,True,False,False,False,False,True,False
0.4087716575222072,1049.0,-0.07519506268436271,-0.20855335194523364,-0.2982042368997635,1.1369138261873721,-0.15053763750671667,-0.09544761854796006,1.1064908891743448,-1.380573742469106,0.050997261264770256,0.03224078554361997,-0.12584653946852056,0,1,6.956545443151569,False,False,False,True,False,False,False,False,False,False,False,False,False,False,False,False,False,False,False,False,False,True,False,False,False,False,True,False,False,False,True,False,False,True,False,False,False,False,False,True
0.4087716575222072,1144.0,-0.07519506268436271,-0.29874918673573153,0.3866717676043696,-0.8024958872632796,-0.15053763750671667,-0.09544761854796006,-0.7594299096283988,0.3975688470899499,0.050997261264770256,0.03224078554361997,-0.12584653946852056,0,0,7.0431599159883405,False,False,False,False,False,False,True,False,False,False,False,False,False,False,False,False,False,False,False,False,True,False,False,False,False,False,True,False,False,False,True,False,False,True,False,False,False,False,True,False
0.4087716575222072,274.99,-0.8621763211399812,-0.058226960627736635,-0.9830802414038966,1.1369138261873721,-0.15053763750671667,-0.09544761854796006,0.8325942581574283,-2.3684307366685817,-1.06943690634874,-1.0647662442321755,-1.071448973483805,0,0,5.620364633176702,False,True,False,False,False,False,False,False,False,False,False,False,False,False,False,False,False,False,False,False,True,False,False,False,True,False,False,False,False,False,True,False,False,False,False,False,True,False,True,False
0.4087716575222072,1142.75,-0.07519506268436271,-0.058226960627736635,0.3866717676043696,-0.8024958872632796,-0.15053763750671667,-0.09544761854796006,-0.7594299096283988,-1.380573742469106,0.050997261264770256,0.03224078554361997,-0.12584653946852056,0,0,7.042067616589731,False,False,False,True,False,False,False,False,False,False,False,False,False,False,False,False,False,False,False,False,True,False,False,False,False,False,True,False,False,False,True,False,False,True,False,False,False,False,False,True
0.4087716575222072,274.9,-0.8621763211399812,0.24242582200725737,-0.9830802414038966,0.16720896946204622,-0.15053763750671667,-0.09544761854796006,-0.2373144567524018,-1.380573742469106,-1.06943690634874,-1.0647662442321755,-1.071448973483805,0,0,5.62003848122324,False,False,False,True,False,False,False,False,False,False,False,False,False,False,False,False,False,False,False,False,True,False,False,False,True,False,False,False,False,False,True,False,False,False,False,False,True,False,True,False
0.4087716575222072,899.0,0.7117861957712558,0.24242582200725737,-0.9830802414038966,3.0763235396380235,-0.15053763750671667,-0.09544761854796006,2.9724116879770883,2.5708542343287966,0.050997261264770256,0.03224078554361997,-0.12584653946852056,0,0,6.802394763324311,False,False,False,False,False,False,False,False,False,True,False,False,False,False,False,False,False,False,False,False,True,False,False,False,False,False,True,False,False,False,False,False,False,False,False,False,False,False,False,False
0.4087716575222072,716.0,-0.07519506268436271,0.09209943068976037,-0.9830802414038966,1.1369138261873721,-0.15053763750671667,-0.09544761854796006,0.8325942581574283,0.19999744825005455,0.050997261264770256,0.03224078554361997,-0.12584653946852056,0,1,6.57507584059962,False,False,False,False,False,False,True,False,False,False,False,False,False,False,False,False,False,False,False,False,True,False,False,False,False,False,True,False,False,False,True,False,True,False,False,False,False,False,False,True
-0.7835776953582702,2099.0,1.4987674542268743,-0.960185308532718,1.7564237766126358,-0.8024958872632796,-0.15053763750671667,-0.09544761854796006,-0.21163664759456588,-0.9854309447893159,3.934090405340473,3.8295728116906047,3.9516579699163277,1,1,7.649692623711514,False,False,False,False,False,False,False,False,False,True,False,False,False,False,False,False,False,False,False,False,False,False,False,False,False,False,True,False,False,False,True,False,False,False,True,False,False,False,True,False
-1.2044068787278503,1579.0,-0.07519506268436271,-1.2608380911677117,0.3866717676043696,-0.8024958872632796,-0.15053763750671667,-0.09544761854796006,-0.7594299096283988,-0.9854309447893159,0.050997261264770256,0.03224078554361997,0.4406797470538846,0,0,7.365180126021013,False,False,False,True,False,False,False,False,False,False,False,False,False,False,False,False,False,False,False,False,False,True,False,False,False,False,True,False,False,False,True,False,False,False,True,False,False,False,True,False
0.4087716575222072,1129.0,1.4987674542268743,0.5430786046422508,0.3866717676043696,3.0763235396380235,-0.15053763750671667,-0.09544761854796006,3.520204950010921,0.9902830436096349,0.050997261264770256,0.03224078554361997,-0.12584653946852056,0,1,7.029972911706386,False,False,False,False,False,False,False,False,False,True,False,False,False,False,False,False,False,False,True,False,False,False,False,False,False,False,True,False,False,False,True,False,False,False,True,False,False,False,False,True
-0.713439498130007,279.0,-1.2556669503677904,-0.9000547520057193,-0.9830802414038966,-0.8024958872632796,0.9068776814757729,-0.09544761854796006,-1.2387490139080028,-1.380573742469106,-1.06943690634874,-1.0647662442321755,-0.8048893079579068,0,0,5.634789603169249,False,False,False,False,False,False,True,False,False,False,False,False,False,False,False,False,False,False,False,False,True,False,False,False,False,False,True,False,False,False,True,False,False,False,False,False,True,False,True,False
0.4087716575222072,1607.96,1.4987674542268743,-0.23861863020873306,3.126175785620902,-0.8024958872632796,-0.15053763750671667,-0.09544761854796006,0.33615661443926714,-0.7878595459494211,0.050997261264770256,0.03224078554361997,-0.12584653946852056,0,0,7.383343286521773,False,False,False,True,False,False,False,False,False,False,False,False,False,False,False,False,False,False,False,False,False,True,False,False,False,False,True,False,False,False,True,False,False,False,True,False,False,False,True,False
-2.396756231608329,375.0,-0.8621763211399812,-0.809858917215221,-0.9830802414038966,-0.8024958872632796,0.9068776814757729,-0.09544761854796006,-1.2387490139080028,-2.3684307366685817,-1.06943690634874,-1.0647662442321755,-0.26782610021860753,1,0,5.929589143389895,False,True,False,False,False,False,False,False,False,False,False,False,False,False,False,False,False,False,False,False,False,False,False,False,False,False,True,False,False,False,True,False,False,False,False,False,True,False,True,False
0.4087716575222072,663.0,-0.07519506268436271,-0.20855335194523364,-0.9830802414038966,1.1369138261873721,-0.15053763750671667,-0.09544761854796006,0.8325942581574283,-1.380573742469106,0.050997261264770256,0.03224078554361997,-0.12584653946852056,0,0,6.498282149476434,False,False,False,True,False,False,False,False,False,False,False,False,False,False,False,False,False,False,False,False,False,True,False,False,False,False,True,False,False,False,True,False,False,True,False,False,False,False,False,False
0.4087716575222072,2027.42,1.4987674542268743,0.03196887416276157,1.7564237766126358,-0.8024958872632796,-0.15053763750671667,-0.09544761854796006,-0.21163664759456588,0.9902830436096349,3.934090405340473,3.8295728116906047,3.1501230313680426,1,0,7.615012443860422,False,False,False,True,False,False,False,False,False,False,False,False,False,False,False,False,False,False,False,False,True,False,False,False,False,False,True,False,False,False,True,False,False,False,True,False,False,False,False,True
0.4087716575222072,1304.0,-0.07519506268436271,-0.29874918673573153,0.3866717676043696,-0.8024958872632796,-0.15053763750671667,-0.09544761854796006,-0.7594299096283988,0.7927116447697404,0.050997261264770256,0.03224078554361997,-0.12584653946852056,0,0,7.173958319756794,False,False,False,False,False,False,True,False,False,False,False,False,False,False,False,False,False,False,False,False,True,False,False,False,False,False,True,False,False,False,True,False,False,False,True,False,False,False,True,False
1.6011210104026858,1409.0,-0.07519506268436271,0.9940577785947418,-0.2982042368997635,1.1369138261873721,-0.15053763750671667,-0.09544761854796006,1.1064908891743448,0.9902830436096349,0.050997261264770256,0.03224078554361997,-0.4476204786194528,0,0,7.251344983372214,False,False,False,False,False,False,False,False,False,False,True,False,False,False,False,False,False,False,True,False,False,False,False,False,False,False,True,False,False,False,True,False,False,False,True,False,False,False,False,True
0.4087716575222072,1738.27,-0.07519506268436271,0.8437313872772447,0.3866717676043696,-0.8024958872632796,-0.15053763750671667,-0.09544761854796006,-0.7594299096283988,0.9902830436096349,0.050997261264770256,0.03224078554361997,-0.12584653946852056,0,0,7.461220763947065,False,False,False,False,False,False,True,False,False,False,False,False,False,False,False,False,False,False,False,False,False,False,True,False,False,False,True,False,False,False,True,False,False,False,True,False,False,False,False,True
0.4087716575222072,1403.0,1.4987674542268743,0.5430786046422508,1.7564237766126358,-0.8024958872632796,-0.15053763750671667,-0.09544761854796006,-0.21163664759456588,0.3975688470899499,0.050997261264770256,0.03224078554361997,-0.12584653946852056,0,1,7.247080584585756,False,False,False,False,False,False,False,False,False,False,False,False,False,False,False,True,False,False,False,False,True,False,False,False,False,False,True,False,False,False,True,False,False,False,True,False,False,False,False,True
0.4087716575222072,970.9,-0.07519506268436271,-0.02816168236423723,-0.2982042368997635,3.0763235396380235,-0.15053763750671667,-0.09544761854796006,3.246308318994005,-0.9854309447893159,0.050997261264770256,0.03224078554361997,-0.12584653946852056,0,0,6.879252918509425,False,False,False,True,False,False,False,False,False,False,False,False,False,False,False,False,False,False,False,False,True,False,False,False,False,False,True,False,False,False,True,False,False,False,True,False,False,False,False,False
0.4087716575222072,321.99,-0.8621763211399812,0.24242582200725737,-0.9830802414038966,1.1369138261873721,-0.15053763750671667,-0.09544761854796006,0.8325942581574283,-2.3684307366685817,-1.06943690634874,-1.0647662442321755,-1.071448973483805,0,0,5.777621362991072,False,False,False,False,False,False,False,False,False,True,False,False,False,False,False,False,False,False,False,False,True,False,False,False,False,True,False,False,False,False,True,False,False,False,False,False,True,False,True,False
0.4087716575222072,999.0,-0.07519506268436271,0.9188945829359929,-0.9830802414038966,1.1369138261873721,-0.15053763750671667,-0.09544761854796006,0.8325942581574283,0.3975688470899499,0.050997261264770256,0.03224078554361997,-0.12584653946852056,0,0,6.907755278982137,False,False,False,True,False,False,False,False,False,False,False,False,False,False,False,False,False,False,True,False,False,False,False,False,False,False,True,False,False,False,True,False,False,True,False,False,False,False,False,True
0.4087716575222072,557.37,-0.07519506268436271,0.48294804811525194,-0.9830802414038966,3.0763235396380235,-0.15053763750671667,-0.09544761854796006,2.9724116879770883,0.3975688470899499,-1.06943690634874,-1.0647662442321755,-1.071448973483805,1,0,6.32502182507656,False,False,False,True,False,False,False,False,False,False,False,False,False,False,False,False,False,False,False,False,True,False,False,False,False,False,True,False,False,False,True,False,False,True,False,False,False,False,True,False
-0.713439498130007,1427.0,-0.07519506268436271,-1.0203158650597164,0.3866717676043696,-0.8024958872632796,-0.15053763750671667,-0.09544761854796006,-0.7594299096283988,0.5951402459298452,0.050997261264770256,0.03224078554361997,0.2485897530978847,0,0,7.2640301428995295,False,False,False,True,False,False,False,False,False,False,False,False,False,False,False,False,False,False,False,False,True,False,False,False,False,False,True,False,False,False,True,False,False,True,False,False,False,False,True,False
0.4087716575222072,439.0,-0.8621763211399812,-0.2686839084722321,-0.9830802414038966,0.16720896946204622,-0.15053763750671667,-0.09544761854796006,-0.2373144567524018,-0.5902881471095258,-1.06943690634874,-1.0647662442321755,-1.071448973483805,0,0,6.0867747269123065,False,False,False,False,False,False,True,False,False,False,False,False,False,False,False,False,False,False,False,False,True,False,False,False,False,False,True,False,False,False,True,False,True,False,False,False,False,False,True,False
-0.713439498130007,945.0,-0.07519506268436271,-0.058226960627736635,0.3866717676043696,-0.8024958872632796,-0.15053763750671667,-0.09544761854796006,-0.7594299096283988,0.3975688470899499,0.050997261264770256,0.03224078554361997,0.2485897530978847,0,0,6.852242569051878,False,True,False,False,False,False,False,False,False,False,False,False,False,False,False,False,False,False,False,False,True,False,False,False,False,False,True,False,False,False,True,False,False,True,False,False,False,False,True,False
1.6011210104026858,719.0,-0.46868569191217196,1.1443841699122381,-0.2982042368997635,1.1369138261873721,-0.15053763750671667,-0.09544761854796006,1.1064908891743448,0.3975688470899499,-0.5961849294145135,-0.6006478854808774,-0.9401410790646072,0,0,6.579251212010101,False,False,False,False,False,False,False,False,False,True,False,False,False,False,False,False,False,False,False,False,True,False,False,False,False,False,True,False,False,False,True,False,False,True,False,False,False,False,False,True
0.4087716575222072,639.0,-0.07519506268436271,-0.2686839084722321,-0.9830802414038966,1.1369138261873721,-0.15053763750671667,-0.09544761854796006,0.8325942581574283,0.3975688470899499,0.050997261264770256,0.03224078554361997,-0.12584653946852056,0,0,6.461468176353717,False,False,False,False,False,False,True,False,False,False,False,False,False,False,False,False,False,False,False,False,True,False,False,False,False,False,True,False,False,False,True,False,False,True,False,False,False,False,True,False
0.4087716575222072,499.0,-0.07519506268436271,0.24242582200725737,0.3866717676043696,-0.8024958872632796,-0.15053763750671667,-0.09544761854796006,-0.7594299096283988,-0.5902881471095258,-1.06943690634874,-1.0647662442321755,-1.071448973483805,0,0,6.214608098422191,False,False,False,False,False,False,False,False,False,True,False,False,False,False,False,False,False,False,False,False,True,False,False,False,False,True,False,False,False,False,True,False,True,False,False,False,False,False,False,True
0.4087716575222072,389.0,-0.07519506268436271,0.0019035958992621705,-0.9830802414038966,3.0763235396380235,-0.15053763750671667,-0.09544761854796006,2.9724116879770883,-1.380573742469106,-1.06943690634874,-1.0647662442321755,-1.071448973483805,0,0,5.966146739123692,False,False,False,False,False,False,True,False,False,False,False,False,False,False,False,False,False,False,False,False,True,False,False,False,False,False,True,False,False,False,True,False,False,False,False,False,True,False,True,False
1.6011210104026858,1085.0,-0.07519506268436271,1.1443841699122381,-0.2982042368997635,1.1369138261873721,-0.15053763750671667,-0.09544761854796006,1.1064908891743448,-1.380573742469106,0.050997261264770256,0.03224078554361997,-0.4476204786194528,0,0,6.990256500493881,False,False,False,True,False,False,False,False,False,False,False,False,False,False,False,False,False,False,False,False,True,False,False,False,False,False,True,False,False,False,True,False,False,True,False,False,False,False,False,False
0.4087716575222072,809.0,-0.07519506268436271,0.5430786046422508,-0.2982042368997635,1.1369138261873721,-0.15053763750671667,-0.09544761854796006,1.1064908891743448,0.3975688470899499,0.050997261264770256,0.03224078554361997,-0.12584653946852056,0,1,6.697034247666484,False,False,False,False,False,False,False,False,False,True,False,False,False,False,False,False,False,False,True,False,False,False,False,False,False,True,False,False,False,False,True,False,False,True,False,False,False,False,False,True
0.4087716575222072,899.0,-0.07519506268436271,0.4378501307200032,0.3866717676043696,-0.8024958872632796,-0.15053763750671667,-0.09544761854796006,-0.7594299096283988,0.7927116447697404,0.050997261264770256,0.03224078554361997,-0.12584653946852056,0,0,6.802394763324311,False,False,False,True,False,False,False,False,False,False,False,False,False,False,False,False,False,False,False,False,True,False,False,False,False,False,True,False,False,False,True,False,False,False,True,False,False,False,False,False
-0.713439498130007,1750.0,-0.07519506268436271,-1.0203158650597164,0.3866717676043696,-0.8024958872632796,-0.15053763750671667,-0.09544761854796006,-0.7594299096283988,0.7927116447697404,0.050997261264770256,0.03224078554361997,0.2485897530978847,0,1,7.467942332285852,False,False,False,False,False,False,True,False,False,False,False,False,False,False,False,False,False,False,False,False,False,True,False,False,False,False,True,False,False,False,True,False,False,False,True,False,False,False,True,False
0.4087716575222072,1099.0,0.7117861957712558,0.3326216567977549,1.7564237766126358,3.0763235396380235,-0.15053763750671667,-0.09544761854796006,4.067998212044754,0.7927116447697404,0.050997261264770256,0.03224078554361997,-0.12584653946852056,1,0,7.003065458786462,False,True,False,False,False,False,False,False,False,False,False,False,False,False,False,False,False,False,False,False,False,False,False,False,False,False,True,False,False,False,True,False,False,False,True,False,False,False,False,True
0.4087716575222072,426.0,-0.8621763211399812,0.09209943068976037,-0.2982042368997635,-0.8024958872632796,-0.15053763750671667,-0.09544761854796006,-1.0333265406453154,1.3854258412894256,-1.06943690634874,-1.0647662442321755,-1.071448973483805,0,0,6.056784013228625,False,False,False,False,False,False,False,False,False,False,False,False,False,False,False,False,False,False,False,False,True,False,False,False,False,False,True,False,False,False,False,False,False,False,False,False,False,False,False,False
1.6011210104026858,2199.0,1.4987674542268743,1.8208529308409742,0.3866717676043696,1.1369138261873721,-0.15053763750671667,-0.09544761854796006,1.3803875201912614,1.3854258412894256,0.050997261264770256,0.03224078554361997,-0.4476204786194528,0,1,7.696212639346407,False,True,False,False,False,False,False,False,False,False,False,False,False,False,False,False,False,False,True,False,False,False,False,False,False,False,True,False,False,False,False,False,False,False,False,False,False,False,False,False
1.6011210104026858,489.0,-0.8621763211399812,0.8437313872772447,-0.2982042368997635,-0.8024958872632796,-0.15053763750671667,-0.09544761854796006,-1.0333265406453154,-0.19514534942973516,-0.5961849294145135,-0.6006478854808774,-0.9401410790646072,0,0,6.194405391104672,False,False,False,False,False,False,False,False,False,True,False,False,False,False,False,False,False,False,False,False,True,False,False,False,False,False,True,False,False,False,False,False,False,False,False,False,False,False,False,False
-1.2044068787278503,869.01,-0.07519506268436271,-0.6294672476342246,0.3866717676043696,-0.8024958872632796,-0.15053763750671667,-0.09544761854796006,-0.7594299096283988,-0.9854309447893159,0.050997261264770256,0.03224078554361997,0.4406797470538846,1,0,6.768504705835444,False,False,False,True,False,False,False,False,False,False,False,False,False,False,False,False,False,False,False,False,False,False,False,False,False,False,True,False,False,False,True,False,False,False,True,False,False,False,True,False
0.4087716575222072,488.99,-0.8621763211399812,-0.19352071281348393,0.3866717676043696,-0.8024958872632796,-0.15053763750671667,-0.09544761854796006,-0.7594299096283988,1.3854258412894256,0.050997261264770256,0.03224078554361997,-0.12584653946852056,0,0,6.194384982733157,False,False,False,False,False,False,True,False,False,False,False,False,False,False,False,False,False,False,False,False,True,False,False,False,False,False,True,False,False,False,False,False,False,False,False,False,False,False,False,False
-2.396756231608329,553.0,-0.8621763211399812,-0.6745651650294737,-0.2982042368997635,-0.8024958872632796,-0.15053763750671667,-0.09544761854796006,-1.0333265406453154,-2.3684307366685817,-1.06943690634874,-1.0647662442321755,-0.26782610021860753,0,1,6.317164686747284,False,False,False,False,False,False,False,False,False,True,False,False,False,False,False,False,False,False,False,True,False,False,False,False,False,False,True,False,False,False,True,False,False,False,False,False,True,False,True,False
0.4087716575222072,309.0,-0.8621763211399812,-0.3588797432627303,-0.9830802414038966,0.16720896946204622,-0.15053763750671667,-0.09544761854796006,-0.2373144567524018,-1.380573742469106,-1.06943690634874,-1.0647662442321755,-1.071448973483805,0,0,5.736572297479192,False,False,False,True,False,False,False,False,False,False,False,False,False,False,False,False,False,False,False,False,True,False,False,False,False,False,True,False,False,False,True,False,False,False,False,False,True,False,True,False
-0.713439498130007,286.0,-0.8621763211399812,-0.809858917215221,-0.9830802414038966,-0.8024958872632796,0.9068776814757729,-0.09544761854796006,-1.2387490139080028,-2.3684307366685817,-1.06943690634874,-1.0647662442321755,-0.8048893079579068,0,0,5.659482215759621,False,True,False,False,False,False,False,False,False,False,False,False,False,False,False,False,False,False,False,False,True,False,False,False,False,False,True,False,False,False,True,False,False,False,False,False,True,False,True,False
0.4087716575222072,846.0,-0.07519506268436271,0.5430786046422508,-0.9830802414038966,1.1369138261873721,-0.15053763750671667,-0.09544761854796006,0.8325942581574283,0.9902830436096349,0.050997261264770256,0.03224078554361997,-0.12584653946852056,0,0,6.741700694652055,False,False,False,False,False,False,False,False,False,False,False,False,False,False,False,False,False,False,False,False,True,False,False,False,True,False,False,False,False,False,True,False,False,False,True,False,False,False,False,True
1.6011210104026858,1191.0,-0.07519506268436271,1.9711793221584712,-0.2982042368997635,1.1369138261873721,-0.15053763750671667,-0.09544761854796006,1.1064908891743448,0.9902830436096349,0.050997261264770256,0.03224078554361997,-0.4476204786194528,0,1,7.083387847625295,False,False,False,False,False,False,True,False,False,False,False,False,False,False,False,False,False,False,True,False,False,False,False,False,False,False,True,False,False,False,True,False,False,False,True,False,False,False,False,True
0.4087716575222072,403.5,-0.8621763211399812,-0.2837165476039818,-0.2982042368997635,-0.8024958872632796,-0.15053763750671667,-0.09544761854796006,-1.0333265406453154,-0.5902881471095258,0.050997261264770256,0.03224078554361997,-0.12584653946852056,0,0,6.002651736498547,False,False,False,False,False,False,False,False,False,True,False,False,False,False,False,False,False,False,False,False,True,False,False,False,False,True,False,False,False,False,True,False,True,False,False,False,False,False,True,False
0.4087716575222072,1655.0,-0.07519506268436271,0.39275221332475374,-0.2982042368997635,1.1369138261873721,-0.15053763750671667,-0.09544761854796006,1.1064908891743448,0.9902830436096349,0.050997261264770256,0.03224078554361997,-0.12584653946852056,0,1,7.412160334945205,False,True,False,False,False,False,False,False,False,False,False,False,False,False,False,False,False,False,True,False,False,False,False,False,False,False,True,False,False,False,True,False,False,False,True,False,False,False,False,True
-0.713439498130007,1099.0,-0.07519506268436271,-0.809858917215221,0.3866717676043696,-0.8024958872632796,-0.15053763750671667,-0.09544761854796006,-0.7594299096283988,0.3975688470899499,0.050997261264770256,0.03224078554361997,0.2485897530978847,0,1,7.003065458786462,False,False,False,False,False,False,False,False,False,True,False,False,False,False,False,False,False,False,False,False,True,False,False,False,False,False,True,False,False,False,True,False,False,True,False,False,False,False,False,True
-1.2044068787278503,1748.9,1.4987674542268743,-1.4111644824852083,1.7564237766126358,-0.8024958872632796,-0.15053763750671667,-0.09544761854796006,-0.21163664759456588,0.7927116447697404,0.050997261264770256,0.03224078554361997,0.4406797470538846,1,0,7.467313922427702,False,True,False,False,False,False,False,False,False,False,False,False,False,False,False,False,False,False,False,False,False,True,False,False,False,False,True,False,False,False,True,False,False,False,True,False,False,False,True,False
-0.713439498130007,2282.0,-0.07519506268436271,-1.3660665650899597,1.7564237766126358,-0.8024958872632796,-0.15053763750671667,-0.09544761854796006,-0.21163664759456588,0.7927116447697404,1.345361642623338,1.2980181275926148,1.4653917075655414,0,1,7.733245646529795,False,False,False,False,False,False,False,False,False,True,False,False,False,False,False,False,False,False,False,False,False,True,False,False,False,False,True,False,False,False,True,False,False,False,True,False,False,False,True,False
-1.2044068787278503,549.0,-0.8621763211399812,-0.809858917215221,-0.2982042368997635,-0.8024958872632796,-0.15053763750671667,-0.09544761854796006,-1.0333265406453154,0.19999744825005455,0.050997261264770256,0.03224078554361997,0.4406797470538846,0,1,6.309918278226516,False,False,False,False,False,False,False,False,False,True,False,False,False,False,False,False,False,False,False,False,True,False,False,False,False,False,True,False,False,False,True,False,True,False,False,False,False,False,True,False
0.4087716575222072,1369.0,-0.07519506268436271,0.28752373940250614,-0.9830802414038966,0.16720896946204622,-0.15053763750671667,-0.09544761854796006,-0.2373144567524018,0.5951402459298452,0.050997261264770256,0.03224078554361997,-0.12584653946852056,0,0,7.222566018822171,False,False,False,True,False,False,False,False,False,False,False,False,False,False,False,False,False,False,False,False,False,False,True,False,False,False,True,False,False,False,True,False,False,True,False,False,False,False,False,False
0.4087716575222072,2135.0,-0.07519506268436271,-0.058226960627736635,0.3866717676043696,-0.8024958872632796,-0.15053763750671667,-0.09544761854796006,-0.7594299096283988,0.7927116447697404,0.050997261264770256,0.03224078554361997,-0.12584653946852056,0,1,7.666690200080086,False,False,False,True,False,False,False,False,False,False,False,False,False,False,False,False,False,False,False,False,False,False,True,False,False,False,True,False,False,False,True,False,False,False,True,False,False,False,False,True
-0.713439498130007,2509.0,1.4987674542268743,-0.9301200302692186,1.7564237766126358,-0.8024958872632796,-0.15053763750671667,-0.09544761854796006,-0.21163664759456588,0.7927116447697404,1.345361642623338,1.2980181275926148,1.4653917075655414,1,0,7.828038032125829,False,False,False,False,False,False,False,False,False,True,False,False,False,False,False,False,False,False,False,False,False,False,False,False,False,False,True,False,False,False,True,False,False,False,True,False,False,False,True,False
1.6011210104026858,1039.0,-0.07519506268436271,1.4450369525472322,-0.9830802414038966,1.1369138261873721,-0.15053763750671667,-0.09544761854796006,0.8325942581574283,0.9902830436096349,0.050997261264770256,0.03224078554361997,-0.4476204786194528,0,0,6.946975992135418,False,True,False,False,False,False,False,False,False,False,False,False,False,False,False,False,False,False,True,False,False,False,False,False,False,False,True,False,False,False,True,False,False,False,True,False,False,False,False,True
1.6011210104026858,1591.0,1.4987674542268743,1.4450369525472322,0.3866717676043696,1.1369138261873721,-0.15053763750671667,-0.09544761854796006,1.3803875201912614,0.9902830436096349,0.050997261264770256,0.03224078554361997,-0.4476204786194528,0,0,7.3727463664043285,False,True,False,False,False,False,False,False,False,False,False,False,False,False,False,False,False,False,True,False,False,False,False,False,False,False,True,False,False,False,True,False,False,False,True,False,False,False,False,True
0.4087716575222072,693.99,0.7117861957712558,0.24242582200725737,-0.9830802414038966,1.1369138261873721,-0.15053763750671667,-0.09544761854796006,0.8325942581574283,-1.380573742469106,-1.06943690634874,-1.0647662442321755,-1.071448973483805,0,1,6.5438974569720685,False,False,False,False,False,False,False,False,False,False,False,False,False,False,False,False,False,False,False,False,True,False,False,False,False,False,True,False,False,False,True,False,False,True,False,False,False,False,False,True
1.6011210104026858,1349.0,-0.07519506268436271,0.9940577785947418,0.3866717676043696,-0.8024958872632796,-0.15053763750671667,-0.09544761854796006,-0.7594299096283988,0.9902830436096349,0.050997261264770256,0.03224078554361997,-0.4476204786194528,0,0,7.2078598714324755,False,False,False,False,False,False,False,False,False,False,True,False,False,False,False,False,False,False,True,False,False,False,False,False,False,False,True,False,False,False,True,False,False,False,True,False,False,False,False,True
0.4087716575222072,778.87,-0.07519506268436271,0.4378501307200032,0.3866717676043696,-0.8024958872632796,-0.15053763750671667,-0.09544761854796006,-0.7594299096283988,0.7927116447697404,0.050997261264770256,0.03224078554361997,-0.12584653946852056,0,0,6.659127239126539,False,False,False,True,False,False,False,False,False,False,False,False,False,False,False,False,False,False,False,False,True,False,False,False,True,False,False,False,False,False,True,False,False,False,True,False,False,False,False,False
0.4087716575222072,499.0,-0.8621763211399812,-0.19352071281348393,0.3866717676043696,-0.8024958872632796,-0.15053763750671667,-0.09544761854796006,-0.7594299096283988,1.3854258412894256,0.050997261264770256,0.03224078554361997,-0.12584653946852056,0,0,6.214608098422191,False,False,False,False,False,False,True,False,False,False,False,False,False,False,False,False,False,False,False,False,False,True,False,False,False,False,True,False,False,False,False,False,False,False,False,False,False,False,False,False
0.4087716575222072,1229.56,-0.07519506268436271,0.09209943068976037,0.3866717676043696,-0.8024958872632796,-0.15053763750671667,-0.09544761854796006,-0.7594299096283988,-0.9854309447893159,0.050997261264770256,0.03224078554361997,-0.12584653946852056,0,1,7.115224629308743,False,False,False,False,False,False,False,False,False,True,False,False,False,False,False,False,False,False,False,False,True,False,False,False,False,False,True,False,False,False,True,False,False,False,True,False,False,False,False,False
-0.713439498130007,938.0,-0.07519506268436271,-0.20855335194523364,0.3866717676043696,-0.8024958872632796,-0.15053763750671667,-0.09544761854796006,-0.7594299096283988,0.3975688470899499,0.050997261264770256,0.03224078554361997,0.2485897530978847,0,1,6.844815479208263,False,False,False,False,False,False,False,False,False,True,False,False,False,False,False,False,False,False,False,False,True,False,False,False,False,False,True,False,False,False,True,False,False,True,False,False,False,False,True,False
0.4087716575222072,2712.0,-0.07519506268436271,-0.38894502152622973,0.3866717676043696,-0.8024958872632796,-0.15053763750671667,-0.09544761854796006,-0.7594299096283988,0.9902830436096349,3.934090405340473,3.8295728116906047,3.1501230313680426,1,0,7.905810312658931,False,False,False,True,False,False,False,False,False,False,False,False,False,False,False,False,False,False,False,False,False,False,True,False,False,False,True,False,False,False,True,False,False,False,True,False,False,False,False,True
-0.713439498130007,2625.0,1.4987674542268743,-1.3660665650899597,4.367513543784643,-0.8024958872632796,-0.15053763750671667,-0.09544761854796006,0.8325942581574283,0.7927116447697404,1.345361642623338,1.2980181275926148,1.4653917075655414,0,1,7.873217054862741,False,False,False,False,False,False,False,False,False,True,False,False,False,False,False,False,False,False,False,False,False,True,False,False,False,False,True,False,False,False,True,False,False,False,True,False,False,False,True,False
0.4087716575222072,306.0,-0.8621763211399812,0.24242582200725737,-0.9830802414038966,1.1369138261873721,-0.15053763750671667,-0.09544761854796006,0.8325942581574283,-2.3684307366685817,-1.06943690634874,-1.0647662442321755,-1.071448973483805,0,0,5.726847747587197,False,False,False,False,False,False,False,False,False,True,False,False,False,False,False,False,False,False,False,False,True,False,False,False,False,False,True,False,False,False,True,False,False,False,False,False,True,False,True,False
1.6011210104026858,1529.0,1.4987674542268743,1.2947105612297352,0.3866717676043696,1.1369138261873721,-0.15053763750671667,-0.09544761854796006,1.3803875201912614,0.9902830436096349,0.050997261264770256,0.03224078554361997,-0.4476204786194528,0,0,7.333023014386481,False,True,False,False,False,False,False,False,False,False,False,False,False,False,False,False,False,False,True,False,False,False,False,False,False,False,True,False,False,False,True,False,False,False,True,False,False,False,False,True
0.4087716575222072,1144.5,-0.07519506268436271,0.09209943068976037,0.3866717676043696,1.1369138261873721,-0.15053763750671667,-0.09544761854796006,1.3803875201912614,-1.380573742469106,0.050997261264770256,0.03224078554361997,-0.12584653946852056,0,1,7.04359650189355,False,False,False,False,False,False,False,False,False,True,False,False,False,False,False,False,False,False,False,False,True,False,False,False,False,False,True,False,False,False,True,False,False,True,False,False,False,False,False,False
0.4087716575222072,879.0,-0.07519506268436271,0.6934049959597477,0.3866717676043696,-0.8024958872632796,-0.15053763750671667,-0.09544761854796006,-0.7594299096283988,0.9902830436096349,0.050997261264770256,0.03224078554361997,-0.12584653946852056,0,0,6.779921907472252,False,False,False,False,False,False,False,False,False,False,False,False,False,False,False,False,False,False,False,False,True,False,False,False,True,False,False,False,False,False,True,False,False,False,True,False,False,False,False,True
1.6011210104026858,2249.0,1.4987674542268743,1.1443841699122381,0.3866717676043696,1.1369138261873721,-0.15053763750671667,-0.09544761854796006,1.3803875201912614,0.9902830436096349,0.050997261264770256,0.03224078554361997,-0.4476204786194528,0,0,7.718685495198466,False,False,False,False,False,False,False,False,False,False,True,False,False,False,False,False,False,False,True,False,False,False,False,False,False,False,True,False,False,False,True,False,False,False,True,False,False,False,False,True
-0.713439498130007,1873.0,-0.07519506268436271,-1.4111644824852083,1.7564237766126358,-0.8024958872632796,-0.15053763750671667,-0.09544761854796006,-0.21163664759456588,0.7927116447697404,0.050997261264770256,0.03224078554361997,0.2485897530978847,0,0,7.535830462798367,False,True,False,False,False,False,False,False,False,False,False,False,False,False,False,False,False,False,False,False,False,True,False,False,False,False,True,False,False,False,True,False,False,False,True,False,False,False,True,False
-1.2044068787278503,1747.0,1.4987674542268743,-1.2608380911677117,1.7564237766126358,-0.8024958872632796,-0.15053763750671667,-0.09544761854796006,-0.21163664759456588,0.3975688470899499,0.050997261264770256,0.03224078554361997,0.4406797470538846,0,0,7.466227556215481,False,False,False,False,False,False,False,False,False,False,False,False,False,False,False,True,False,False,False,False,False,True,False,False,False,False,True,False,False,False,True,False,False,False,True,False,False,False,True,False
-0.713439498130007,1680.0,-0.07519506268436271,-1.0203158650597164,1.7564237766126358,-0.8024958872632796,-0.15053763750671667,-0.09544761854796006,-0.21163664759456588,0.9902830436096349,0.050997261264770256,0.03224078554361997,0.2485897530978847,0,0,7.427144133408616,False,False,False,True,False,False,False,False,False,False,False,False,False,False,False,False,False,False,False,False,False,True,False,False,False,False,True,False,False,False,True,False,False,False,True,False,False,False,True,False
0.4087716575222072,409.0,-0.8621763211399812,0.24242582200725737,-0.9830802414038966,0.16720896946204622,-0.15053763750671667,-0.09544761854796006,-0.2373144567524018,-0.5902881471095258,0.050997261264770256,0.03224078554361997,-0.12584653946852056,0,0,6.016157159698354,False,False,False,False,False,False,False,False,False,True,False,False,False,False,False,False,False,False,False,False,True,False,False,False,False,False,True,False,False,False,True,False,True,False,False,False,False,False,True,False
-2.396756231608329,304.45,-1.2556669503677904,-1.3360012868264601,-0.9830802414038966,-0.8024958872632796,0.9068776814757729,-0.09544761854796006,-1.2387490139080028,-2.3684307366685817,-1.06943690634874,-1.0647662442321755,-0.26782610021860753,0,0,5.721786099095776,False,False,False,False,False,False,False,False,False,True,False,False,False,False,False,False,False,False,False,False,True,False,False,False,False,False,True,False,False,False,True,False,False,False,False,False,True,False,True,False
0.4087716575222072,1925.0,-0.07519506268436271,0.9489598611994924,1.7564237766126358,-0.8024958872632796,-0.15053763750671667,-0.09544761854796006,-0.21163664759456588,0.9902830436096349,0.050997261264770256,0.03224078554361997,-0.12584653946852056,0,0,7.563200592358071,False,False,False,False,False,False,False,False,False,True,False,False,False,False,False,False,False,False,False,False,False,False,True,False,False,False,True,False,False,False,True,False,False,False,True,False,False,False,False,True
-0.713439498130007,1943.0,-0.07519506268436271,-0.5092061345802273,1.7564237766126358,-0.8024958872632796,-0.15053763750671667,-0.09544761854796006,-0.21163664759456588,0.9902830436096349,1.345361642623338,1.2980181275926148,1.4653917075655414,0,1,7.572502985020384,False,False,False,False,False,False,False,False,False,True,False,False,False,False,False,False,False,False,False,False,False,True,False,False,False,False,True,False,False,False,True,False,False,False,True,False,False,False,False,True
0.4087716575222072,469.0,-0.8621763211399812,0.09209943068976037,-0.9830802414038966,1.1369138261873721,-0.15053763750671667,-0.09544761854796006,0.8325942581574283,-0.5902881471095258,0.050997261264770256,0.03224078554361997,-0.12584653946852056,0,0,6.152732694704104,False,False,False,False,False,False,True,False,False,False,False,False,False,False,False,False,False,False,False,False,True,False,False,False,False,False,True,False,False,False,True,False,True,False,False,False,False,False,False,False
-1.2044068787278503,789.01,-0.07519506268436271,-0.659532525897724,0.3866717676043696,-0.8024958872632796,-0.15053763750671667,-0.09544761854796006,-0.7594299096283988,0.3975688470899499,0.050997261264770256,0.03224078554361997,0.4406797470538846,1,1,6.672045603608801,False,False,False,False,False,False,False,False,False,False,False,False,False,False,False,False,False,False,False,False,False,False,False,False,False,False,True,False,False,False,True,False,False,False,True,False,False,False,True,False
-1.2044068787278503,928.0,-0.07519506268436271,-1.1556096172454637,0.3866717676043696,-0.8024958872632796,-0.15053763750671667,-0.09544761854796006,-0.7594299096283988,0.3975688470899499,0.050997261264770256,0.03224078554361997,0.4406797470538846,1,1,6.834108738813838,False,True,False,False,False,False,False,False,False,False,False,False,False,False,False,False,False,False,False,False,False,False,False,False,False,False,True,False,False,False,True,False,False,True,False,False,False,False,True,False
0.4087716575222072,598.9,-0.8621763211399812,0.39275221332475374,0.3866717676043696,-0.8024958872632796,-0.15053763750671667,-0.09544761854796006,-0.7594299096283988,0.3975688470899499,0.050997261264770256,0.03224078554361997,-0.12584653946852056,0,0,6.3967629746590475,False,False,False,True,False,False,False,False,False,False,False,False,False,False,False,False,False,False,False,False,True,False,False,False,True,False,False,False,False,False,True,False,False,True,False,False,False,False,False,False
-1.2044068787278503,689.0,-0.8621763211399812,-0.5843693302389759,-0.2982042368997635,-0.8024958872632796,-0.15053763750671667,-0.09544761854796006,-1.0333265406453154,-0.5902881471095258,-1.06943690634874,-1.0647662442321755,-0.6682455803732644,0,0,6.536691597591305,False,False,False,True,False,False,False,False,False,False,False,False,False,False,False,False,False,False,False,False,True,False,False,False,False,False,True,False,False,False,True,False,True,False,False,False,False,False,True,False
-0.713439498130007,1500.0,-0.07519506268436271,-0.915087391137469,0.3866717676043696,-0.8024958872632796,-0.15053763750671667,-0.09544761854796006,-0.7594299096283988,0.3975688470899499,0.050997261264770256,0.03224078554361997,0.2485897530978847,0,0,7.313886831633462,False,False,False,False,False,False,True,False,False,False,False,False,False,False,False,False,False,False,False,False,False,True,False,False,False,False,True,False,False,False,True,False,False,False,True,False,False,False,True,False
0.4087716575222072,539.95,-0.07519506268436271,0.15222998721675918,-0.9830802414038966,1.1369138261873721,-0.15053763750671667,-0.09544761854796006,0.8325942581574283,0.3975688470899499,-1.06943690634874,-1.0647662442321755,-1.071448973483805,0,0,6.293326853133583,False,False,False,True,False,False,False,False,False,False,False,False,False,False,False,False,False,False,False,False,True,False,False,False,False,False,True,False,False,False,True,False,False,True,False,False,False,False,True,False
-0.713439498130007,1215.38,-0.07519506268436271,-0.4340429389214788,0.3866717676043696,-0.8024958872632796,-0.15053763750671667,-0.09544761854796006,-0.7594299096283988,-0.9854309447893159,0.050997261264770256,0.03224078554361997,0.2485897530978847,0,1,7.103634513708157,False,False,False,False,False,False,False,False,False,True,False,False,False,False,False,False,False,False,False,False,False,True,False,False,False,False,True,False,False,False,True,False,False,False,True,False,False,False,False,False
0.4087716575222072,1899.0,1.4987674542268743,-0.058226960627736635,1.7564237766126358,-0.8024958872632796,-0.15053763750671667,-0.09544761854796006,-0.21163664759456588,0.9902830436096349,3.934090405340473,3.8295728116906047,3.1501230313680426,1,1,7.549609165154532,False,False,False,False,False,False,False,False,False,True,False,False,False,False,False,False,False,False,False,False,False,False,False,False,False,False,True,False,False,False,True,False,False,False,True,False,False,False,False,True
-1.9057888510104843,449.0,-0.46868569191217196,-0.960185308532718,-0.9830802414038966,-0.8024958872632796,1.9642930004582626,-0.09544761854796006,-1.1702748561537737,-2.3684307366685817,1.701311847496944,2.6481806257782092,2.8002779699119453,0,1,6.1092475827643655,False,False,True,False,False,False,False,False,False,False,False,False,False,False,False,False,False,False,False,False,True,False,False,False,False,False,True,False,False,False,True,False,False,False,False,False,True,False,True,False
0.4087716575222072,1427.0,-0.07519506268436271,0.40778485245650375,0.3866717676043696,-0.8024958872632796,-0.15053763750671667,-0.09544761854796006,-0.7594299096283988,1.1878544424495303,0.050997261264770256,0.03224078554361997,-0.12584653946852056,0,0,7.2640301428995295,False,False,False,False,False,False,True,False,False,False,False,False,False,False,False,False,False,False,False,False,True,False,False,False,False,False,True,False,False,False,True,False,False,False,True,False,False,False,True,False
0.4087716575222072,597.0,-0.07519506268436271,0.39275221332475374,-0.9830802414038966,1.1369138261873721,-0.15053763750671667,-0.09544761854796006,0.8325942581574283,0.19999744825005455,0.050997261264770256,0.03224078554361997,-0.12584653946852056,0,0,6.393590753950631,False,True,False,False,False,False,False,False,False,False,False,False,False,False,False,False,False,False,False,False,True,False,False,False,True,False,False,False,False,False,True,False,True,False,False,False,False,False,False,True
1.6011210104026858,2799.0,1.4987674542268743,3.579671709255688,0.3866717676043696,1.1369138261873721,-0.15053763750671667,-0.09544761854796006,1.3803875201912614,1.1878544424495303,1.345361642623338,1.2980181275926148,0.5369567367782083,0,1,7.937374696163295,False,False,False,True,False,False,False,False,False,False,False,False,False,False,False,False,False,False,True,False,False,False,False,False,False,False,True,False,False,False,True,False,False,False,True,False,False,False,False,True
0.4087716575222072,1159.0,-0.07519506268436271,0.8737966655407442,-0.2982042368997635,1.1369138261873721,-0.15053763750671667,-0.09544761854796006,1.1064908891743448,0.9902830436096349,0.050997261264770256,0.03224078554361997,-0.12584653946852056,0,1,7.05617528410041,False,False,False,True,False,False,False,False,False,False,False,False,False,False,False,False,False,False,True,False,False,False,False,False,False,False,True,False,False,False,True,False,False,False,True,False,False,False,False,True
0.4087716575222072,1142.4,-0.07519506268436271,-0.02816168236423723,0.3866717676043696,3.0763235396380235,-0.15053763750671667,-0.09544761854796006,3.520204950010921,-0.9854309447893159,0.050997261264770256,0.03224078554361997,-0.12584653946852056,0,0,7.041761558829871,False,False,False,True,False,False,False,False,False,False,False,False,False,False,False,False,False,False,False,False,True,False,False,False,False,False,True,False,False,False,True,False,False,False,True,False,False,False,False,False
-0.713439498130007,1099.0,-0.07519506268436271,-0.659532525897724,0.3866717676043696,-0.8024958872632796,-0.15053763750671667,-0.09544761854796006,-0.7594299096283988,0.9902830436096349,0.050997261264770256,0.03224078554361997,0.2485897530978847,0,0,7.003065458786462,False,False,False,True,False,False,False,False,False,False,False,False,False,False,False,False,False,False,False,False,False,True,False,False,True,False,False,False,False,False,True,False,False,False,True,False,False,False,True,False
1.6011210104026858,1999.0,0.7117861957712558,1.9711793221584712,0.3866717676043696,1.1369138261873721,-0.15053763750671667,-0.09544761854796006,1.3803875201912614,0.9902830436096349,0.050997261264770256,0.03224078554361997,-0.4476204786194528,0,0,7.600902459542082,False,False,False,False,False,False,True,False,False,False,False,False,False,False,False,False,False,False,True,False,False,False,False,False,False,False,True,False,False,False,True,False,False,False,True,False,False,False,False,True
-2.396756231608329,299.0,-0.8621763211399812,-1.3209686476947105,-0.8118612402778633,-0.8024958872632796,-0.15053763750671667,-0.09544761854796006,-1.2387490139080028,-2.3684307366685817,0.050997261264770256,0.03224078554361997,1.0039581351277587,1,1,5.703782474656201,False,False,False,False,False,False,False,False,False,False,False,True,False,False,False,False,False,False,False,False,False,False,False,False,False,False,True,False,False,False,True,False,False,False,False,False,True,False,True,False
-2.396756231608329,269.0,-0.8621763211399812,-1.3360012868264601,-0.9830802414038966,-0.8024958872632796,0.3781700219845281,-0.09544761854796006,-1.2729860927851173,-1.380573742469106,-1.06943690634874,-1.0647662442321755,-0.26782610021860753,0,0,5.598421958998375,False,False,False,False,False,False,False,False,False,False,False,False,False,False,True,False,False,False,False,True,False,False,False,True,False,False,False,False,False,False,True,False,False,False,False,False,True,False,True,False
-1.2044068787278503,1010.0,-0.07519506268436271,-0.960185308532718,0.3866717676043696,-0.8024958872632796,-0.15053763750671667,-0.09544761854796006,-0.7594299096283988,0.7927116447697404,0.050997261264770256,0.03224078554361997,0.4406797470538846,0,1,6.918695219020472,False,False,False,False,False,False,False,False,False,True,False,False,False,False,False,False,False,False,False,False,True,False,False,False,False,False,True,False,False,False,True,False,False,False,True,False,False,False,True,False
-0.713439498130007,599.0,-0.8621763211399812,-0.5092061345802273,-0.2982042368997635,-0.8024958872632796,-0.15053763750671667,-0.09544761854796006,-1.0333265406453154,0.7927116447697404,0.050997261264770256,0.03224078554361997,0.2485897530978847,0,1,6.396929655216146,False,False,False,False,False,False,False,False,False,True,False,False,False,False,False,False,False,False,False,False,True,False,False,False,False,False,True,False,False,False,True,False,True,False,False,False,False,False,True,False
0.4087716575222072,2445.0,1.4987674542268743,0.39275221332475374,1.7564237766126358,-0.8024958872632796,-0.15053763750671667,-0.09544761854796006,-0.21163664759456588,0.9902830436096349,3.934090405340473,3.8295728116906047,3.1501230313680426,0,1,7.802209316247118,False,False,False,False,False,False,False,False,False,True,False,False,False,False,False,False,False,False,False,False,False,False,True,False,False,False,True,False,False,False,True,False,False,False,True,False,False,False,False,True
0.4087716575222072,2449.0,1.4987674542268743,0.6934049959597477,1.7564237766126358,-0.8024958872632796,-0.15053763750671667,-0.09544761854796006,-0.21163664759456588,1.1878544424495303,0.050997261264770256,0.03224078554361997,-0.12584653946852056,0,0,7.803843303538772,False,False,False,False,False,False,False,False,False,True,False,False,False,False,False,False,False,False,False,False,True,False,False,False,False,False,True,False,False,False,True,False,False,False,True,False,False,False,False,True
1.6011210104026858,1695.0,-0.07519506268436271,1.7456897351822263,0.3866717676043696,1.1369138261873721,-0.15053763750671667,-0.09544761854796006,1.3803875201912614,1.7805686389692161,0.050997261264770256,0.03224078554361997,-0.4476204786194528,0,0,7.4360278163518485,False,True,False,False,False,False,False,False,False,False,False,False,False,False,False,False,False,False,True,False,False,False,False,False,False,False,True,False,False,False,False,False,False,False,False,False,False,False,False,False
0.4087716575222072,347.0,-0.8621763211399812,0.09209943068976037,-0.9830802414038966,0.16720896946204622,-0.15053763750671667,-0.09544761854796006,-0.2373144567524018,-1.380573742469106,-1.06943690634874,-1.0647662442321755,-1.071448973483805,0,0,5.8522024797744745,False,False,False,False,False,False,True,False,False,False,False,False,False,False,False,False,False,False,False,False,True,False,False,False,False,False,True,False,False,False,True,False,False,False,False,False,True,False,True,False
-1.9057888510104843,2199.0,1.4987674542268743,-1.4111644824852083,1.7564237766126358,-0.8024958872632796,-0.15053763750671667,-0.09544761854796006,-0.21163664759456588,-1.9732879389887916,1.021770547283696,1.8605858351699458,2.0386457837313325,1,0,7.696212639346407,False,False,False,False,False,True,False,False,False,False,False,False,False,False,False,False,False,False,False,False,False,True,False,True,False,False,False,False,False,False,True,False,False,False,True,False,False,False,True,False
-0.713439498130007,2382.0,3.072729971138111,-1.0804464215867153,1.7564237766126358,-0.8024958872632796,-0.15053763750671667,-0.09544761854796006,-0.21163664759456588,0.7927116447697404,1.345361642623338,1.2980181275926148,1.4653917075655414,0,0,7.776115477098742,False,False,False,False,False,False,False,False,False,True,False,False,False,False,False,False,False,False,False,False,False,True,False,False,False,False,True,False,False,False,True,False,False,False,True,False,False,False,True,False
0.4087716575222072,559.0,-0.8621763211399812,-0.058226960627736635,0.3866717676043696,-0.8024958872632796,-0.15053763750671667,-0.09544761854796006,-0.7594299096283988,0.3975688470899499,0.050997261264770256,0.03224078554361997,-0.12584653946852056,0,0,6.327936783729195,False,True,False,False,False,False,False,False,False,False,False,False,False,False,False,False,False,False,False,False,True,False,False,False,True,False,False,False,False,False,True,False,False,True,False,False,False,False,True,False
1.6011210104026858,519.0,-0.07519506268436271,1.1443841699122381,-0.9830802414038966,1.1369138261873721,-0.15053763750671667,-0.09544761854796006,0.8325942581574283,0.3975688470899499,-0.5961849294145135,-0.6006478854808774,-0.9401410790646072,0,0,6.253828811575473,False,False,False,False,False,False,False,False,False,True,False,False,False,False,False,False,False,False,False,False,True,False,False,False,False,False,True,False,False,False,False,False,False,False,False,False,False,False,False,False
0.4087716575222072,749.0,-0.8621763211399812,0.24242582200725737,0.3866717676043696,-0.8024958872632796,-0.15053763750671667,-0.09544761854796006,-0.7594299096283988,-1.380573742469106,0.050997261264770256,0.03224078554361997,-0.12584653946852056,0,0,6.620073206530356,False,False,False,True,False,False,False,False,False,False,False,False,False,False,False,False,False,False,False,False,True,False,False,False,False,False,True,False,False,False,True,False,False,True,False,False,False,False,False,False
-1.765512456553958,1429.0,-0.07519506268436271,-1.0203158650597164,0.3866717676043696,-0.8024958872632796,-0.15053763750671667,-0.09544761854796006,-0.7594299096283988,0.3975688470899499,0.050997261264770256,0.03224078554361997,0.6865920581569761,0,1,7.265429723253953,False,False,False,False,False,False,False,False,False,True,False,False,False,False,False,False,False,False,False,False,False,True,False,False,False,False,True,False,False,False,True,False,False,True,False,False,False,False,True,False
0.4087716575222072,349.0,-0.8621763211399812,0.24242582200725737,-0.2982042368997635,-0.8024958872632796,-0.15053763750671667,-0.09544761854796006,-1.0333265406453154,-2.3684307366685817,0.050997261264770256,0.03224078554361997,-0.12584653946852056,0,0,5.857933154483459,False,False,False,False,False,False,False,False,False,True,False,False,False,False,False,False,False,False,False,False,True,False,False,False,False,False,True,False,False,False,True,False,False,False,False,False,True,False,True,False
0.4087716575222072,1099.0,-0.07519506268436271,0.24242582200725737,-0.2982042368997635,1.1369138261873721,-0.15053763750671667,-0.09544761854796006,1.1064908891743448,0.9902830436096349,0.050997261264770256,0.03224078554361997,-0.12584653946852056,0,1,7.003065458786462,False,False,False,False,False,False,True,False,False,False,False,False,False,False,False,False,False,False,True,False,False,False,False,False,False,False,True,False,False,False,True,False,False,False,True,False,False,False,False,True
-0.713439498130007,1179.0,-0.07519506268436271,-0.5994019693707255,0.3866717676043696,-0.8024958872632796,-0.15053763750671667,-0.09544761854796006,-0.7594299096283988,0.9902830436096349,0.050997261264770256,0.03224078554361997,0.2485897530978847,0,0,7.07326971745971,False,False,False,True,False,False,False,False,False,False,False,False,False,False,False,False,False,False,False,False,True,False,False,False,False,False,True,False,False,False,True,False,False,True,False,False,False,False,False,True
0.4087716575222072,441.8,-0.8621763211399812,0.5430786046422508,-0.9830802414038966,0.16720896946204622,-0.15053763750671667,-0.09544761854796006,-0.2373144567524018,0.3975688470899499,-1.06943690634874,-1.0647662442321755,-1.071448973483805,0,0,6.093118200834482,False,False,False,False,False,False,False,False,False,False,False,False,False,False,False,False,False,False,False,False,True,False,False,False,True,False,False,False,False,False,True,False,False,True,False,False,False,False,True,False
0.4087716575222072,1993.0,-0.07519506268436271,0.28752373940250614,-0.9830802414038966,1.1369138261873721,1.9642930004582626,-0.09544761854796006,0.9695425736658866,1.3854258412894256,0.050997261264770256,0.03224078554361997,-0.12584653946852056,0,0,7.597897950521784,False,False,False,True,False,False,False,False,False,False,False,False,False,False,False,False,False,False,False,False,False,False,True,False,False,False,True,False,False,False,True,False,False,False,False,False,True,False,False,True
0.4087716575222072,1027.74,-0.07519506268436271,0.24242582200725737,0.3866717676043696,-0.8024958872632796,-0.15053763750671667,-0.09544761854796006,-0.7594299096283988,0.3975688470899499,0.050997261264770256,0.03224078554361997,-0.12584653946852056,0,0,6.936090031409406,False,False,False,False,False,False,False,False,False,False,True,False,False,False,False,False,False,False,True,False,False,False,False,False,False,False,True,False,False,False,True,False,False,True,False,False,False,False,False,True
-1.064130484271324,2589.0,1.4987674542268743,-1.185674895508963,1.7564237766126358,-0.8024958872632796,-0.15053763750671667,-0.09544761854796006,-0.21163664759456588,0.3975688470899499,0.7305385614780182,1.5230452106235473,1.2575262068595316,1,0,7.859413154693583,False,False,False,False,False,False,False,False,False,False,False,False,True,False,False,False,False,False,False,False,False,True,False,False,False,False,False,True,False,False,True,False,False,False,True,False,False,False,True,False
0.4087716575222072,589.0,-0.07519506268436271,-0.19352071281348393,-0.2982042368997635,-0.8024958872632796,-0.15053763750671667,-0.09544761854796006,-1.0333265406453154,0.3975688470899499,-1.06943690634874,-1.0647662442321755,-1.071448973483805,0,0,6.380122536899765,False,False,False,False,False,False,True,False,False,False,False,False,False,False,False,False,False,False,False,False,True,False,False,False,False,False,True,False,False,False,True,False,False,True,False,False,False,False,True,False
0.4087716575222072,1975.0,1.4987674542268743,0.19732790461200794,0.3866717676043696,-0.8024958872632796,-0.15053763750671667,-0.09544761854796006,-0.7594299096283988,0.7927116447697404,0.050997261264770256,0.03224078554361997,-0.12584653946852056,0,1,7.588829878307813,False,False,False,True,False,False,False,False,False,False,False,False,False,False,False,False,False,False,False,False,False,False,True,False,False,False,True,False,False,False,True,False,False,False,True,False,False,False,False,True
0.4087716575222072,1534.0,-0.07519506268436271,0.40778485245650375,1.7564237766126358,-0.8024958872632796,-0.15053763750671667,-0.09544761854796006,-0.21163664759456588,1.1878544424495303,0.050997261264770256,0.03224078554361997,-0.12584653946852056,0,1,7.336285660021297,False,False,False,False,False,False,True,False,False,False,False,False,False,False,False,False,False,False,False,False,False,False,True,False,False,False,True,False,False,False,True,False,False,False,True,False,False,False,True,False
-0.713439498130007,1345.0,-0.07519506268436271,-0.5843693302389759,0.3866717676043696,-0.8024958872632796,-0.15053763750671667,-0.09544761854796006,-0.7594299096283988,0.3975688470899499,0.050997261264770256,0.03224078554361997,0.2485897530978847,0,0,7.204892510204673,False,False,False,False,False,False,False,False,False,True,False,False,False,False,False,False,False,False,False,False,True,False,False,False,False,False,True,False,False,False,True,False,False,True,False,False,False,False,True,False
0.4087716575222072,979.0,-0.07519506268436271,0.48294804811525194,-0.2982042368997635,1.1369138261873721,-0.15053763750671667,-0.09544761854796006,1.1064908891743448,-0.9854309447893159,0.050997261264770256,0.03224078554361997,-0.12584653946852056,0,0,6.887552571664617,False,False,False,True,False,False,False,False,False,False,False,False,False,False,False,False,False,False,False,False,True,False,False,False,False,False,True,False,False,False,True,False,False,False,True,False,False,False,False,False
-2.396756231608329,479.0,-0.8621763211399812,-0.8549568346104701,-0.9830802414038966,0.16720896946204622,-0.15053763750671667,-0.09544761854796006,-0.2373144567524018,-1.380573742469106,-1.06943690634874,-1.0647662442321755,-0.26782610021860753,1,0,6.173786103901937,False,False,False,True,False,False,False,False,False,False,False,False,False,False,False,False,False,False,False,False,False,False,False,False,False,False,True,False,False,False,True,False,False,False,False,False,True,False,True,False
1.6011210104026858,2046.0,-0.07519506268436271,3.579671709255688,-0.9830802414038966,1.1369138261873721,-0.15053763750671667,-0.09544761854796006,0.8325942581574283,0.7927116447697404,0.050997261264770256,0.03224078554361997,-0.4476204786194528,0,1,7.624130585661289,False,False,False,True,False,False,False,False,False,False,False,False,False,False,False,False,False,False,False,False,True,False,False,False,False,False,True,False,False,False,True,False,False,False,True,False,False,False,False,True
-1.064130484271324,989.0,-0.8621763211399812,-1.1826683676826133,-0.2982042368997635,-0.8024958872632796,-0.15053763750671667,-0.09544761854796006,-1.0333265406453154,-0.19514534942973516,0.7305385614780182,1.5230452106235473,1.2575262068595316,1,0,6.897704943128636,False,False,False,False,False,False,False,False,False,False,False,False,True,False,False,False,False,False,False,False,False,True,False,False,False,False,False,True,False,False,True,False,False,False,False,False,True,False,True,False
-1.064130484271324,1799.0,-0.07519506268436271,-1.185674895508963,0.3866717676043696,-0.8024958872632796,-0.15053763750671667,-0.09544761854796006,-0.7594299096283988,0.3975688470899499,0.7305385614780182,1.5230452106235473,1.2575262068595316,1,0,7.495541943884256,False,False,False,False,False,False,False,False,False,False,False,False,True,False,False,False,False,False,False,False,False,True,False,False,False,False,False,True,False,False,True,False,False,False,True,False,False,False,True,False
1.6011210104026858,639.9,-0.07519506268436271,0.6934049959597477,0.3866717676043696,-0.8024958872632796,-0.15053763750671667,-0.09544761854796006,-0.7594299096283988,-0.5902881471095258,-0.5961849294145135,-0.6006478854808774,-0.9401410790646072,0,0,6.462873438510181,False,False,False,False,False,False,True,False,False,False,False,False,False,False,False,False,False,False,False,False,True,False,False,False,False,False,True,False,False,False,True,False,True,False,False,False,False,False,True,False
0.4087716575222072,544.0,-0.8621763211399812,0.28752373940250614,-0.9830802414038966,1.1369138261873721,-0.15053763750671667,-0.09544761854796006,0.8325942581574283,-0.5902881471095258,0.050997261264770256,0.03224078554361997,-0.12584653946852056,0,0,6.300785794663244,False,False,False,False,False,False,False,False,False,False,False,False,False,False,False,False,False,False,False,False,True,False,False,False,False,False,True,False,False,False,True,False,True,False,False,False,False,False,False,True
-2.396756231608329,435.0,-0.8621763211399812,-0.960185308532718,-0.2982042368997635,-0.8024958872632796,-0.15053763750671667,-0.09544761854796006,-1.0333265406453154,-1.380573742469106,-1.06943690634874,-1.0647662442321755,-0.26782610021860753,0,0,6.077642243349034,False,False,False,False,False,False,False,False,False,False,False,False,False,False,False,False,False,False,False,True,False,False,False,False,False,False,True,False,False,False,True,False,False,False,False,False,True,False,True,False
0.4087716575222072,749.0,-0.07519506268436271,0.49798068724700195,-0.9830802414038966,1.1369138261873721,-0.15053763750671667,-0.09544761854796006,0.8325942581574283,0.3975688470899499,0.050997261264770256,0.03224078554361997,-0.12584653946852056,0,0,6.620073206530356,False,True,False,False,False,False,False,False,False,False,False,False,False,False,False,False,False,False,False,False,True,False,False,False,False,False,True,False,False,False,True,False,False,True,False,False,False,False,True,False
-0.713439498130007,799.0,-0.07519506268436271,-0.809858917215221,1.7564237766126358,-0.8024958872632796,-0.15053763750671667,-0.09544761854796006,-0.21163664759456588,0.7927116447697404,0.050997261264770256,0.03224078554361997,0.2485897530978847,0,1,6.684611727667927,False,False,False,False,False,False,False,False,False,True,False,False,False,False,False,False,False,False,False,False,True,False,False,False,False,True,False,False,False,False,True,False,False,False,True,False,False,False,False,False
0.4087716575222072,2090.0,-0.07519506268436271,0.9489598611994924,0.3866717676043696,-0.8024958872632796,-0.15053763750671667,-0.09544761854796006,-0.7594299096283988,1.1878544424495303,0.050997261264770256,0.03224078554361997,-0.12584653946852056,0,0,7.645397699428633,False,False,False,False,False,False,False,False,False,True,False,False,False,False,False,False,False,False,False,False,True,False,False,False,False,False,True,False,False,False,True,False,False,False,True,False,False,False,False,True
0.4087716575222072,304.0,-0.8621763211399812,-0.058226960627736635,-0.9830802414038966,0.16720896946204622,-0.15053763750671667,-0.09544761854796006,-0.2373144567524018,-2.3684307366685817,-1.06943690634874,-1.0647662442321755,-1.071448973483805,0,0,5.720311776607412,False,True,False,False,False,False,False,False,False,False,False,False,False,False,False,False,False,False,False,False,True,False,False,False,False,False,True,False,False,False,True,False,False,False,False,False,True,False,True,False
0.4087716575222072,469.0,-0.8621763211399812,0.24242582200725737,-0.9830802414038966,0.16720896946204622,-0.15053763750671667,-0.09544761854796006,-0.2373144567524018,-0.5902881471095258,-1.06943690634874,-1.0647662442321755,-1.071448973483805,0,0,6.152732694704104,False,False,False,False,False,False,False,False,False,False,False,False,False,False,False,False,False,False,False,False,True,False,False,False,False,False,True,False,False,False,True,False,True,False,False,False,False,False,False,True
0.4087716575222072,759.0,-0.07519506268436271,-0.02816168236423723,-0.9830802414038966,3.0763235396380235,-0.15053763750671667,-0.09544761854796006,2.9724116879770883,-1.380573742469106,0.050997261264770256,0.03224078554361997,-0.12584653946852056,0,0,6.633318433280377,False,False,False,True,False,False,False,False,False,False,False,False,False,False,False,False,False,False,False,False,True,False,False,False,False,False,True,False,False,False,True,False,False,True,False,False,False,False,False,False
1.6011210104026858,1699.0,0.7117861957712558,2.6175828048237073,-0.9830802414038966,1.1369138261873721,-0.15053763750671667,-0.09544761854796006,0.8325942581574283,0.9902830436096349,0.050997261264770256,0.03224078554361997,-0.4476204786194528,0,1,7.438383530044307,False,False,False,False,False,False,True,False,False,False,False,False,False,False,False,False,False,False,True,False,False,False,False,False,False,False,True,False,False,False,True,False,False,False,True,False,False,False,False,True
-0.713439498130007,1858.0,0.7117861957712558,-0.960185308532718,0.3866717676043696,-0.8024958872632796,-0.15053763750671667,-0.09544761854796006,-0.7594299096283988,0.5951402459298452,1.345361642623338,1.2980181275926148,1.4653917075655414,0,1,7.527793987721444,False,False,False,False,False,False,False,False,False,True,False,False,False,False,False,False,False,False,False,False,False,True,False,False,False,False,True,False,False,False,True,False,False,False,True,False,False,False,True,False
-1.2044068787278503,1999.0,-0.07519506268436271,-1.1255443389819644,1.7564237766126358,-0.8024958872632796,-0.15053763750671667,-0.09544761854796006,-0.21163664759456588,-0.9854309447893159,3.934090405340473,3.8295728116906047,4.283175604412853,1,1,7.600902459542082,False,False,False,False,False,False,True,False,False,False,False,False,False,False,False,False,False,False,False,False,False,False,False,False,False,False,True,False,False,False,True,False,False,False,True,False,False,False,True,False
0.4087716575222072,1154.0,-0.07519506268436271,-0.20855335194523364,-0.9830802414038966,0.16720896946204622,-0.15053763750671667,-0.09544761854796006,-0.2373144567524018,0.3975688470899499,0.050997261264770256,0.03224078554361997,-0.12584653946852056,0,0,7.051855622955894,False,False,False,False,False,False,True,False,False,False,False,False,False,False,False,False,False,False,False,False,True,False,False,False,False,False,True,False,False,False,True,False,False,True,False,False,False,False,False,False
-1.9057888510104843,1275.0,-0.07519506268436271,-1.4111644824852083,-0.2982042368997635,-0.8024958872632796,-0.15053763750671667,-0.09544761854796006,-1.0333265406453154,-2.170859337828687,1.021770547283696,1.8605858351699458,2.0386457837313325,1,0,7.151485463904735,False,False,False,False,False,True,False,False,False,False,False,False,False,False,False,False,False,False,False,False,False,True,False,True,False,False,False,False,False,False,True,False,False,True,False,False,False,False,True,False
-1.2044068787278503,1841.85,-0.07519506268436271,-0.9301200302692186,0.3866717676043696,-0.8024958872632796,-0.15053763750671667,-0.09544761854796006,-0.7594299096283988,-1.380573742469106,0.050997261264770256,0.03224078554361997,0.4406797470538846,1,0,7.519068565317946,False,False,False,True,False,False,False,False,False,False,False,False,False,False,False,False,False,False,False,False,False,True,False,False,False,False,True,False,False,False,True,False,False,True,False,False,False,False,True,False
0.4087716575222072,1299.0,0.7117861957712558,0.03196887416276157,-0.2982042368997635,1.1369138261873721,-0.15053763750671667,-0.09544761854796006,1.1064908891743448,0.5951402459298452,3.934090405340473,3.8295728116906047,3.1501230313680426,0,1,7.170119543449628,False,True,False,False,False,False,False,False,False,False,False,False,False,False,False,False,False,False,False,False,True,False,False,False,False,False,True,False,False,False,True,False,False,False,True,False,False,False,True,False
-0.713439498130007,740.0,-0.07519506268436271,-0.37391238239448005,-0.2982042368997635,-0.8024958872632796,-0.15053763750671667,-0.09544761854796006,-1.0333265406453154,0.0024260494101592586,-1.06943690634874,-1.0647662442321755,-0.8048893079579068,0,0,6.608000625296087,False,False,False,True,False,False,False,False,False,False,False,False,False,False,False,False,False,False,False,False,True,False,False,False,False,False,True,False,False,False,True,False,True,False,False,False,False,False,True,False
0.4087716575222072,2408.0,-0.07519506268436271,-0.38894502152622973,0.3866717676043696,-0.8024958872632796,-0.15053763750671667,-0.09544761854796006,-0.7594299096283988,0.9902830436096349,0.050997261264770256,0.03224078554361997,-0.12584653946852056,0,0,7.786967002614872,False,False,False,True,False,False,False,False,False,False,False,False,False,False,False,False,False,False,False,False,False,False,True,False,False,False,True,False,False,False,True,False,False,False,True,False,False,False,False,True
-0.713439498130007,1364.0,-0.07519506268436271,-0.5092061345802273,-0.019973360069959433,-0.8024958872632796,-0.15053763750671667,-0.09544761854796006,-0.9220560342946931,0.3975688470899499,0.050997261264770256,0.03224078554361997,0.2485897530978847,0,0,7.21890970761906,False,False,False,False,False,False,False,False,False,True,False,False,False,False,False,False,False,False,False,False,True,False,False,False,False,False,True,False,False,False,True,False,False,True,False,False,False,False,True,False
0.4087716575222072,675.0,-0.07519506268436271,0.24242582200725737,-0.9830802414038966,1.1369138261873721,-0.15053763750671667,-0.09544761854796006,0.8325942581574283,-1.380573742469106,0.050997261264770256,0.03224078554361997,-0.12584653946852056,0,0,6.516193076042964,False,False,False,True,False,False,False,False,False,False,False,False,False,False,False,False,False,False,False,False,True,False,False,False,False,False,True,False,False,False,True,False,False,True,False,False,False,False,False,False
-1.2044068787278503,1672.0,-0.07519506268436271,-1.486327678143957,0.3866717676043696,-0.8024958872632796,-0.15053763750671667,-0.09544761854796006,-0.7594299096283988,0.3975688470899499,0.050997261264770256,0.03224078554361997,0.4406797470538846,0,1,7.422373700986824,False,False,False,False,False,False,False,False,False,False,False,False,False,False,False,True,False,False,False,False,True,False,False,False,False,False,True,False,False,False,True,False,False,True,False,False,False,False,True,False
0.4087716575222072,1262.0,-0.07519506268436271,0.1822952654802586,1.7564237766126358,-0.8024958872632796,-0.15053763750671667,-0.09544761854796006,-0.21163664759456588,-0.9854309447893159,0.050997261264770256,0.03224078554361997,-0.12584653946852056,0,1,7.141245122350491,False,False,False,True,False,False,False,False,False,False,False,False,False,False,False,False,False,False,False,False,True,False,False,False,False,False,True,False,False,False,True,False,False,False,True,False,False,False,False,True
0.4087716575222072,586.6,-0.8621763211399812,0.21236054374375798,-0.9830802414038966,1.1369138261873721,-0.15053763750671667,-0.09544761854796006,0.8325942581574283,0.19999744825005455,-1.06943690634874,-1.0647662442321755,-1.071448973483805,0,0,6.376046444299722,False,False,False,True,False,False,False,False,False,False,False,False,False,False,False,False,False,False,False,False,True,False,False,False,False,False,True,False,False,False,True,False,True,False,False,False,False,False,True,False
-1.2044068787278503,726.0,-0.8621763211399812,-0.8248915563469708,-0.2982042368997635,-0.8024958872632796,-0.15053763750671667,-0.09544761854796006,-1.0333265406453154,-1.380573742469106,0.050997261264770256,0.03224078554361997,0.4406797470538846,0,1,6.588926477533519,False,False,False,False,False,False,True,False,False,False,False,False,False,False,False,False,False,False,False,False,True,False,False,False,False,False,True,False,False,False,True,False,False,True,False,False,False,False,True,False
0.4087716575222072,248.9,-0.8621763211399812,-0.22358599107698335,-0.9830802414038966,-0.8024958872632796,1.9642930004582626,-0.09544761854796006,-1.1702748561537737,-1.6966879806129387,0.050997261264770256,0.03224078554361997,-0.12584653946852056,0,0,5.521060837840906,False,False,True,False,False,False,False,False,False,False,False,False,False,False,False,False,False,False,False,False,True,False,False,False,False,False,True,False,False,False,True,False,False,False,False,False,True,False,True,False
0.4087716575222072,565.0,-0.8621763211399812,0.39275221332475374,-0.2982042368997635,-0.8024958872632796,-0.15053763750671667,-0.09544761854796006,-1.0333265406453154,-0.5902881471095258,-1.06943690634874,-1.0647662442321755,-1.071448973483805,0,0,6.338594078203183,False,False,False,False,False,False,False,False,False,True,False,False,False,False,False,False,False,False,False,False,True,False,False,False,False,False,True,False,False,False,True,False,True,False,False,False,False,False,True,False
-0.713439498130007,1049.0,-0.07519506268436271,-0.4340429389214788,0.3866717676043696,-0.8024958872632796,-0.15053763750671667,-0.09544761854796006,-0.7594299096283988,-1.380573742469106,0.050997261264770256,0.03224078554361997,0.2485897530978847,0,1,6.956545443151569,False,False,False,False,False,False,False,False,False,True,False,False,False,False,False,False,False,False,False,False,True,False,False,False,False,False,True,False,False,False,True,False,False,True,False,False,False,False,True,False
0.4087716575222072,2338.0,1.4987674542268743,0.19732790461200794,1.7564237766126358,-0.8024958872632796,-0.15053763750671667,-0.09544761854796006,-0.21163664759456588,0.7927116447697404,0.050997261264770256,0.03224078554361997,-0.12584653946852056,0,1,7.757478766584179,False,False,False,True,False,False,False,False,False,False,False,False,False,False,False,False,False,False,False,False,False,False,True,False,False,False,True,False,False,False,True,False,False,False,True,False,False,False,False,True
0.4087716575222072,1899.0,1.4987674542268743,0.03196887416276157,1.7564237766126358,-0.8024958872632796,-0.15053763750671667,-0.09544761854796006,-0.21163664759456588,0.9902830436096349,0.050997261264770256,0.03224078554361997,-0.12584653946852056,0,0,7.549609165154532,False,False,False,True,False,False,False,False,False,False,False,False,False,False,False,False,False,False,False,False,True,False,False,False,False,False,True,False,False,False,True,False,False,False,True,False,False,False,False,True
-1.765512456553958,1798.0,1.4987674542268743,-1.0203158650597164,1.7564237766126358,-0.8024958872632796,-0.15053763750671667,-0.09544761854796006,-0.21163664759456588,0.7927116447697404,0.050997261264770256,0.03224078554361997,0.6865920581569761,0,1,7.4949862339505335,False,False,False,False,False,False,False,False,False,True,False,False,False,False,False,False,False,False,False,False,False,True,False,False,False,False,True,False,False,False,True,False,False,False,True,False,False,False,True,False
-1.765512456553958,1950.0,1.4987674542268743,-1.6967846259884525,1.7564237766126358,-0.8024958872632796,-0.15053763750671667,-0.09544761854796006,-0.21163664759456588,0.7927116447697404,0.050997261264770256,0.03224078554361997,0.6865920581569761,0,0,7.576097340623111,False,True,False,False,False,False,False,False,False,False,False,False,False,False,False,False,False,False,False,False,False,True,False,False,False,False,True,False,False,False,True,False,False,False,True,False,False,False,True,False
0.4087716575222072,1011.99,-0.07519506268436271,0.39275221332475374,0.3866717676043696,-0.8024958872632796,-0.15053763750671667,-0.09544761854796006,-0.7594299096283988,0.3975688470899499,0.050997261264770256,0.03224078554361997,-0.12584653946852056,0,1,6.920661632531647,False,False,False,False,False,False,False,False,False,True,False,False,False,False,False,False,False,False,False,False,True,False,False,False,False,False,True,False,False,False,True,False,False,True,False,False,False,False,False,True
-1.2044068787278503,2799.0,4.646692488049348,-1.486327678143957,1.7564237766126358,-0.8024958872632796,-0.15053763750671667,-0.09544761854796006,-0.21163664759456588,0.7927116447697404,0.050997261264770256,0.03224078554361997,0.4406797470538846,1,0,7.937374696163295,False,False,False,False,False,False,False,False,False,False,False,False,False,False,False,True,False,False,False,False,False,True,False,False,False,False,True,False,False,False,True,False,False,False,True,False,False,False,True,False
0.4087716575222072,1350.0,-0.07519506268436271,-0.07325959975948633,-0.2982042368997635,1.1369138261873721,-0.15053763750671667,-0.09544761854796006,1.1064908891743448,0.9902830436096349,0.050997261264770256,0.03224078554361997,-0.12584653946852056,0,0,7.208600337960199,False,True,False,False,False,False,False,False,False,False,False,False,False,False,False,False,False,False,True,False,False,False,False,False,False,False,True,False,False,False,True,False,False,False,True,False,False,False,False,True
0.4087716575222072,579.0,-0.07519506268436271,0.24242582200725737,-0.9830802414038966,1.1369138261873721,-0.15053763750671667,-0.09544761854796006,0.8325942581574283,0.3975688470899499,-1.06943690634874,-1.0647662442321755,-1.071448973483805,0,0,6.363028103540465,False,False,False,False,False,False,False,False,False,False,False,False,False,False,False,False,False,False,False,False,True,False,False,False,False,False,True,False,False,False,False,False,False,False,False,False,False,False,False,False
1.6011210104026858,1269.0,3.072729971138111,3.444377957069941,0.3866717676043696,1.1369138261873721,-0.15053763750671667,-0.09544761854796006,1.3803875201912614,0.5951402459298452,0.050997261264770256,0.03224078554361997,-0.4476204786194528,1,1,7.146772179452637,False,True,False,False,False,False,False,False,False,False,False,False,False,False,False,False,False,False,True,False,False,False,False,False,False,False,True,False,False,False,True,False,False,False,True,False,False,False,False,True
-1.765512456553958,1099.0,-0.07519506268436271,-1.1105116998502147,-0.019973360069959433,-0.8024958872632796,-0.15053763750671667,-0.09544761854796006,-0.9220560342946931,0.0024260494101592586,-1.06943690634874,-1.0647662442321755,-0.49332304964521606,0,1,7.003065458786462,False,False,False,False,False,False,False,False,False,True,False,False,False,False,False,False,False,False,False,False,False,True,False,False,False,False,True,False,False,False,True,False,False,True,False,False,False,False,True,False
0.4087716575222072,898.9,-0.07519506268436271,0.19732790461200794,0.3866717676043696,-0.8024958872632796,-0.15053763750671667,-0.09544761854796006,-0.7594299096283988,-0.9854309447893159,0.050997261264770256,0.03224078554361997,-0.12584653946852056,0,0,6.8022836460399025,False,False,False,False,False,False,False,False,False,True,False,False,False,False,False,False,False,False,False,False,True,False,False,False,False,False,True,False,False,False,True,False,False,False,True,False,False,False,True,False
-0.713439498130007,1749.0,-0.07519506268436271,-0.8399241954787204,4.367513543784643,-0.8024958872632796,-0.15053763750671667,-0.09544761854796006,0.8325942581574283,0.9902830436096349,0.050997261264770256,0.03224078554361997,0.2485897530978847,0,0,7.4673710669175595,False,False,False,False,False,False,True,False,False,False,False,False,False,False,False,False,False,False,False,False,True,False,False,False,False,False,True,False,False,False,True,False,False,False,True,False,False,False,True,False
-1.2044068787278503,949.0,-0.07519506268436271,-0.960185308532718,0.3866717676043696,-0.8024958872632796,-0.15053763750671667,-0.09544761854796006,-0.7594299096283988,0.19999744825005455,0.050997261264770256,0.03224078554361997,0.4406797470538846,0,1,6.856461984594587,False,False,False,False,False,False,False,False,False,True,False,False,False,False,False,False,False,False,False,False,True,False,False,False,False,False,True,False,False,False,True,False,True,False,False,False,False,False,True,False
0.4087716575222072,911.0,-0.07519506268436271,0.39275221332475374,0.3866717676043696,-0.8024958872632796,-0.15053763750671667,-0.09544761854796006,-0.7594299096283988,0.3975688470899499,0.050997261264770256,0.03224078554361997,-0.12584653946852056,0,1,6.815639990074331,False,False,False,False,False,False,False,False,False,True,False,False,False,False,False,False,False,False,False,False,True,False,False,False,False,False,True,False,False,False,True,False,False,True,False,False,False,False,True,False
-2.396756231608329,340.0,-0.8621763211399812,-1.2608380911677117,-0.9830802414038966,-0.8024958872632796,1.9642930004582626,-0.09544761854796006,-1.1702748561537737,-2.3684307366685817,-1.06943690634874,-1.0647662442321755,-0.26782610021860753,0,0,5.831882477283517,False,True,False,False,False,False,False,False,False,False,False,False,False,False,False,False,False,False,False,True,False,False,False,False,False,False,False,True,False,False,True,False,False,False,False,False,True,False,True,False
0.4087716575222072,618.99,-0.07519506268436271,-0.19352071281348393,0.3866717676043696,-0.8024958872632796,-0.15053763750671667,-0.09544761854796006,-0.7594299096283988,0.3975688470899499,-1.06943690634874,-1.0647662442321755,-1.071448973483805,0,0,6.429703348876805,False,False,False,False,False,False,True,False,False,False,False,False,False,False,False,False,False,False,False,False,True,False,False,False,False,False,True,False,False,False,True,False,False,True,False,False,False,False,False,False
-0.7835776953582702,1599.0,-0.07519506268436271,-0.960185308532718,0.3866717676043696,-0.8024958872632796,-0.15053763750671667,-0.09544761854796006,-0.7594299096283988,-1.380573742469106,0.050997261264770256,0.03224078554361997,0.27480493343245943,1,1,7.3777589082278725,False,False,False,False,False,False,False,False,False,True,False,False,False,False,False,False,False,False,False,False,False,False,False,False,False,False,True,False,False,False,True,False,False,True,False,False,False,False,True,False
-0.713439498130007,299.0,-0.8621763211399812,0.09209943068976037,-0.9830802414038966,0.16720896946204622,-0.15053763750671667,-0.09544761854796006,-0.2373144567524018,-2.3684307366685817,-1.06943690634874,-1.0647662442321755,-0.8048893079579068,0,0,5.703782474656201,False,False,False,False,False,False,False,False,False,True,False,False,False,False,False,False,False,False,False,False,True,False,False,False,False,False,True,False,False,False,True,False,False,False,False,False,True,False,True,False
-2.396756231608329,265.0,-0.8621763211399812,-1.185674895508963,-0.89747074084088,-0.8024958872632796,-0.15053763750671667,-0.09544761854796006,-1.2729860927851173,-1.380573742469106,-1.06943690634874,-1.0647662442321755,-0.26782610021860753,0,0,5.583496308781699,False,False,False,False,False,False,False,False,False,True,False,False,False,False,False,False,False,False,False,True,False,False,False,True,False,False,False,False,False,False,True,False,False,False,False,False,True,False,True,False
-1.2044068787278503,949.0,-0.07519506268436271,-0.9000547520057193,0.3866717676043696,-0.8024958872632796,-0.15053763750671667,-0.09544761854796006,-0.7594299096283988,0.3975688470899499,0.050997261264770256,0.03224078554361997,0.4406797470538846,0,0,6.856461984594587,False,False,False,False,False,False,False,False,False,True,False,False,False,False,False,False,False,False,False,False,True,False,False,False,False,False,True,False,False,False,True,False,False,True,False,False,False,False,True,False
0.4087716575222072,1224.0,-0.07519506268436271,-0.058226960627736635,0.3866717676043696,1.1369138261873721,-0.15053763750671667,-0.09544761854796006,1.3803875201912614,0.7927116447697404,0.050997261264770256,0.03224078554361997,-0.12584653946852056,0,0,7.110696122978827,False,True,False,False,False,False,False,False,False,False,False,False,False,False,False,False,False,False,False,False,True,False,False,False,False,False,True,False,False,False,True,False,False,False,True,False,False,False,True,False
0.4087716575222072,613.0,-0.8621763211399812,0.24242582200725737,-0.9830802414038966,1.1369138261873721,-0.15053763750671667,-0.09544761854796006,0.8325942581574283,-1.380573742469106,0.050997261264770256,0.03224078554361997,-0.12584653946852056,0,1,6.419994928147142,False,False,False,False,False,False,False,False,False,False,False,False,False,False,False,False,False,False,False,False,True,False,False,False,False,False,True,False,False,False,True,False,False,True,False,False,False,False,False,True
-1.2044068787278503,1323.0,-0.07519506268436271,-1.050381143323216,1.7564237766126358,-0.8024958872632796,-0.15053763750671667,-0.09544761854796006,-0.21163664759456588,0.7927116447697404,0.050997261264770256,0.03224078554361997,0.4406797470538846,0,1,7.188412736496954,False,False,False,False,False,False,True,False,False,False,False,False,False,False,False,False,False,False,False,False,False,True,False,False,False,False,True,False,False,False,True,False,False,False,True,False,False,False,True,False
0.4087716575222072,1149.0,-0.07519506268436271,0.5430786046422508,0.3866717676043696,1.1369138261873721,-0.15053763750671667,-0.09544761854796006,1.3803875201912614,0.9902830436096349,0.050997261264770256,0.03224078554361997,-0.12584653946852056,0,1,7.047517221357296,False,False,False,False,False,False,False,False,False,True,False,False,False,False,False,False,False,False,True,False,False,False,False,False,False,True,False,False,False,False,True,False,False,False,True,False,False,False,False,True
-1.2044068787278503,899.0,-0.07519506268436271,-1.1255443389819644,-0.2982042368997635,-0.8024958872632796,-0.15053763750671667,-0.09544761854796006,-1.0333265406453154,0.3975688470899499,0.050997261264770256,0.03224078554361997,0.4406797470538846,1,1,6.802394763324311,False,False,False,True,False,False,False,False,False,False,False,False,False,False,False,False,False,False,False,False,False,True,False,False,False,False,True,False,False,False,True,False,False,True,False,False,False,False,True,False
0.4087716575222072,639.0,-0.8621763211399812,0.24242582200725737,-0.9830802414038966,0.16720896946204622,-0.15053763750671667,-0.09544761854796006,-0.2373144567524018,0.7927116447697404,0.050997261264770256,0.03224078554361997,-0.12584653946852056,0,0,6.461468176353717,False,False,False,False,False,False,False,False,False,False,False,False,False,False,False,False,False,False,False,False,True,False,False,False,False,False,True,False,False,False,True,False,False,False,True,False,False,False,False,True
0.4087716575222072,836.0,-0.07519506268436271,0.21236054374375798,-0.9830802414038966,1.1369138261873721,-0.15053763750671667,-0.09544761854796006,0.8325942581574283,0.3975688470899499,0.050997261264770256,0.03224078554361997,-0.12584653946852056,0,0,6.729824070489475,False,False,False,True,False,False,False,False,False,False,False,False,False,False,False,False,False,False,False,False,True,False,False,False,False,False,True,False,False,False,True,False,False,True,False,False,False,False,True,False
0.4087716575222072,1219.24,1.4987674542268743,0.24242582200725737,0.3866717676043696,3.0763235396380235,-0.15053763750671667,-0.09544761854796006,3.520204950010921,-0.9854309447893159,0.050997261264770256,0.03224078554361997,-0.12584653946852056,0,0,7.106802839691678,False,False,False,True,False,False,False,False,False,False,False,False,False,False,False,False,False,False,False,False,True,False,False,False,False,False,True,False,False,False,True,False,False,False,True,False,False,False,False,False
0.4087716575222072,1399.95,1.4987674542268743,-0.13339015628648515,0.3866717676043696,-0.8024958872632796,-0.15053763750671667,-0.09544761854796006,-0.7594299096283988,-0.9854309447893159,0.050997261264770256,0.03224078554361997,-0.12584653946852056,0,1,7.244905856906428,False,False,False,False,False,False,False,False,False,False,False,False,False,False,False,False,False,True,False,False,True,False,False,False,False,True,False,False,False,False,True,False,False,False,True,False,False,False,False,True
-2.396756231608329,245.0,-1.2556669503677904,-1.4111644824852083,-0.9830802414038966,-0.8024958872632796,0.9068776814757729,-0.09544761854796006,-1.2387490139080028,-2.3684307366685817,-1.06943690634874,-1.0647662442321755,-0.26782610021860753,0,0,5.5053315359323625,False,True,False,False,False,False,False,False,False,False,False,False,False,False,False,False,False,False,False,True,False,False,False,False,False,False,True,False,False,False,True,False,False,False,False,False,True,False,True,False
0.4087716575222072,521.47,-0.8621763211399812,0.0019035958992621705,-0.9830802414038966,1.1369138261873721,-0.15053763750671667,-0.09544761854796006,0.8325942581574283,-1.380573742469106,-1.06943690634874,-1.0647662442321755,-1.071448973483805,1,0,6.258567565922647,False,False,False,False,False,False,True,False,False,False,False,False,False,False,False,False,False,False,False,False,True,False,False,False,False,False,True,False,False,False,True,False,False,True,False,False,False,False,True,False
0.4087716575222072,2968.0,3.072729971138111,0.3025563785342562,1.7564237766126358,-0.8024958872632796,-0.15053763750671667,-0.09544761854796006,-0.21163664759456588,0.9902830436096349,0.050997261264770256,0.03224078554361997,-0.12584653946852056,0,0,7.99598047476376,False,True,False,False,False,False,False,False,False,False,False,False,False,False,False,False,False,False,True,False,False,False,False,False,False,False,True,False,False,False,True,False,False,False,True,False,False,False,False,True
0.4087716575222072,889.0,-0.07519506268436271,0.0019035958992621705,0.3866717676043696,-0.8024958872632796,-0.15053763750671667,-0.09544761854796006,-0.7594299096283988,0.3975688470899499,0.050997261264770256,0.03224078554361997,-0.12584653946852056,0,0,6.7912214627261855,False,False,False,False,False,False,True,False,False,False,False,False,False,False,False,False,False,False,False,False,True,False,False,False,False,False,True,False,False,False,True,False,False,True,False,False,False,False,False,True
1.6011210104026858,1504.0,1.4987674542268743,1.4450369525472322,0.3866717676043696,1.1369138261873721,-0.15053763750671667,-0.09544761854796006,1.3803875201912614,0.9902830436096349,0.050997261264770256,0.03224078554361997,-0.4476204786194528,0,0,7.316548177182976,False,True,False,False,False,False,False,False,False,False,False,False,False,False,False,False,False,False,True,False,False,False,False,False,False,False,True,False,False,False,True,False,False,False,True,False,False,False,False,True
0.4087716575222072,1399.0,-0.07519506268436271,1.7456897351822263,0.3866717676043696,1.1369138261873721,-0.15053763750671667,-0.09544761854796006,1.3803875201912614,0.9902830436096349,0.050997261264770256,0.03224078554361997,-0.12584653946852056,0,1,7.24422751560335,False,False,False,False,False,False,False,False,False,True,False,False,False,False,False,False,False,False,True,False,False,False,False,False,False,False,True,False,False,False,True,False,False,False,True,False,False,False,False,True
-1.2044068787278503,1399.0,-0.07519506268436271,-1.0804464215867153,0.3866717676043696,-0.8024958872632796,-0.15053763750671667,-0.09544761854796006,-0.7594299096283988,0.7927116447697404,0.050997261264770256,0.03224078554361997,0.4406797470538846,0,1,7.24422751560335,False,False,False,False,False,False,True,False,False,False,False,False,False,False,False,False,False,False,False,False,False,True,False,False,False,False,True,False,False,False,True,False,False,False,True,False,False,False,True,False
-0.713439498130007,1279.73,-0.07519506268436271,-0.5994019693707255,0.3866717676043696,-0.8024958872632796,-0.15053763750671667,-0.09544761854796006,-0.7594299096283988,0.5951402459298452,0.050997261264770256,0.03224078554361997,0.2485897530978847,0,0,7.155185506847295,False,False,False,True,False,False,False,False,False,False,False,False,False,False,False,False,False,False,False,False,True,False,False,False,False,False,True,False,False,False,True,False,False,True,False,False,False,False,True,False
0.4087716575222072,689.0,-0.8621763211399812,-0.6144346085024752,-0.2982042368997635,-0.8024958872632796,-0.15053763750671667,-0.09544761854796006,-1.0333265406453154,-0.5902881471095258,-1.06943690634874,-1.0647662442321755,-1.071448973483805,0,0,6.536691597591305,False,False,False,False,False,False,True,False,False,False,False,False,False,False,False,False,False,False,False,False,True,False,False,False,False,False,True,False,False,False,True,False,True,False,False,False,False,False,True,False
1.6011210104026858,889.0,-0.07519506268436271,1.1443841699122381,-0.2982042368997635,1.1369138261873721,-0.15053763750671667,-0.09544761854796006,1.1064908891743448,-1.380573742469106,0.050997261264770256,0.03224078554361997,-0.4476204786194528,0,1,6.7912214627261855,False,False,False,True,False,False,False,False,False,False,False,False,False,False,False,False,False,False,False,False,True,False,False,False,True,False,False,False,False,False,True,False,False,True,False,False,False,False,False,False
-0.713439498130007,1340.0,-0.07519506268436271,-0.02816168236423723,0.3866717676043696,-0.8024958872632796,-0.15053763750671667,-0.09544761854796006,-0.7594299096283988,0.0024260494101592586,0.050997261264770256,0.03224078554361997,0.2485897530978847,0,0,7.201170883281678,False,False,False,False,False,False,False,False,False,True,False,False,False,False,False,False,False,False,False,False,True,False,False,False,False,False,False,False,True,False,True,False,False,True,False,False,False,False,True,False
0.4087716575222072,799.0,-0.8621763211399812,0.24242582200725737,-0.9830802414038966,1.1369138261873721,-0.15053763750671667,-0.09544761854796006,0.8325942581574283,0.7927116447697404,0.050997261264770256,0.03224078554361997,-0.12584653946852056,0,0,6.684611727667927,False,False,False,False,False,False,False,False,False,True,False,False,False,False,False,False,False,False,False,False,True,False,False,False,False,False,True,False,False,False,True,False,False,False,True,False,False,False,False,True
0.4087716575222072,459.0,-0.07519506268436271,0.24242582200725737,-0.9830802414038966,3.0763235396380235,-0.15053763750671667,-0.09544761854796006,2.9724116879770883,-0.5902881471095258,-1.06943690634874,-1.0647662442321755,-1.071448973483805,0,0,6.131226489483141,False,False,False,False,False,False,False,False,False,True,False,False,False,False,False,False,False,False,False,False,True,False,False,False,False,True,False,False,False,False,True,False,True,False,False,False,False,False,False,True
0.4087716575222072,585.0,-0.8621763211399812,0.39275221332475374,-0.9830802414038966,0.16720896946204622,-0.15053763750671667,-0.09544761854796006,-0.2373144567524018,0.3975688470899499,0.050997261264770256,0.03224078554361997,-0.12584653946852056,0,0,6.373319789577012,False,False,False,True,False,False,False,False,False,False,False,False,False,False,False,False,False,False,False,False,True,False,False,False,False,False,True,False,False,False,True,False,False,True,False,False,False,False,False,False
0.4087716575222072,1377.0,-0.07519506268436271,-0.20855335194523364,0.3866717676043696,-0.8024958872632796,-0.15053763750671667,-0.09544761854796006,-0.7594299096283988,0.9902830436096349,0.050997261264770256,0.03224078554361997,-0.12584653946852056,0,0,7.228388451573604,False,False,False,True,False,False,False,False,False,False,False,False,False,False,False,False,False,False,False,False,True,False,False,False,False,False,True,False,False,False,True,False,False,True,False,False,False,False,True,False
1.6011210104026858,3012.77,1.4987674542268743,3.579671709255688,-0.2982042368997635,1.1369138261873721,-0.15053763750671667,-0.09544761854796006,1.1064908891743448,0.9902830436096349,0.050997261264770256,0.03224078554361997,-0.4476204786194528,0,1,8.01094706572388,False,False,False,True,False,False,False,False,False,False,False,False,False,False,False,False,False,False,True,False,False,False,False,False,False,False,True,False,False,False,True,False,False,False,True,False,False,False,False,True
0.4087716575222072,860.0,-0.07519506268436271,-0.058226960627736635,-0.9830802414038966,0.16720896946204622,-0.15053763750671667,-0.09544761854796006,-0.2373144567524018,0.3975688470899499,0.050997261264770256,0.03224078554361997,-0.12584653946852056,0,1,6.7580945044277305,False,False,False,False,False,False,False,False,False,False,False,False,False,False,False,True,False,False,False,False,True,False,False,False,False,False,True,False,False,False,True,False,False,True,False,False,False,False,True,False
0.4087716575222072,1299.0,-0.07519506268436271,-0.058226960627736635,0.3866717676043696,1.1369138261873721,-0.15053763750671667,-0.09544761854796006,1.3803875201912614,0.7927116447697404,3.934090405340473,3.8295728116906047,3.1501230313680426,0,1,7.170119543449628,False,True,False,False,False,False,False,False,False,False,False,False,False,False,False,False,False,False,False,False,True,False,False,False,False,False,True,False,False,False,True,False,False,False,True,False,False,False,False,True
-1.2044068787278503,369.0,-0.8621763211399812,-1.2608380911677117,-0.8118612402778633,-0.8024958872632796,-0.15053763750671667,-0.09544761854796006,-1.2387490139080028,-2.3684307366685817,0.050997261264770256,0.03224078554361997,0.4406797470538846,0,1,5.91350300563827,False,False,False,False,False,False,False,False,False,False,False,True,False,False,False,False,False,False,False,False,True,False,False,False,False,False,True,False,False,False,True,False,False,False,False,False,True,False,True,False
0.4087716575222072,1649.0,-0.07519506268436271,0.39275221332475374,-0.2982042368997635,1.1369138261873721,-0.15053763750671667,-0.09544761854796006,1.1064908891743448,0.3975688470899499,0.050997261264770256,0.03224078554361997,-0.12584653946852056,0,1,7.408530566894626,False,True,False,False,False,False,False,False,False,False,False,False,False,False,False,False,False,False,True,False,False,False,False,False,False,False,True,False,False,False,True,False,False,True,False,False,False,False,False,True
0.4087716575222072,1369.0,-0.07519506268436271,-0.16345543454998454,0.3866717676043696,-0.8024958872632796,-0.15053763750671667,-0.09544761854796006,-0.7594299096283988,0.9902830436096349,0.050997261264770256,0.03224078554361997,-0.12584653946852056,0,0,7.222566018822171,False,False,False,True,False,False,False,False,False,False,False,False,False,False,False,False,False,False,False,False,True,False,False,False,False,False,True,False,False,False,True,False,False,False,True,False,False,False,False,True
0.4087716575222072,797.41,-0.07519506268436271,0.24242582200725737,0.3866717676043696,-0.8024958872632796,-0.15053763750671667,-0.09544761854796006,-0.7594299096283988,-1.380573742469106,0.050997261264770256,0.03224078554361997,-0.12584653946852056,0,0,6.682622249968917,False,False,False,True,False,False,False,False,False,False,False,False,False,False,False,False,False,False,False,False,True,False,False,False,False,False,True,False,False,False,True,False,False,True,False,False,False,False,False,False
0.4087716575222072,398.99,-0.8621763211399812,-0.2686839084722321,0.3866717676043696,-0.8024958872632796,-0.15053763750671667,-0.09544761854796006,-0.7594299096283988,-1.380573742469106,0.050997261264770256,0.03224078554361997,-0.12584653946852056,0,0,5.991439546795477,False,False,False,False,False,False,True,False,False,False,False,False,False,False,False,False,False,False,False,False,True,False,False,False,False,False,True,False,False,False,True,False,False,False,False,False,True,False,True,False
1.6011210104026858,1799.0,0.7117861957712558,0.8737966655407442,-0.9830802414038966,1.1369138261873721,-0.15053763750671667,-0.09544761854796006,0.8325942581574283,0.9902830436096349,0.050997261264770256,0.03224078554361997,-0.4476204786194528,0,0,7.495541943884256,False,False,False,False,False,False,True,False,False,False,False,False,False,False,False,False,False,False,True,False,False,False,False,False,False,False,True,False,False,False,True,False,False,False,True,False,False,False,False,True
-0.713439498130007,859.0,-0.07519506268436271,-0.25365126934048243,0.3866717676043696,-0.8024958872632796,-0.15053763750671667,-0.09544761854796006,-0.7594299096283988,0.7927116447697404,0.050997261264770256,0.03224078554361997,0.2485897530978847,0,1,6.756932389247553,False,False,False,False,False,False,False,False,False,True,False,False,False,False,False,False,False,False,False,False,True,False,False,False,False,False,True,False,False,False,True,False,False,False,True,False,False,False,False,True
-1.2044068787278503,1399.0,-0.07519506268436271,-1.2608380911677117,0.3866717676043696,-0.8024958872632796,-0.15053763750671667,-0.09544761854796006,-0.7594299096283988,-0.9854309447893159,2.6397260239819054,2.56379546964161,3.002343651959864,1,0,7.24422751560335,False,False,False,True,False,False,False,False,False,False,False,False,False,False,False,False,False,False,False,False,False,True,False,False,False,False,True,False,False,False,True,False,False,False,True,False,False,False,True,False
-0.713439498130007,735.87,-0.8621763211399812,-0.659532525897724,-0.2982042368997635,-0.8024958872632796,-0.15053763750671667,-0.09544761854796006,-1.0333265406453154,-0.5902881471095258,0.050997261264770256,0.03224078554361997,0.2485897530978847,0,0,6.602411485857249,False,False,False,True,False,False,False,False,False,False,False,False,False,False,False,False,False,False,False,False,True,False,False,False,False,False,True,False,False,False,True,False,True,False,False,False,False,False,True,False
-1.2044068787278503,1145.0,-0.07519506268436271,-1.050381143323216,0.3866717676043696,-0.8024958872632796,-0.15053763750671667,-0.09544761854796006,-0.7594299096283988,0.7927116447697404,2.6397260239819054,2.56379546964161,3.002343651959864,0,1,7.044032897274685,False,False,False,False,False,False,True,False,False,False,False,False,False,False,False,False,False,False,False,False,False,True,False,False,False,False,True,False,False,False,True,False,False,False,True,False,False,False,True,False
0.4087716575222072,798.0,-0.07519506268436271,0.5430786046422508,-0.9830802414038966,1.1369138261873721,-0.15053763750671667,-0.09544761854796006,0.8325942581574283,0.3975688470899499,0.050997261264770256,0.03224078554361997,-0.12584653946852056,0,0,6.683360945766275,False,False,False,False,False,False,False,False,False,False,False,False,False,False,False,False,False,False,True,False,False,False,False,False,True,False,False,False,False,False,True,False,False,True,False,False,False,False,False,True
0.4087716575222072,349.0,-0.8621763211399812,-0.058226960627736635,-0.9830802414038966,0.16720896946204622,-0.15053763750671667,-0.09544761854796006,-0.2373144567524018,-0.9854309447893159,-1.06943690634874,-1.0647662442321755,-1.071448973483805,0,0,5.857933154483459,False,True,False,False,False,False,False,False,False,False,False,False,False,False,False,False,False,False,False,False,True,False,False,False,False,False,True,False,False,False,False,False,False,False,False,False,False,False,False,False
0.4087716575222072,705.5,-0.8621763211399812,0.09209943068976037,-0.2982042368997635,-0.8024958872632796,-0.15053763750671667,-0.09544761854796006,-1.0333265406453154,0.19999744825005455,0.050997261264770256,0.03224078554361997,-0.12584653946852056,0,0,6.560323202124582,False,False,False,False,False,False,True,False,False,False,False,False,False,False,False,False,False,False,False,False,True,False,False,False,False,False,True,False,False,False,True,False,True,False,False,False,False,False,True,False
-0.713439498130007,785.0,-0.8621763211399812,-0.25365126934048243,-0.9830802414038966,0.16720896946204622,-0.15053763750671667,-0.09544761854796006,-0.2373144567524018,0.3975688470899499,0.050997261264770256,0.03224078554361997,0.2485897530978847,0,0,6.666956792429207,False,False,False,False,False,False,False,False,False,True,False,False,False,False,False,False,False,False,False,False,True,False,False,False,False,False,True,False,False,False,True,False,False,True,False,False,False,False,True,False
0.4087716575222072,462.35,-0.8621763211399812,0.16726262634850855,-0.9830802414038966,1.1369138261873721,-0.15053763750671667,-0.09544761854796006,0.8325942581574283,0.0024260494101592586,0.050997261264770256,0.03224078554361997,-0.12584653946852056,0,0,6.138482708032701,False,False,False,False,False,False,False,False,False,True,False,False,False,False,False,False,False,False,False,False,True,False,False,False,False,True,False,False,False,False,True,False,False,True,False,False,False,False,True,False
0.4087716575222072,397.0,-0.8621763211399812,-0.2686839084722321,-0.9830802414038966,0.16720896946204622,-0.15053763750671667,-0.09544761854796006,-0.2373144567524018,-0.5902881471095258,0.050997261264770256,0.03224078554361997,-0.12584653946852056,0,0,5.986452005284438,False,False,False,False,False,False,True,False,False,False,False,False,False,False,False,False,False,False,False,False,True,False,False,False,False,False,True,False,False,False,True,False,True,False,False,False,False,False,True,False
0.4087716575222072,1729.0,-0.07519506268436271,-0.07325959975948633,1.7564237766126358,-0.8024958872632796,-0.15053763750671667,-0.09544761854796006,-0.21163664759456588,0.7927116447697404,0.050997261264770256,0.03224078554361997,-0.12584653946852056,0,1,7.455876687491824,False,False,False,False,False,False,False,False,False,True,False,False,False,False,False,False,False,False,False,False,True,False,False,False,False,False,True,False,False,False,True,False,False,False,True,False,False,False,True,False
0.4087716575222072,499.0,-0.8621763211399812,0.24242582200725737,-0.2982042368997635,-0.8024958872632796,-0.15053763750671667,-0.09544761854796006,-1.0333265406453154,-0.5902881471095258,0.050997261264770256,0.03224078554361997,-0.12584653946852056,0,0,6.214608098422191,False,False,False,False,False,False,False,False,False,True,False,False,False,False,False,False,False,False,False,False,True,False,False,False,False,False,True,False,False,False,True,False,True,False,False,False,False,False,True,False
0.4087716575222072,1116.99,-0.07519506268436271,-0.20855335194523364,0.3866717676043696,-0.8024958872632796,-0.15053763750671667,-0.09544761854796006,-0.7594299096283988,0.3975688470899499,0.050997261264770256,0.03224078554361997,-0.12584653946852056,0,0,7.019287709131214,False,False,False,True,False,False,False,False,False,False,False,False,False,False,False,False,False,False,False,False,True,False,False,False,False,False,True,False,False,False,True,False,False,True,False,False,False,False,True,False
1.6011210104026858,2699.0,1.4987674542268743,3.579671709255688,0.3866717676043696,1.1369138261873721,-0.15053763750671667,-0.09544761854796006,1.3803875201912614,0.9902830436096349,0.050997261264770256,0.03224078554361997,-0.4476204786194528,0,1,7.90100705199242,False,False,False,True,False,False,False,False,False,False,False,False,False,False,False,False,False,False,True,False,False,False,False,False,False,False,True,False,False,False,True,False,False,False,True,False,False,False,False,True
1.6011210104026858,544.15,-0.07519506268436271,0.9188945829359929,-0.9830802414038966,1.1369138261873721,-0.15053763750671667,-0.09544761854796006,0.8325942581574283,-0.5902881471095258,-0.5961849294145135,-0.6006478854808774,-0.9401410790646072,0,0,6.3010609861523905,False,False,False,False,False,False,True,False,False,False,False,False,False,False,False,False,False,False,False,False,True,False,False,False,False,False,True,False,False,False,True,False,True,False,False,False,False,False,True,False
1.6011210104026858,1280.0,-0.07519506268436271,0.8888293046724935,-0.9830802414038966,1.1369138261873721,-0.15053763750671667,-0.09544761854796006,0.8325942581574283,0.7927116447697404,0.050997261264770256,0.03224078554361997,-0.4476204786194528,0,0,7.155396301896734,False,False,False,False,False,False,True,False,False,False,False,False,False,False,False,False,False,False,False,False,True,False,False,False,False,False,True,False,False,False,True,False,False,False,True,False,False,False,False,True
0.4087716575222072,224.0,-0.8621763211399812,-0.058226960627736635,-0.9830802414038966,0.16720896946204622,-0.15053763750671667,-0.09544761854796006,-0.2373144567524018,-2.3684307366685817,-1.06943690634874,-1.0647662442321755,-1.071448973483805,0,0,5.41610040220442,False,True,False,False,False,False,False,False,False,False,False,False,False,False,False,False,False,False,False,False,True,False,False,False,True,False,False,False,False,False,True,False,False,False,False,False,True,False,True,False
-1.2044068787278503,255.0,-0.8621763211399812,-1.0353485041914663,-0.9830802414038966,-0.8024958872632796,0.9068776814757729,-0.09544761854796006,-1.2387490139080028,-1.6966879806129387,0.050997261264770256,0.03224078554361997,0.4406797470538846,0,1,5.545177444479562,False,False,False,False,False,False,False,False,False,False,False,True,False,False,False,False,False,False,False,False,True,False,False,False,False,False,True,False,False,False,True,False,False,False,False,False,True,False,True,False
1.6011210104026858,949.0,-0.46868569191217196,1.1443841699122381,-0.2982042368997635,1.1369138261873721,-0.15053763750671667,-0.09544761854796006,1.1064908891743448,0.7927116447697404,-0.5961849294145135,-0.6006478854808774,-0.9401410790646072,0,0,6.856461984594587,False,False,False,False,False,False,False,False,False,True,False,False,False,False,False,False,False,False,False,False,True,False,False,False,False,False,True,False,False,False,True,False,False,False,True,False,False,False,False,True
0.4087716575222072,568.9,-0.46868569191217196,-0.19352071281348393,-0.2982042368997635,-0.8024958872632796,-0.15053763750671667,-0.09544761854796006,-1.0333265406453154,0.3975688470899499,0.050997261264770256,0.03224078554361997,-0.12584653946852056,0,1,6.3454609068409535,False,False,False,False,False,False,True,False,False,False,False,False,False,False,False,False,False,False,False,False,True,False,False,False,False,False,True,False,False,False,False,False,False,False,False,False,False,False,False,False
0.4087716575222072,617.9,-0.8621763211399812,0.21236054374375798,-0.9830802414038966,1.1369138261873721,-0.15053763750671667,-0.09544761854796006,0.8325942581574283,-0.5902881471095258,-1.06943690634874,-1.0647662442321755,-1.071448973483805,0,0,6.427943708745316,False,False,False,True,False,False,False,False,False,False,False,False,False,False,False,False,False,False,False,False,True,False,False,False,False,False,True,False,False,False,True,False,True,False,False,False,False,False,False,False
-2.396756231608329,349.0,-0.8621763211399812,-1.185674895508963,-0.9830802414038966,-0.8024958872632796,0.9068776814757729,-0.09544761854796006,-1.2387490139080028,-0.5902881471095258,0.050997261264770256,0.03224078554361997,1.0039581351277587,1,1,5.857933154483459,False,False,False,False,False,False,False,False,False,False,False,False,False,False,False,False,False,False,False,False,False,False,False,False,False,False,True,False,False,False,True,False,False,False,False,False,True,False,True,False
0.4087716575222072,630.0,-0.8621763211399812,0.016936235031011538,-0.2982042368997635,-0.8024958872632796,-0.15053763750671667,-0.09544761854796006,-1.0333265406453154,0.7927116447697404,0.050997261264770256,0.03224078554361997,-0.12584653946852056,0,0,6.447305862541213,False,False,False,False,False,False,False,False,False,True,False,False,False,False,False,False,False,False,False,False,True,False,False,False,False,False,True,False,False,False,True,False,True,False,False,False,False,False,True,False
-1.2044068787278503,1965.0,1.4987674542268743,-1.3209686476947105,1.7564237766126358,-0.8024958872632796,-0.15053763750671667,-0.09544761854796006,-0.21163664759456588,-2.170859337828687,2.6397260239819054,2.56379546964161,3.002343651959864,1,1,7.583756300707112,False,False,False,False,False,False,True,False,False,False,False,False,False,False,False,False,False,False,False,False,False,True,False,False,False,False,True,False,False,False,True,False,False,False,False,False,True,False,True,False
1.6011210104026858,2999.0,-0.07519506268436271,2.0463425178172194,0.3866717676043696,-0.8024958872632796,-0.15053763750671667,-0.09544761854796006,-0.7594299096283988,0.9902830436096349,0.050997261264770256,0.03224078554361997,-0.4476204786194528,0,1,8.006367567650246,False,False,False,False,False,False,False,False,False,True,False,False,False,False,False,False,False,False,False,False,True,False,False,False,False,False,True,False,False,False,True,False,False,False,True,False,False,False,False,True
0.4087716575222072,839.0,-0.07519506268436271,0.6934049959597477,-0.2982042368997635,1.1369138261873721,-0.15053763750671667,-0.09544761854796006,1.1064908891743448,0.3975688470899499,0.050997261264770256,0.03224078554361997,-0.12584653946852056,0,0,6.733401891837359,False,True,False,False,False,False,False,False,False,False,False,False,False,False,False,False,False,False,False,False,True,False,False,False,False,False,True,False,False,False,True,False,False,True,False,False,False,False,False,True
-1.2044068787278503,1599.0,-0.07519506268436271,-1.245805452035962,-0.2982042368997635,-0.8024958872632796,-0.15053763750671667,-0.09544761854796006,-1.0333265406453154,-1.380573742469106,3.934090405340473,3.8295728116906047,4.283175604412853,1,1,7.3777589082278725,False,False,False,True,False,False,False,False,False,False,False,False,False,False,False,False,False,False,False,False,False,True,False,False,False,False,True,False,False,False,True,False,False,True,False,False,False,False,True,False
0.4087716575222072,959.0,-0.8621763211399812,-0.16345543454998454,-0.9830802414038966,0.16720896946204622,-0.15053763750671667,-0.09544761854796006,-0.2373144567524018,0.5951402459298452,-1.06943690634874,-1.0647662442321755,-1.071448973483805,0,0,6.866933284461882,False,False,False,True,False,False,False,False,False,False,False,False,False,False,False,False,False,False,False,False,True,False,False,False,False,False,True,False,False,False,True,False,False,True,False,False,False,False,True,False
0.4087716575222072,739.0,-0.07519506268436271,0.24242582200725737,-0.9830802414038966,1.1369138261873721,-0.15053763750671667,-0.09544761854796006,0.8325942581574283,0.3975688470899499,-1.06943690634874,-1.0647662442321755,-1.071448973483805,0,0,6.606650186198215,False,False,False,False,True,False,False,False,False,False,False,False,False,False,False,False,False,False,False,False,True,False,False,False,False,False,True,False,False,False,True,False,False,True,False,False,False,False,True,False
0.4087716575222072,344.0,-0.8621763211399812,0.24242582200725737,-0.9830802414038966,0.16720896946204622,-0.15053763750671667,-0.09544761854796006,-0.2373144567524018,-2.3684307366685817,0.050997261264770256,0.03224078554361997,-0.12584653946852056,0,0,5.84354441703136,False,False,False,False,False,False,False,False,False,True,False,False,False,False,False,False,False,False,False,False,True,False,False,False,False,False,True,False,False,False,True,False,False,False,False,False,True,False,True,False
-0.713439498130007,990.0,-0.8621763211399812,-0.02816168236423723,-0.9830802414038966,0.16720896946204622,-0.15053763750671667,-0.09544761854796006,-0.2373144567524018,0.3975688470899499,-1.06943690634874,-1.0647662442321755,-0.8048893079579068,0,0,6.898714534329988,False,False,False,False,False,False,False,False,False,True,False,False,False,False,False,False,False,False,False,False,True,False,False,False,False,False,True,False,False,False,True,False,False,True,False,False,False,False,True,False
1.6011210104026858,1860.99,-0.07519506268436271,1.655493900391728,-0.9830802414038966,0.16720896946204622,-0.15053763750671667,-0.09544761854796006,-0.2373144567524018,0.9902830436096349,-0.5961849294145135,-0.6006478854808774,-0.9401410790646072,0,0,7.52940108725331,False,False,False,False,False,False,True,False,False,False,False,False,False,False,False,False,False,False,False,False,False,False,True,False,False,False,True,False,False,False,True,False,False,True,False,False,False,False,False,True
-0.713439498130007,389.0,-0.07519506268436271,-0.14842279541823483,-0.9830802414038966,3.0763235396380235,-0.15053763750671667,-0.09544761854796006,2.9724116879770883,-1.380573742469106,-1.06943690634874,-1.0647662442321755,-0.8048893079579068,0,0,5.966146739123692,False,False,False,False,False,False,True,False,False,False,False,False,False,False,False,False,False,False,False,False,True,False,False,False,False,False,True,False,False,False,True,False,False,False,False,False,True,False,True,False
0.4087716575222072,649.0,-0.46868569191217196,-0.13339015628648515,0.3866717676043696,-0.8024958872632796,-0.15053763750671667,-0.09544761854796006,-0.7594299096283988,1.3854258412894256,0.050997261264770256,0.03224078554361997,-0.12584653946852056,0,1,6.476972362889683,False,False,False,False,False,False,True,False,False,False,False,False,False,False,False,False,False,False,False,False,True,False,False,False,False,False,True,False,False,False,False,False,False,False,False,False,False,False,False,False
0.4087716575222072,830.0,-0.07519506268436271,0.39275221332475374,0.3866717676043696,-0.8024958872632796,-0.15053763750671667,-0.09544761854796006,-0.7594299096283988,0.3975688470899499,0.050997261264770256,0.03224078554361997,-0.12584653946852056,0,0,6.7226297948554485,False,False,False,False,False,False,False,False,False,True,False,False,False,False,False,False,False,False,False,False,True,False,False,False,False,False,True,False,False,False,True,False,False,True,False,False,False,False,True,False
0.4087716575222072,685.0,-0.8621763211399812,0.016936235031011538,-0.9830802414038966,0.16720896946204622,-0.15053763750671667,-0.09544761854796006,-0.2373144567524018,-1.380573742469106,0.050997261264770256,0.03224078554361997,-0.12584653946852056,0,0,6.530877627725885,False,False,False,False,False,False,False,False,False,True,False,False,False,False,False,False,False,False,False,False,True,False,False,False,False,False,True,False,False,False,True,False,False,True,False,False,False,False,True,False
-0.713439498130007,249.0,-0.8621763211399812,-0.960185308532718,-0.8118612402778633,-0.8024958872632796,-0.15053763750671667,-0.09544761854796006,-1.2387490139080028,-1.6966879806129387,0.050997261264770256,0.03224078554361997,0.2485897530978847,0,0,5.521460917862246,False,False,False,False,False,False,False,False,False,False,False,True,False,False,False,False,False,False,False,False,True,False,False,False,False,False,True,False,False,False,True,False,False,False,False,False,True,False,True,False
-0.713439498130007,1865.0,1.4987674542268743,-1.200707534640713,1.7564237766126358,-0.8024958872632796,-0.15053763750671667,-0.09544761854796006,-0.21163664759456588,0.7927116447697404,0.050997261264770256,0.03224078554361997,0.2485897530978847,1,0,7.531552381407289,False,False,False,False,False,False,False,False,False,False,False,False,False,False,False,True,False,False,False,False,False,True,False,False,False,False,True,False,False,False,True,False,False,False,True,False,False,False,True,False
1.6011210104026858,2663.0,4.646692488049348,3.8502592136271816,0.3866717676043696,1.1369138261873721,-0.15053763750671667,-0.09544761854796006,1.3803875201912614,0.7927116447697404,0.050997261264770256,0.03224078554361997,-0.4476204786194528,0,1,7.88758403166028,False,False,False,False,False,False,False,False,False,True,False,False,False,False,False,False,False,False,True,False,False,False,False,False,False,False,True,False,False,False,True,False,False,False,True,False,False,False,False,True
1.6011210104026858,2729.0,1.4987674542268743,3.158757813566696,1.7564237766126358,1.1369138261873721,-0.15053763750671667,-0.09544761854796006,1.9281807822250943,1.1878544424495303,0.050997261264770256,0.03224078554361997,-0.4476204786194528,0,0,7.912056888179006,False,False,False,False,False,False,False,False,False,False,True,False,False,False,False,False,False,False,True,False,False,False,False,False,False,False,True,False,False,False,True,False,False,False,True,False,False,False,False,True
0.4087716575222072,749.01,-0.07519506268436271,0.24242582200725737,0.3866717676043696,-0.8024958872632796,-0.15053763750671667,-0.09544761854796006,-0.7594299096283988,0.7927116447697404,0.050997261264770256,0.03224078554361997,-0.12584653946852056,0,0,6.620086539774801,False,False,False,True,False,False,False,False,False,False,False,False,False,False,False,False,False,False,False,False,True,False,False,False,True,False,False,False,False,False,True,False,False,False,True,False,False,False,False,False
-0.713439498130007,389.0,-0.8621763211399812,-0.8850221128739695,-0.8118612402778633,-0.8024958872632796,-0.15053763750671667,-0.09544761854796006,-1.2387490139080028,-2.3684307366685817,0.050997261264770256,0.03224078554361997,0.2485897530978847,0,1,5.966146739123692,False,False,False,False,False,False,False,False,False,False,False,True,False,False,False,False,False,False,False,False,True,False,False,False,False,False,True,False,False,False,True,False,False,False,False,False,True,False,True,False
0.4087716575222072,1008.52,-0.07519506268436271,-0.20855335194523364,-0.9830802414038966,0.16720896946204622,-0.15053763750671667,-0.09544761854796006,-0.2373144567524018,0.5951402459298452,-1.06943690634874,-1.0647662442321755,-1.071448973483805,0,0,6.917230249344655,False,False,False,True,False,False,False,False,False,False,False,False,False,False,False,False,False,False,False,False,True,False,False,False,False,False,True,False,False,False,True,False,False,True,False,False,False,False,True,False
-1.2044068787278503,719.0,-0.8621763211399812,-0.8248915563469708,-0.2982042368997635,-0.8024958872632796,-0.15053763750671667,-0.09544761854796006,-1.0333265406453154,0.19999744825005455,0.050997261264770256,0.03224078554361997,0.4406797470538846,0,0,6.579251212010101,False,False,False,False,False,False,True,False,False,False,False,False,False,False,False,False,False,False,False,False,True,False,False,False,False,False,True,False,False,False,True,False,True,False,False,False,False,False,True,False
0.4087716575222072,1537.39,1.4987674542268743,-0.16345543454998454,0.3866717676043696,-0.8024958872632796,-0.15053763750671667,-0.09544761854796006,-0.7594299096283988,0.9902830436096349,0.050997261264770256,0.03224078554361997,-0.12584653946852056,0,0,7.338491693993433,False,False,False,True,False,False,False,False,False,False,False,False,False,False,False,False,False,False,False,False,True,False,False,False,False,False,True,False,False,False,True,False,False,False,True,False,False,False,False,True
-2.396756231608329,295.0,-0.8621763211399812,-1.1706422563772134,-0.9830802414038966,-0.8024958872632796,0.3781700219845281,-0.09544761854796006,-1.2729860927851173,-1.380573742469106,-1.06943690634874,-1.0647662442321755,-0.26782610021860753,0,0,5.69035945432406,False,False,False,True,False,False,False,False,False,False,False,False,False,False,False,False,False,False,False,True,False,False,False,True,False,False,False,False,False,False,True,False,False,False,False,False,True,False,True,False
1.6011210104026858,2349.0,1.4987674542268743,3.6999328223096852,-0.2982042368997635,1.1369138261873721,-0.15053763750671667,-0.09544761854796006,1.1064908891743448,0.7927116447697404,0.050997261264770256,0.03224078554361997,-0.4476204786194528,0,0,7.762170607138205,False,False,False,False,False,False,False,False,False,False,True,False,False,False,False,False,False,False,True,False,False,False,False,False,False,False,True,False,False,False,True,False,False,False,True,False,False,False,False,True
1.6011210104026858,1498.0,1.4987674542268743,2.6175828048237073,0.3866717676043696,1.1369138261873721,-0.15053763750671667,-0.09544761854796006,1.3803875201912614,0.9902830436096349,0.050997261264770256,0.03224078554361997,-0.4476204786194528,0,1,7.312553498102598,False,False,False,False,False,False,True,False,False,False,False,False,False,False,False,False,False,False,True,False,False,False,False,False,False,False,True,False,False,False,True,False,False,False,True,False,False,False,False,True
-0.713439498130007,1673.0,0.7117861957712558,-0.960185308532718,0.3866717676043696,-0.8024958872632796,-0.15053763750671667,-0.09544761854796006,-0.7594299096283988,0.5951402459298452,0.050997261264770256,0.03224078554361997,0.2485897530978847,0,1,7.422971251049421,False,False,False,False,False,False,False,False,False,True,False,False,False,False,False,False,False,False,False,False,False,True,False,False,False,False,True,False,False,False,True,False,False,False,True,False,False,False,True,False
0.4087716575222072,609.0,0.7117861957712558,0.24242582200725737,-0.9830802414038966,1.1369138261873721,-0.15053763750671667,-0.09544761854796006,0.8325942581574283,-0.9854309447893159,-1.06943690634874,-1.0647662442321755,-1.071448973483805,1,0,6.413458957167357,False,False,False,False,False,False,False,False,False,True,False,False,False,False,False,False,False,False,False,False,True,False,False,False,False,False,True,False,False,False,True,False,False,False,True,False,False,False,True,False
1.6011210104026858,1770.0,-0.07519506268436271,1.0391556959899906,-0.2982042368997635,1.1369138261873721,-0.15053763750671667,-0.09544761854796006,1.1064908891743448,0.3975688470899499,0.050997261264770256,0.03224078554361997,-0.4476204786194528,0,1,7.479299637782834,False,True,False,False,False,False,False,False,False,False,False,False,False,False,False,False,False,False,True,False,False,False,False,False,False,False,True,False,False,False,True,False,False,True,False,False,False,False,False,True
0.4087716575222072,739.0,-0.07519506268436271,0.24242582200725737,-0.9830802414038966,1.1369138261873721,-0.15053763750671667,-0.09544761854796006,0.8325942581574283,0.3975688470899499,-1.06943690634874,-1.0647662442321755,-1.071448973483805,1,0,6.606650186198215,False,True,False,False,False,False,False,False,False,False,False,False,False,False,False,False,False,False,False,False,False,False,False,False,False,False,True,False,False,False,True,False,False,True,False,False,False,False,True,False
0.4087716575222072,949.0,0.7117861957712558,0.24242582200725737,1.7564237766126358,-0.8024958872632796,-0.15053763750671667,-0.09544761854796006,-0.21163664759456588,2.5708542343287966,0.050997261264770256,0.03224078554361997,-0.12584653946852056,0,0,6.856461984594587,False,False,False,False,False,False,False,False,False,True,False,False,False,False,False,False,False,False,False,False,True,False,False,False,False,False,True,False,False,False,False,False,False,False,False,False,False,False,False,False
-2.396756231608329,603.0,-0.8621763211399812,-0.9752179476644677,-0.2982042368997635,-0.8024958872632796,-0.15053763750671667,-0.09544761854796006,-1.0333265406453154,-2.566002135508477,-1.06943690634874,-1.0647662442321755,-0.26782610021860753,1,0,6.403574197934815,False,False,False,True,False,False,False,False,False,False,False,False,False,False,False,False,False,False,False,False,False,False,False,False,False,False,True,False,False,False,True,False,False,False,False,False,True,False,True,False
0.4087716575222072,1699.0,1.4987674542268743,0.6934049959597477,-0.2982042368997635,1.1369138261873721,-0.15053763750671667,-0.09544761854796006,1.1064908891743448,0.9902830436096349,0.050997261264770256,0.03224078554361997,-0.12584653946852056,0,0,7.438383530044307,False,False,False,False,False,False,False,False,False,False,False,False,False,False,True,False,False,False,False,False,True,False,False,False,False,False,True,False,False,False,True,False,False,False,True,False,False,False,False,True
1.6011210104026858,529.0,-0.8621763211399812,1.1443841699122381,-0.9830802414038966,0.16720896946204622,-0.15053763750671667,-0.09544761854796006,-0.2373144567524018,-0.5902881471095258,0.050997261264770256,0.03224078554361997,-0.4476204786194528,0,0,6.272877006546167,False,False,False,False,False,False,False,False,False,True,False,False,False,False,False,False,False,False,False,False,True,False,False,False,False,True,False,False,False,False,True,False,True,False,False,False,False,False,True,False
0.4087716575222072,459.0,-0.07519506268436271,0.37771957419300434,-0.9830802414038966,1.1369138261873721,-0.15053763750671667,-0.09544761854796006,0.8325942581574283,0.0024260494101592586,-1.06943690634874,-1.0647662442321755,-1.071448973483805,0,0,6.131226489483141,False,False,False,False,False,False,False,False,False,True,False,False,False,False,False,False,False,False,False,False,True,False,False,False,False,False,True,False,False,False,True,False,True,False,False,False,False,False,True,False
-1.2044068787278503,2025.0,-0.07519506268436271,-1.0052832259279667,1.7564237766126358,-0.8024958872632796,-0.15053763750671667,-0.09544761854796006,-0.21163664759456588,0.7927116447697404,0.050997261264770256,0.03224078554361997,0.4406797470538846,1,1,7.613818684808629,False,False,False,False,False,False,False,False,False,True,False,False,False,False,False,False,False,False,False,False,False,False,False,False,False,False,True,False,False,False,True,False,False,False,True,False,False,False,True,False
-0.713439498130007,1474.0,-0.07519506268436271,-0.5092061345802273,0.3866717676043696,-0.8024958872632796,-0.15053763750671667,-0.09544761854796006,-0.7594299096283988,0.3975688470899499,0.050997261264770256,0.03224078554361997,0.2485897530978847,0,1,7.29641326877392,False,False,False,False,False,False,False,False,False,True,False,False,False,False,False,False,False,False,False,False,True,False,False,False,False,False,True,False,False,False,True,False,False,True,False,False,False,False,True,False
-1.765512456553958,1670.0,-0.07519506268436271,-1.050381143323216,0.3866717676043696,-0.8024958872632796,-0.15053763750671667,-0.09544761854796006,-0.7594299096283988,0.3975688470899499,0.050997261264770256,0.03224078554361997,0.6865920581569761,1,0,7.421177528595393,False,False,False,True,False,False,False,False,False,False,False,False,False,False,False,False,False,False,False,False,False,False,False,False,False,False,True,False,False,False,True,False,False,True,False,False,False,False,True,False
0.4087716575222072,1763.0,-0.07519506268436271,0.03196887416276157,0.3866717676043696,-0.8024958872632796,-0.15053763750671667,-0.09544761854796006,-0.7594299096283988,0.9902830436096349,0.050997261264770256,0.03224078554361997,-0.12584653946852056,1,0,7.475339236566737,False,False,False,True,False,False,False,False,False,False,False,False,False,False,False,False,False,False,False,False,False,False,True,False,False,False,True,False,False,False,True,False,False,False,True,False,False,False,False,True
0.4087716575222072,1219.0,-0.07519506268436271,-0.29874918673573153,0.3866717676043696,-0.8024958872632796,-0.15053763750671667,-0.09544761854796006,-0.7594299096283988,0.7927116447697404,0.050997261264770256,0.03224078554361997,-0.12584653946852056,0,0,7.106606137727303,False,False,False,False,False,False,True,False,False,False,False,False,False,False,False,False,False,False,False,False,True,False,False,False,False,False,True,False,False,False,True,False,False,False,True,False,False,False,True,False
0.4087716575222072,668.48,-0.8621763211399812,0.09209943068976037,-0.9830802414038966,0.16720896946204622,-0.15053763750671667,-0.09544761854796006,-0.2373144567524018,0.19999744825005455,-1.06943690634874,-1.0647662442321755,-1.071448973483805,0,0,6.506501291645438,False,False,False,False,False,False,True,False,False,False,False,False,False,False,False,False,False,False,False,False,True,False,False,False,False,False,True,False,False,False,True,False,True,False,False,False,False,False,True,False
-0.713439498130007,329.0,-0.8621763211399812,-0.659532525897724,-0.9830802414038966,-0.8024958872632796,0.9068776814757729,-0.09544761854796006,-1.2387490139080028,-2.3684307366685817,0.050997261264770256,0.03224078554361997,0.2485897530978847,0,0,5.799092654460526,False,False,False,False,False,False,False,False,False,False,False,False,False,False,False,False,False,False,False,False,True,False,False,False,False,False,True,False,False,False,True,False,False,False,False,False,True,False,True,False
1.6011210104026858,2199.0,1.4987674542268743,3.158757813566696,-0.2982042368997635,1.1369138261873721,-0.15053763750671667,-0.09544761854796006,1.1064908891743448,0.7927116447697404,0.050997261264770256,0.03224078554361997,-0.4476204786194528,0,0,7.696212639346407,False,False,False,False,False,False,False,False,False,False,True,False,False,False,False,False,False,False,True,False,False,False,False,False,False,False,True,False,False,False,True,False,False,False,True,False,False,False,False,True
0.4087716575222072,465.0,-0.8621763211399812,0.21236054374375798,-0.9830802414038966,1.1369138261873721,-0.15053763750671667,-0.09544761854796006,0.8325942581574283,-0.5902881471095258,-1.06943690634874,-1.0647662442321755,-1.071448973483805,0,0,6.144185634125646,False,False,False,True,False,False,False,False,False,False,False,False,False,False,False,False,False,False,False,False,True,False,False,False,True,False,False,False,False,False,True,False,True,False,False,False,False,False,False,False
0.4087716575222072,2299.0,1.4987674542268743,-0.3588797432627303,0.3866717676043696,3.0763235396380235,-0.15053763750671667,-0.09544761854796006,3.520204950010921,0.9902830436096349,3.934090405340473,3.8295728116906047,3.1501230313680426,0,0,7.7406644019172415,False,False,False,False,False,False,False,False,False,False,True,False,False,False,False,False,False,False,True,False,False,False,False,False,False,False,True,False,False,False,True,False,False,False,True,False,False,False,False,True
0.4087716575222072,1399.0,-0.07519506268436271,0.24242582200725737,0.3866717676043696,-0.8024958872632796,-0.15053763750671667,-0.09544761854796006,-0.7594299096283988,0.3975688470899499,0.050997261264770256,0.03224078554361997,-0.12584653946852056,0,1,7.24422751560335,False,False,False,False,False,False,False,False,False,False,False,False,False,False,False,True,False,False,False,False,True,False,False,False,False,False,True,False,False,False,True,False,False,False,True,False,False,False,True,False
0.4087716575222072,564.0,-0.46868569191217196,0.5430786046422508,-0.9830802414038966,1.1369138261873721,-0.15053763750671667,-0.09544761854796006,0.8325942581574283,0.3975688470899499,0.050997261264770256,0.03224078554361997,-0.12584653946852056,0,0,6.336825731146441,False,False,False,False,False,False,False,False,False,True,False,False,False,False,False,False,False,False,False,False,True,False,False,False,False,False,True,False,False,False,True,False,False,True,False,False,False,False,True,False
0.4087716575222072,1299.0,-0.07519506268436271,-0.058226960627736635,0.3866717676043696,-0.8024958872632796,-0.15053763750671667,-0.09544761854796006,-0.7594299096283988,0.9902830436096349,0.050997261264770256,0.03224078554361997,-0.12584653946852056,1,1,7.170119543449628,False,False,False,False,False,False,False,False,False,True,False,False,False,False,False,False,False,False,False,False,False,False,False,False,False,False,True,False,False,False,True,False,False,False,True,False,False,False,True,False
-0.713439498130007,349.0,-0.8621763211399812,-0.659532525897724,-0.9830802414038966,-0.8024958872632796,4.079123638423241,-0.09544761854796006,-1.0333265406453154,-1.380573742469106,-1.06943690634874,-1.0647662442321755,-0.8048893079579068,0,0,5.857933154483459,False,False,False,False,False,False,False,False,False,False,False,False,False,False,False,False,False,False,False,False,True,False,False,False,False,False,True,False,False,False,True,False,False,False,False,False,True,False,True,False
0.4087716575222072,4899.0,4.646692488049348,0.6934049959597477,4.367513543784643,-0.8024958872632796,-0.15053763750671667,-0.09544761854796006,0.8325942581574283,1.5829972401293209,3.934090405340473,3.8295728116906047,3.1501230313680426,0,1,8.496990484098719,False,False,False,False,False,False,False,False,False,True,False,False,False,False,False,False,False,False,False,False,True,False,False,False,False,False,True,False,False,False,True,False,False,False,False,False,True,False,False,True
0.4087716575222072,879.01,1.4987674542268743,0.8286987481454947,-0.9830802414038966,1.1369138261873721,-0.15053763750671667,-0.09544761854796006,0.8325942581574283,0.5951402459298452,0.050997261264770256,0.03224078554361997,-0.12584653946852056,0,0,6.77993327104405,False,False,False,True,False,False,False,False,False,False,False,False,False,False,False,False,False,False,True,False,False,False,False,False,False,False,True,False,False,False,True,False,False,False,True,False,False,False,False,True
0.4087716575222072,443.9,-0.8621763211399812,0.21236054374375798,-0.9830802414038966,1.1369138261873721,-0.15053763750671667,-0.09544761854796006,0.8325942581574283,-0.5902881471095258,-1.06943690634874,-1.0647662442321755,-1.071448973483805,0,0,6.097849537811996,False,False,False,True,False,False,False,False,False,False,False,False,False,False,False,False,False,False,False,False,True,False,False,False,True,False,False,False,False,False,True,False,True,False,False,False,False,False,True,False
0.4087716575222072,359.0,-0.8621763211399812,0.31758901766600556,-0.9830802414038966,1.1369138261873721,-0.15053763750671667,-0.09544761854796006,0.8325942581574283,-0.5902881471095258,-1.06943690634874,-1.0647662442321755,-1.071448973483805,0,0,5.886104031450156,False,False,False,True,False,False,False,False,False,False,False,False,False,False,False,False,False,False,False,False,True,False,False,False,True,False,False,False,False,False,True,False,True,False,False,False,False,False,True,False
0.4087716575222072,869.0,-0.8621763211399812,-0.16345543454998454,-0.9830802414038966,0.16720896946204622,-0.15053763750671667,-0.09544761854796006,-0.2373144567524018,0.5951402459298452,-1.06943690634874,-1.0647662442321755,-1.071448973483805,0,0,6.76849321164863,False,False,False,True,False,False,False,False,False,False,False,False,False,False,False,False,False,False,False,False,True,False,False,False,True,False,False,False,False,False,True,False,False,True,False,False,False,False,True,False
1.6011210104026858,1168.0,-0.07519506268436271,1.4450369525472322,-0.2982042368997635,1.1369138261873721,-0.15053763750671667,-0.09544761854796006,1.1064908891743448,0.9902830436096349,0.050997261264770256,0.03224078554361997,-0.4476204786194528,0,0,7.063903961472068,False,True,False,False,False,False,False,False,False,False,False,False,False,False,False,False,False,False,True,False,False,False,False,False,False,False,True,False,False,False,True,False,False,False,True,False,False,False,False,True
0.4087716575222072,569.0,-0.8621763211399812,0.21236054374375798,-0.2982042368997635,-0.8024958872632796,-0.15053763750671667,-0.09544761854796006,-1.0333265406453154,0.3975688470899499,0.050997261264770256,0.03224078554361997,-0.12584653946852056,0,0,6.345636360828596,False,False,False,True,False,False,False,False,False,False,False,False,False,False,False,False,False,False,False,False,True,False,False,False,True,False,False,False,False,False,True,False,False,True,False,False,False,False,False,False
0.4087716575222072,1389.0,-0.07519506268436271,-0.29874918673573153,1.7564237766126358,-0.8024958872632796,-0.15053763750671667,-0.09544761854796006,-0.21163664759456588,0.7927116447697404,0.050997261264770256,0.03224078554361997,-0.12584653946852056,0,0,7.237059026124737,False,False,False,False,False,False,True,False,False,False,False,False,False,False,False,False,False,False,False,False,False,True,False,False,False,False,True,False,False,False,True,False,False,False,True,False,False,False,True,False
0.4087716575222072,2267.86,1.4987674542268743,1.3548411177567339,0.3866717676043696,1.1369138261873721,-0.15053763750671667,-0.09544761854796006,1.3803875201912614,0.9902830436096349,0.050997261264770256,0.03224078554361997,-0.12584653946852056,0,0,7.727032781686294,False,False,False,False,False,False,False,False,False,False,True,False,False,False,False,False,False,False,True,False,False,False,False,False,False,False,True,False,False,False,True,False,False,False,True,False,False,False,False,True
-2.396756231608329,379.0,-0.8621763211399812,-1.185674895508963,-0.9830802414038966,-0.8024958872632796,0.9068776814757729,-0.09544761854796006,-1.2387490139080028,-1.380573742469106,-1.06943690634874,-1.0647662442321755,-0.26782610021860753,1,1,5.940171252720432,False,False,False,False,False,False,False,False,False,False,False,False,False,False,False,False,False,False,False,False,False,False,False,True,False,False,False,False,False,False,True,False,False,False,False,False,True,False,True,False
-0.713439498130007,1124.0,-0.07519506268436271,0.40778485245650375,0.3866717676043696,-0.8024958872632796,-0.15053763750671667,-0.09544761854796006,-0.7594299096283988,0.5951402459298452,-1.06943690634874,-1.0647662442321755,-0.8048893079579068,0,0,7.025538314638521,False,False,False,False,False,False,True,False,False,False,False,False,False,False,False,False,False,False,False,False,True,False,False,False,False,False,True,False,False,False,True,False,False,True,False,False,False,False,True,False
-0.713439498130007,1465.0,-0.07519506268436271,-0.5843693302389759,0.3866717676043696,-0.8024958872632796,-0.15053763750671667,-0.09544761854796006,-0.7594299096283988,0.0024260494101592586,0.050997261264770256,0.03224078554361997,0.2485897530978847,0,0,7.290292882446597,False,False,False,False,False,False,False,False,False,True,False,False,False,False,False,False,False,False,False,False,True,False,False,False,False,False,False,False,True,False,True,False,False,True,False,False,False,False,True,False
0.4087716575222072,776.0,-0.8621763211399812,0.24242582200725737,-0.9830802414038966,1.1369138261873721,-0.15053763750671667,-0.09544761854796006,0.8325942581574283,-1.380573742469106,0.050997261264770256,0.03224078554361997,-0.12584653946852056,0,0,6.655440350367647,False,False,False,True,False,False,False,False,False,False,False,False,False,False,False,False,False,False,False,False,True,False,False,False,False,False,True,False,False,False,True,False,False,True,False,False,False,False,False,False
0.4087716575222072,799.0,-0.07519506268436271,0.24242582200725737,0.3866717676043696,-0.8024958872632796,-0.15053763750671667,-0.09544761854796006,-0.7594299096283988,0.3975688470899499,-1.06943690634874,-1.0647662442321755,-1.071448973483805,0,0,6.684611727667927,False,False,False,False,True,False,False,False,False,False,False,False,False,False,False,False,False,False,False,False,True,False,False,False,False,False,True,False,False,False,True,False,False,True,False,False,False,False,True,False
0.4087716575222072,932.0,-0.8621763211399812,-0.23861863020873306,-0.9830802414038966,0.16720896946204622,-0.15053763750671667,-0.09544761854796006,-0.2373144567524018,0.0024260494101592586,-1.06943690634874,-1.0647662442321755,-1.071448973483805,0,0,6.838405200847344,False,False,False,False,False,False,True,False,False,False,False,False,False,False,False,False,False,False,False,False,True,False,False,False,False,False,False,False,True,False,True,False,False,True,False,False,False,False,True,False
0.4087716575222072,899.0,-0.07519506268436271,0.24242582200725737,-0.9830802414038966,1.1369138261873721,-0.15053763750671667,-0.09544761854796006,0.8325942581574283,0.7927116447697404,0.050997261264770256,0.03224078554361997,-0.12584653946852056,0,0,6.802394763324311,False,False,False,False,False,False,False,False,False,True,False,False,False,False,False,False,False,False,False,False,True,False,False,False,False,False,True,False,False,False,True,False,False,False,True,False,False,False,False,True
-0.713439498130007,239.0,-1.2556669503677904,-0.960185308532718,-0.9830802414038966,-0.8024958872632796,0.9068776814757729,-0.09544761854796006,-1.2387490139080028,-1.6966879806129387,0.050997261264770256,0.03224078554361997,0.2485897530978847,0,0,5.480638923341991,False,False,False,False,False,False,False,False,False,False,False,True,False,False,False,False,False,False,False,False,True,False,False,False,False,False,True,False,False,False,True,False,False,False,False,False,True,False,True,False
0.4087716575222072,468.0,-0.8621763211399812,0.24242582200725737,-0.2982042368997635,-0.8024958872632796,-0.15053763750671667,-0.09544761854796006,-1.0333265406453154,0.3975688470899499,0.050997261264770256,0.03224078554361997,-0.12584653946852056,0,0,6.150602768446279,False,False,False,False,False,False,False,False,False,True,False,False,False,False,False,False,False,False,False,False,True,False,False,False,False,True,False,False,False,False,True,False,False,True,False,False,False,False,True,False
-1.2044068787278503,639.01,-0.46868569191217196,-0.809858917215221,-0.9830802414038966,1.1369138261873721,-0.15053763750671667,-0.09544761854796006,0.8325942581574283,0.3975688470899499,0.050997261264770256,0.03224078554361997,0.4406797470538846,1,0,6.4614838012316484,False,True,False,False,False,False,False,False,False,False,False,False,False,False,False,False,False,False,False,False,False,False,False,False,False,False,True,False,False,False,True,False,False,True,False,False,False,False,True,False
0.4087716575222072,1820.0,-0.07519506268436271,-0.058226960627736635,0.3866717676043696,-0.8024958872632796,-0.15053763750671667,-0.09544761854796006,-0.7594299096283988,0.9902830436096349,0.050997261264770256,0.03224078554361997,-0.12584653946852056,0,0,7.507141079727608,False,False,False,True,False,False,False,False,False,False,False,False,False,False,False,False,False,False,False,False,True,False,False,False,False,False,True,False,False,False,True,False,False,False,True,False,False,False,False,True
-0.713439498130007,1900.0,1.4987674542268743,-1.4111644824852083,1.7564237766126358,-0.8024958872632796,-0.15053763750671667,-0.09544761854796006,-0.21163664759456588,0.7927116447697404,0.050997261264770256,0.03224078554361997,0.2485897530978847,0,0,7.550135342488429,False,True,False,False,False,False,False,False,False,False,False,False,False,False,False,False,False,False,False,False,False,True,False,False,False,False,True,False,False,False,True,False,False,False,True,False,False,False,True,False
0.4087716575222072,1479.0,1.4987674542268743,0.8737966655407442,0.3866717676043696,1.1369138261873721,-0.15053763750671667,-0.09544761854796006,1.3803875201912614,0.9902830436096349,0.050997261264770256,0.03224078554361997,-0.12584653946852056,0,0,7.299797366758161,False,False,False,True,False,False,False,False,False,False,False,False,False,False,False,False,False,False,True,False,False,False,False,False,False,False,True,False,False,False,True,False,False,False,True,False,False,False,False,True
0.4087716575222072,829.0,-0.8621763211399812,-0.3588797432627303,0.3866717676043696,-0.8024958872632796,-0.15053763750671667,-0.09544761854796006,-0.7594299096283988,-1.380573742469106,0.050997261264770256,0.03224078554361997,-0.12584653946852056,0,0,6.721425700790643,False,False,False,False,False,False,False,False,False,True,False,False,False,False,False,False,False,False,False,False,True,False,False,False,False,False,True,False,False,False,True,False,False,True,False,False,False,False,True,False
0.4087716575222072,579.0,-0.8621763211399812,0.24242582200725737,-0.9830802414038966,1.1369138261873721,-0.15053763750671667,-0.09544761854796006,0.8325942581574283,-0.5902881471095258,0.050997261264770256,0.03224078554361997,-0.12584653946852056,0,0,6.363028103540465,False,False,False,False,False,False,False,False,False,True,False,False,False,False,False,False,False,False,False,False,True,False,False,False,False,False,True,False,False,False,True,False,True,False,False,False,False,False,False,True
0.4087716575222072,399.0,-0.07519506268436271,-0.058226960627736635,-0.9830802414038966,1.1369138261873721,-0.15053763750671667,-0.09544761854796006,0.8325942581574283,-2.3684307366685817,-1.06943690634874,-1.0647662442321755,-1.071448973483805,0,0,5.991464547107982,False,True,False,False,False,False,False,False,False,False,False,False,False,False,False,False,False,False,False,False,True,False,False,False,False,False,True,False,False,False,True,False,False,False,False,False,True,False,True,False
0.4087716575222072,906.62,-0.07519506268436271,-0.07325959975948633,-0.9830802414038966,1.1369138261873721,-0.15053763750671667,-0.09544761854796006,0.8325942581574283,0.3975688470899499,0.050997261264770256,0.03224078554361997,-0.12584653946852056,0,0,6.810825788802163,False,True,False,False,False,False,False,False,False,False,False,False,False,False,False,False,False,False,False,False,True,False,False,False,False,False,True,False,False,False,True,False,False,True,False,False,False,False,False,True
-1.2044068787278503,1869.0,-0.07519506268436271,-1.2157401737724627,0.3866717676043696,-0.8024958872632796,-0.15053763750671667,-0.09544761854796006,-0.7594299096283988,-1.380573742469106,2.6397260239819054,2.56379546964161,3.002343651959864,1,0,7.533693709848633,False,False,False,True,False,False,False,False,False,False,False,False,False,False,False,False,False,False,False,False,False,True,False,False,False,False,True,False,False,False,True,False,False,True,False,False,False,False,True,False
-0.713439498130007,249.0,-1.2556669503677904,-0.9301200302692186,-0.9830802414038966,-0.8024958872632796,0.9068776814757729,-0.09544761854796006,-1.2387490139080028,-1.380573742469106,-1.06943690634874,-1.0647662442321755,-0.8048893079579068,0,0,5.521460917862246,False,False,False,False,False,False,False,False,False,True,False,False,False,False,False,False,False,False,False,False,True,False,False,False,False,False,True,False,False,False,True,False,False,False,False,False,True,False,True,False
-1.2044068787278503,1757.42,-0.07519506268436271,-1.0052832259279667,0.3866717676043696,-0.8024958872632796,-0.15053763750671667,-0.09544761854796006,-0.7594299096283988,0.7927116447697404,0.050997261264770256,0.03224078554361997,0.4406797470538846,1,1,7.472170957561016,False,False,False,False,False,False,False,False,False,True,False,False,False,False,False,False,False,False,False,False,False,False,False,False,False,False,True,False,False,False,True,False,False,False,True,False,False,False,True,False
0.4087716575222072,2399.0,1.4987674542268743,0.03196887416276157,4.367513543784643,-0.8024958872632796,-0.15053763750671667,-0.09544761854796006,0.8325942581574283,0.9902830436096349,3.934090405340473,3.8295728116906047,3.1501230313680426,1,0,7.783224016336037,False,False,False,True,False,False,False,False,False,False,False,False,False,False,False,False,False,False,False,False,True,False,False,False,False,False,True,False,False,False,True,False,False,False,True,False,False,False,False,True
0.4087716575222072,1109.0,-0.07519506268436271,0.6934049959597477,-0.2982042368997635,1.1369138261873721,-0.15053763750671667,-0.09544761854796006,1.1064908891743448,0.9902830436096349,0.050997261264770256,0.03224078554361997,-0.12584653946852056,0,1,7.01211529430638,False,False,False,False,False,False,False,False,False,True,False,False,False,False,False,False,False,False,True,False,False,False,False,False,False,False,True,False,False,False,True,False,False,False,True,False,False,False,False,True
1.390706418717895,520.9,-0.07519506268436271,0.8437313872772447,-0.9830802414038966,1.1369138261873721,-0.15053763750671667,-0.09544761854796006,0.8325942581574283,1.3854258412894256,-0.5961849294145135,-0.6006478854808774,-0.8965264427557571,0,0,6.257475998649367,False,False,False,False,False,False,True,False,False,False,False,False,False,False,False,False,False,False,False,False,True,False,False,False,False,False,True,False,False,False,False,False,False,False,False,False,False,False,False,False
-0.713439498130007,2450.0,1.4987674542268743,-1.3510339259582098,1.7564237766126358,-0.8024958872632796,-0.15053763750671667,-0.09544761854796006,-0.21163664759456588,0.7927116447697404,0.050997261264770256,0.03224078554361997,0.2485897530978847,0,1,7.804251383528112,False,False,False,False,False,False,False,False,False,True,False,False,False,False,False,False,False,False,False,False,False,True,False,False,False,False,True,False,False,False,True,False,False,False,True,False,False,False,True,False
0.4087716575222072,1169.0,-0.07519506268436271,0.6934049959597477,-0.9830802414038966,1.1369138261873721,-0.15053763750671667,-0.09544761854796006,0.8325942581574283,0.9902830436096349,0.050997261264770256,0.03224078554361997,-0.12584653946852056,0,1,7.064759027791802,False,True,False,False,False,False,False,False,False,False,False,False,False,False,False,False,False,False,True,False,False,False,False,False,False,True,False,False,False,False,True,False,False,False,True,False,False,False,False,True
0.4087716575222072,450.0,-0.8621763211399812,0.5430786046422508,-0.9830802414038966,0.16720896946204622,-0.15053763750671667,-0.09544761854796006,-0.2373144567524018,-0.5902881471095258,-1.06943690634874,-1.0647662442321755,-1.071448973483805,0,0,6.111467339502679,False,False,False,False,False,False,False,False,False,False,False,False,False,False,False,False,False,False,False,False,True,False,False,False,False,False,True,False,False,False,True,False,True,False,False,False,False,False,True,False
-0.713439498130007,274.0,-0.8621763211399812,-0.915087391137469,-0.9830802414038966,-0.8024958872632796,0.9068776814757729,-0.09544761854796006,-1.2387490139080028,-1.380573742469106,-1.06943690634874,-1.0647662442321755,-0.8048893079579068,0,0,5.616771097666572,False,False,False,False,False,False,False,False,False,True,False,False,False,False,False,False,False,False,False,False,True,False,False,False,False,False,True,False,False,False,True,False,False,False,False,False,True,False,True,False
-0.713439498130007,919.0,-0.07519506268436271,-0.3588797432627303,0.3866717676043696,-0.8024958872632796,-0.15053763750671667,-0.09544761854796006,-0.7594299096283988,0.3975688470899499,0.050997261264770256,0.03224078554361997,0.2485897530978847,0,1,6.824373670043086,False,False,False,False,False,False,False,False,False,False,False,False,False,False,False,False,False,False,False,False,False,True,False,False,False,False,True,False,False,False,True,False,False,True,False,False,False,False,True,False
-0.713439498130007,2599.0,1.4987674542268743,-0.13339015628648515,0.3866717676043696,-0.8024958872632796,-0.15053763750671667,-0.09544761854796006,-0.7594299096283988,0.9902830436096349,0.050997261264770256,0.03224078554361997,0.2485897530978847,0,0,7.8632667240095735,False,False,False,False,False,False,False,False,False,False,False,False,False,True,False,False,False,False,True,False,False,False,False,False,False,False,True,False,False,False,True,False,False,False,True,False,False,False,False,True
-1.2044068787278503,1213.0,-0.07519506268436271,-1.2608380911677117,0.3866717676043696,-0.8024958872632796,-0.15053763750671667,-0.09544761854796006,-0.7594299096283988,0.0024260494101592586,0.050997261264770256,0.03224078554361997,0.4406797470538846,0,0,7.101675971619444,False,False,False,False,False,False,False,False,False,False,False,False,False,False,False,True,False,False,False,False,True,False,False,False,False,False,True,False,False,False,True,False,False,True,False,False,False,False,True,False
-1.765512456553958,1584.0,-0.07519506268436271,-1.0203158650597164,0.3866717676043696,-0.8024958872632796,-0.15053763750671667,-0.09544761854796006,-0.7594299096283988,0.7927116447697404,0.050997261264770256,0.03224078554361997,0.6865920581569761,0,1,7.368339686311381,False,False,False,False,False,False,False,False,False,True,False,False,False,False,False,False,False,False,False,False,False,True,False,False,False,False,True,False,False,False,True,False,False,False,True,False,False,False,True,False
1.6011210104026858,2799.0,4.646692488049348,2.6476480830872067,1.7564237766126358,-0.8024958872632796,-0.15053763750671667,-0.09544761854796006,-0.21163664759456588,0.7927116447697404,0.050997261264770256,0.03224078554361997,-0.4476204786194528,0,1,7.937374696163295,False,True,False,False,False,False,False,False,False,False,False,False,False,False,False,False,False,False,True,False,False,False,False,False,False,False,True,False,False,False,True,False,False,False,True,False,False,False,False,True
0.4087716575222072,709.0,-0.07519506268436271,0.5430786046422508,-0.9830802414038966,1.1369138261873721,-0.15053763750671667,-0.09544761854796006,0.8325942581574283,0.3975688470899499,0.050997261264770256,0.03224078554361997,-0.12584653946852056,0,0,6.565264970035361,False,False,False,False,False,False,False,False,False,False,False,False,False,False,False,False,False,False,True,False,False,False,False,False,True,False,False,False,False,False,True,False,False,True,False,False,False,False,False,True
-1.2044068787278503,1449.9,-0.07519506268436271,-1.2608380911677117,0.3866717676043696,-0.8024958872632796,-0.15053763750671667,-0.09544761854796006,-0.7594299096283988,-1.380573742469106,0.050997261264770256,0.03224078554361997,0.4406797470538846,0,0,7.279939332521639,False,False,False,True,False,False,False,False,False,False,False,False,False,False,False,False,False,False,False,False,False,True,False,False,False,False,True,False,False,False,True,False,False,True,False,False,False,False,True,False
0.4087716575222072,1191.8,-0.07519506268436271,0.24242582200725737,-0.2982042368997635,1.1369138261873721,-0.15053763750671667,-0.09544761854796006,1.1064908891743448,0.9902830436096349,0.050997261264770256,0.03224078554361997,-0.12584653946852056,0,0,7.084058763450528,False,False,False,False,False,False,False,False,False,False,True,False,False,False,False,False,False,False,True,False,False,False,False,False,False,False,True,False,False,False,True,False,False,False,True,False,False,False,False,True
0.4087716575222072,364.9,-0.8621763211399812,-0.2686839084722321,-0.9830802414038966,0.16720896946204622,-0.15053763750671667,-0.09544761854796006,-0.2373144567524018,-0.5902881471095258,-1.06943690634874,-1.0647662442321755,-1.071448973483805,0,0,5.902360072025161,False,False,False,False,False,False,True,False,False,False,False,False,False,False,False,False,False,False,False,False,True,False,False,False,False,True,False,False,False,False,True,False,True,False,False,False,False,False,True,False
0.4087716575222072,1064.0,-0.07519506268436271,-0.058226960627736635,-0.9830802414038966,0.16720896946204622,-0.15053763750671667,-0.09544761854796006,-0.2373144567524018,0.3975688470899499,0.050997261264770256,0.03224078554361997,-0.12584653946852056,0,1,6.970730078143525,False,False,False,False,False,False,False,False,False,False,False,False,False,False,False,True,False,False,False,False,True,False,False,False,False,False,True,False,False,False,True,False,False,True,False,False,False,False,True,False
0.4087716575222072,919.0,-0.07519506268436271,0.24242582200725737,0.3866717676043696,-0.8024958872632796,-0.15053763750671667,-0.09544761854796006,-0.7594299096283988,-0.9854309447893159,0.050997261264770256,0.03224078554361997,-0.12584653946852056,0,0,6.824373670043086,False,False,False,True,False,False,False,False,False,False,False,False,False,False,False,False,False,False,False,False,True,False,False,False,False,False,True,False,False,False,True,False,False,False,True,False,False,False,False,False
0.4087716575222072,1135.0,1.4987674542268743,0.24242582200725737,0.3866717676043696,3.0763235396380235,-0.15053763750671667,-0.09544761854796006,3.520204950010921,-0.9854309447893159,0.050997261264770256,0.03224078554361997,-0.12584653946852056,0,0,7.035268599281097,False,False,False,True,False,False,False,False,False,False,False,False,False,False,False,False,False,False,False,False,True,False,False,False,False,False,True,False,False,False,True,False,False,False,True,False,False,False,False,False
0.4087716575222072,1196.0,-0.07519506268436271,1.9110487656314725,-0.2982042368997635,1.1369138261873721,-0.15053763750671667,-0.09544761854796006,1.1064908891743448,0.5951402459298452,0.050997261264770256,0.03224078554361997,-0.12584653946852056,0,1,7.087573705557973,False,False,False,False,False,False,False,False,False,True,False,False,False,False,False,False,False,False,True,False,False,False,False,False,False,False,True,False,False,False,True,False,False,False,True,False,False,False,False,True
1.6011210104026858,3147.37,4.646692488049348,3.579671709255688,1.7564237766126358,1.1369138261873721,-0.15053763750671667,-0.09544761854796006,1.9281807822250943,0.9902830436096349,3.934090405340473,3.8295728116906047,2.506343160319854,0,1,8.054640137573424,False,False,False,True,False,False,False,False,False,False,False,False,False,False,False,False,False,False,True,False,False,False,False,False,False,False,True,False,False,False,True,False,False,False,True,False,False,False,False,True
-0.713439498130007,1229.0,-0.07519506268436271,-0.7196630824247228,0.3866717676043696,-0.8024958872632796,-0.15053763750671667,-0.09544761854796006,-0.7594299096283988,0.19999744825005455,0.050997261264770256,0.03224078554361997,0.2485897530978847,0,0,7.114769448366463,False,False,False,True,False,False,False,False,False,False,False,False,False,False,False,False,False,False,False,False,True,False,False,False,False,False,True,False,False,False,True,False,False,True,False,False,False,False,True,False
0.4087716575222072,419.0,-0.8621763211399812,0.24242582200725737,-0.9830802414038966,0.16720896946204622,-0.15053763750671667,-0.09544761854796006,-0.2373144567524018,-2.3684307366685817,-1.06943690634874,-1.0647662442321755,-1.071448973483805,0,0,6.040254711277414,False,False,False,False,False,False,False,False,False,True,False,False,False,False,False,False,False,False,False,False,True,False,False,False,False,False,True,False,False,False,True,False,False,False,False,False,True,False,True,False
0.4087716575222072,535.0,-0.8621763211399812,0.24242582200725737,-0.9830802414038966,0.16720896946204622,-0.15053763750671667,-0.09544761854796006,-0.2373144567524018,0.0024260494101592586,0.050997261264770256,0.03224078554361997,-0.12584653946852056,0,0,6.284134161070802,False,False,False,False,False,False,False,False,False,True,False,False,False,False,False,False,False,False,False,False,True,False,False,False,False,False,True,False,False,False,True,False,False,True,False,False,False,False,True,False
0.4087716575222072,539.0,-0.46868569191217196,0.0019035958992621705,-0.9830802414038966,1.1369138261873721,-0.15053763750671667,-0.09544761854796006,0.8325942581574283,-0.5902881471095258,0.050997261264770256,0.03224078554361997,-0.12584653946852056,0,0,6.29156913955832,False,False,False,False,False,False,True,False,False,False,False,False,False,False,False,False,False,False,False,False,True,False,False,False,False,False,True,False,False,False,True,False,True,False,False,False,False,False,False,False
1.6011210104026858,1486.77,-0.07519506268436271,0.9940577785947418,-0.2982042368997635,1.1369138261873721,-0.15053763750671667,-0.09544761854796006,1.1064908891743448,0.9902830436096349,0.050997261264770256,0.03224078554361997,-0.4476204786194528,0,0,7.305033633553407,False,False,False,False,False,False,False,False,False,False,True,False,False,False,False,False,False,False,True,False,False,False,False,False,False,False,True,False,False,False,True,False,False,False,True,False,False,False,False,True
0.4087716575222072,498.0,-0.8621763211399812,0.09209943068976037,-0.2982042368997635,-0.8024958872632796,-0.15053763750671667,-0.09544761854796006,-1.0333265406453154,-0.3927167482696305,-1.06943690634874,-1.0647662442321755,-1.071448973483805,0,0,6.212606095751519,False,False,False,False,False,False,False,False,False,False,False,False,False,False,False,True,False,False,False,False,True,False,False,False,False,False,True,False,False,False,True,False,True,False,False,False,False,False,True,False
0.4087716575222072,955.0,-0.07519506268436271,0.03196887416276157,-0.9830802414038966,1.1369138261873721,-0.15053763750671667,-0.09544761854796006,0.8325942581574283,0.3975688470899499,0.050997261264770256,0.03224078554361997,-0.12584653946852056,0,0,6.862757913051401,False,False,False,True,False,False,False,False,False,False,False,False,False,False,False,False,False,False,False,False,True,False,False,False,False,False,True,False,False,False,True,False,False,True,False,False,False,False,True,False
0.4087716575222072,745.0,-0.07519506268436271,0.09209943068976037,-0.9830802414038966,1.1369138261873721,-0.15053763750671667,-0.09544761854796006,0.8325942581574283,0.7927116447697404,0.050997261264770256,0.03224078554361997,-0.12584653946852056,0,0,6.61472560020376,False,False,False,False,False,False,True,False,False,False,False,False,False,False,False,False,False,False,False,False,True,False,False,False,False,False,True,False,False,False,True,False,False,False,True,False,False,False,False,False
0.4087716575222072,1258.0,-0.07519506268436271,-0.058226960627736635,0.3866717676043696,-0.8024958872632796,-0.15053763750671667,-0.09544761854796006,-0.7594299096283988,0.3975688470899499,0.050997261264770256,0.03224078554361997,-0.12584653946852056,0,1,7.138073034044347,False,False,False,False,False,False,False,False,False,False,False,False,False,False,False,True,False,False,False,False,True,False,False,False,False,False,True,False,False,False,True,False,False,True,False,False,False,False,True,False
0.4087716575222072,412.0,-0.8621763211399812,0.09209943068976037,-0.2982042368997635,-0.8024958872632796,-0.15053763750671667,-0.09544761854796006,-1.0333265406453154,-0.5902881471095258,-1.06943690634874,-1.0647662442321755,-1.071448973483805,0,0,6.023447592961033,False,False,False,False,False,False,False,False,False,False,False,False,False,False,False,False,False,False,False,False,True,False,False,False,True,False,False,False,False,False,True,False,True,False,False,False,False,False,True,False
-1.064130484271324,1867.85,-0.07519506268436271,-1.1826683676826133,0.3866717676043696,-0.8024958872632796,-0.15053763750671667,-0.09544761854796006,-0.7594299096283988,0.9902830436096349,0.7305385614780182,1.5230452106235473,1.2575262068595316,1,0,7.533078547412982,False,False,False,False,False,False,False,False,False,False,False,False,True,False,False,False,False,False,False,False,False,True,False,False,False,False,False,True,False,False,True,False,False,False,True,False,False,False,True,False
0.4087716575222072,817.95,-0.07519506268436271,-0.20855335194523364,-0.2982042368997635,1.1369138261873721,-0.15053763750671667,-0.09544761854796006,1.1064908891743448,0.3975688470899499,0.050997261264770256,0.03224078554361997,-0.12584653946852056,0,0,6.708023031928389,False,False,False,False,False,False,False,False,False,True,False,False,False,False,False,False,False,False,False,False,True,False,False,False,False,False,True,False,False,False,True,False,False,True,False,False,False,False,False,False
-1.2044068787278503,1034.0,-0.07519506268436271,-1.1105116998502147,0.3866717676043696,-0.8024958872632796,-0.15053763750671667,-0.09544761854796006,-0.7594299096283988,0.3975688470899499,0.050997261264770256,0.03224078554361997,0.4406797470538846,1,1,6.942156705699469,False,False,False,False,False,False,False,False,False,True,False,False,False,False,False,False,False,False,False,False,False,False,False,False,False,False,True,False,False,False,True,False,False,True,False,False,False,False,True,False
0.4087716575222072,349.0,-0.8621763211399812,0.24242582200725737,-0.2982042368997635,-0.8024958872632796,-0.15053763750671667,-0.09544761854796006,-1.0333265406453154,-0.19514534942973516,-1.06943690634874,-1.0647662442321755,-1.071448973483805,0,0,5.857933154483459,False,False,False,False,False,False,False,False,False,True,False,False,False,False,False,False,False,False,False,False,True,False,False,False,False,False,True,False,False,False,False,False,False,False,False,False,False,False,False,False
-0.713439498130007,699.0,-0.8621763211399812,-0.6144346085024752,-0.2982042368997635,-0.8024958872632796,-0.15053763750671667,-0.09544761854796006,-1.0333265406453154,0.19999744825005455,0.050997261264770256,0.03224078554361997,0.2485897530978847,1,1,6.551080335043404,False,False,False,False,False,False,True,False,False,False,False,False,False,False,False,False,False,False,False,False,False,False,False,False,False,False,True,False,False,False,True,False,True,False,False,False,False,False,False,True
0.4087716575222072,1294.0,1.4987674542268743,0.5430786046422508,0.3866717676043696,1.1369138261873721,-0.15053763750671667,-0.09544761854796006,1.3803875201912614,0.9902830436096349,0.050997261264770256,0.03224078554361997,-0.12584653946852056,0,0,7.166265974133638,False,False,False,False,False,False,False,False,False,False,True,False,False,False,False,False,False,False,True,False,False,False,False,False,False,False,True,False,False,False,True,False,False,False,True,False,False,False,False,True
-0.713439498130007,1135.0,-0.07519506268436271,-1.4111644824852083,0.3866717676043696,-0.8024958872632796,-0.15053763750671667,-0.09544761854796006,-0.7594299096283988,0.3975688470899499,0.050997261264770256,0.03224078554361997,0.2485897530978847,0,0,7.035268599281097,False,True,False,False,False,False,False,False,False,False,False,False,False,False,False,False,False,False,False,False,False,True,False,False,False,False,True,False,False,False,True,False,False,True,False,False,False,False,True,False
-2.396756231608329,495.0,-0.07519506268436271,-0.960185308532718,-0.9830802414038966,-0.8024958872632796,1.9642930004582626,-0.09544761854796006,-1.1702748561537737,-2.3684307366685817,-1.06943690634874,-1.0647662442321755,-0.26782610021860753,1,0,6.206575926724928,False,False,False,False,False,False,True,False,False,False,False,False,False,False,False,False,False,False,False,False,False,False,False,True,False,False,False,False,False,False,True,False,False,False,False,False,True,False,True,False
0.4087716575222072,2299.0,-0.07519506268436271,-1.426197121616958,1.7564237766126358,-0.8024958872632796,-0.15053763750671667,-0.09544761854796006,-0.21163664759456588,-0.9854309447893159,0.050997261264770256,0.03224078554361997,-0.12584653946852056,0,1,7.7406644019172415,False,False,False,False,False,False,False,False,True,False,False,False,False,False,False,False,False,False,False,False,False,True,False,False,False,False,True,False,False,False,True,False,False,False,True,False,False,False,True,False
0.4087716575222072,1299.0,1.4987674542268743,0.6934049959597477,0.3866717676043696,-0.8024958872632796,-0.15053763750671667,-0.09544761854796006,-0.7594299096283988,0.3975688470899499,0.050997261264770256,0.03224078554361997,-0.12584653946852056,0,0,7.170119543449628,False,False,False,False,False,False,False,False,False,False,False,False,False,False,False,False,False,False,True,False,False,False,False,False,False,False,True,False,False,False,True,False,False,True,False,False,False,False,False,True
0.4087716575222072,997.9,-0.07519506268436271,0.24242582200725737,0.3866717676043696,-0.8024958872632796,-0.15053763750671667,-0.09544761854796006,-0.7594299096283988,0.3975688470899499,0.050997261264770256,0.03224078554361997,-0.12584653946852056,0,0,6.906654673538104,False,False,False,False,False,False,False,False,False,False,True,False,False,False,False,False,False,False,True,False,False,False,False,False,False,False,True,False,False,False,True,False,False,True,False,False,False,False,False,True
0.4087716575222072,419.0,-0.8621763211399812,-0.2686839084722321,-0.2982042368997635,-0.8024958872632796,-0.15053763750671667,-0.09544761854796006,-1.0333265406453154,-2.3684307366685817,-1.06943690634874,-1.0647662442321755,-1.071448973483805,0,0,6.040254711277414,False,True,False,False,False,False,False,False,False,False,False,False,False,False,False,False,False,False,False,False,True,False,False,False,False,False,True,False,False,False,True,False,False,False,False,False,True,False,True,False
0.4087716575222072,2051.0,1.4987674542268743,1.7607223743139755,-0.2982042368997635,1.1369138261873721,-0.15053763750671667,-0.09544761854796006,1.1064908891743448,0.3975688470899499,0.050997261264770256,0.03224078554361997,-0.12584653946852056,0,0,7.62657020629066,False,False,False,True,False,False,False,False,False,False,False,False,False,False,False,False,False,False,True,False,False,False,False,False,False,False,True,False,False,False,True,False,False,True,False,False,False,False,False,True
1.6011210104026858,699.0,-0.8621763211399812,0.6934049959597477,0.3866717676043696,-0.8024958872632796,-0.15053763750671667,-0.09544761854796006,-0.7594299096283988,-0.5902881471095258,0.050997261264770256,0.03224078554361997,-0.4476204786194528,0,1,6.551080335043404,False,False,False,False,False,False,True,False,False,False,False,False,False,False,False,False,False,False,False,False,True,False,False,False,False,False,True,False,False,False,True,False,True,False,False,False,False,False,False,False
-1.2044068787278503,1499.0,-0.07519506268436271,-1.2758707302994614,1.7564237766126358,-0.8024958872632796,-0.15053763750671667,-0.09544761854796006,-0.21163664759456588,-0.9854309447893159,0.050997261264770256,0.03224078554361997,0.4406797470538846,1,1,7.313220387090301,False,False,False,False,False,False,False,False,False,True,False,False,False,False,False,False,False,False,False,False,False,False,False,False,False,False,True,False,False,False,True,False,False,False,True,False,False,False,True,False
0.4087716575222072,2813.75,1.4987674542268743,2.1816362700029672,0.3866717676043696,1.1369138261873721,-0.15053763750671667,-0.09544761854796006,1.3803875201912614,1.1878544424495303,0.050997261264770256,0.03224078554361997,-0.12584653946852056,0,0,7.94262872668324,False,False,False,True,False,False,False,False,False,False,False,False,False,False,False,False,False,False,True,False,False,False,False,False,False,False,True,False,False,False,True,False,False,False,True,False,False,False,False,True
0.4087716575222072,612.61,-0.8621763211399812,-0.2686839084722321,-0.9830802414038966,0.16720896946204622,-0.15053763750671667,-0.09544761854796006,-0.2373144567524018,0.3975688470899499,-1.06943690634874,-1.0647662442321755,-1.071448973483805,0,0,6.4193595471823075,False,False,False,False,False,False,True,False,False,False,False,False,False,False,False,False,False,False,False,False,True,False,False,False,False,False,True,False,False,False,True,False,False,True,False,False,False,False,False,False
0.4087716575222072,545.67,-0.8621763211399812,0.24242582200725737,-0.9830802414038966,1.1369138261873721,-0.15053763750671667,-0.09544761854796006,0.8325942581574283,-0.5902881471095258,-1.06943690634874,-1.0647662442321755,-1.071448973483805,0,0,6.30384532969252,False,False,False,True,False,False,False,False,False,False,False,False,False,False,False,False,False,False,False,False,True,False,False,False,False,False,True,False,False,False,True,False,True,False,False,False,False,False,False,False
1.6011210104026858,569.0,-0.46868569191217196,0.9188945829359929,-0.9830802414038966,3.0763235396380235,-0.15053763750671667,-0.09544761854796006,2.9724116879770883,0.19999744825005455,0.050997261264770256,0.03224078554361997,-0.4476204786194528,0,1,6.345636360828596,False,False,False,False,False,False,True,False,False,False,False,False,False,False,False,False,False,False,False,False,True,False,False,False,False,False,True,False,False,False,False,False,False,False,False,False,False,False,False,False
0.4087716575222072,318.0,-0.8621763211399812,0.09209943068976037,-0.9830802414038966,0.16720896946204622,-0.15053763750671667,-0.09544761854796006,-0.2373144567524018,-1.380573742469106,-1.06943690634874,-1.0647662442321755,-1.071448973483805,0,0,5.765191102784844,False,False,False,False,False,False,False,False,False,True,False,False,False,False,False,False,False,False,False,False,True,False,False,False,False,False,True,False,False,False,True,False,False,False,False,False,True,False,True,False
-0.713439498130007,375.0,-0.8621763211399812,-0.8850221128739695,-0.9830802414038966,-0.8024958872632796,0.9068776814757729,-0.09544761854796006,-1.2387490139080028,-1.380573742469106,-1.06943690634874,-1.0647662442321755,-0.8048893079579068,0,0,5.929589143389895,False,False,False,False,False,False,False,False,False,False,False,False,False,False,False,False,False,False,False,False,True,False,False,True,False,False,False,False,False,False,True,False,False,False,False,False,True,False,True,False
-0.713439498130007,699.0,-0.8621763211399812,-0.5092061345802273,0.3866717676043696,-0.8024958872632796,-0.15053763750671667,-0.09544761854796006,-0.7594299096283988,0.3975688470899499,0.050997261264770256,0.03224078554361997,0.2485897530978847,0,0,6.551080335043404,False,False,False,False,False,False,False,False,False,True,False,False,False,False,False,False,False,False,False,False,True,False,False,False,False,False,True,False,False,False,True,False,False,True,False,False,False,False,True,False
1.6011210104026858,1907.99,-0.07519506268436271,1.655493900391728,-0.9830802414038966,0.16720896946204622,-0.15053763750671667,-0.09544761854796006,-0.2373144567524018,0.9902830436096349,0.050997261264770256,0.03224078554361997,-0.4476204786194528,0,0,7.554329585367344,False,False,False,False,False,False,True,False,False,False,False,False,False,False,False,False,False,False,False,False,False,False,True,False,False,False,True,False,False,False,True,False,False,False,True,False,False,False,False,True
-0.713439498130007,2590.0,-0.07519506268436271,-0.9301200302692186,0.3866717676043696,-0.8024958872632796,-0.15053763750671667,-0.09544761854796006,-0.7594299096283988,0.7927116447697404,1.345361642623338,1.2980181275926148,1.4653917075655414,1,0,7.85979918056211,False,False,False,False,False,False,False,False,False,True,False,False,False,False,False,False,False,False,False,False,False,False,False,False,False,False,True,False,False,False,True,False,False,False,True,False,False,False,True,False
-1.2044068787278503,973.0,-0.07519506268436271,-0.809858917215221,0.3866717676043696,-0.8024958872632796,-0.15053763750671667,-0.09544761854796006,-0.7594299096283988,0.3975688470899499,0.050997261264770256,0.03224078554361997,0.4406797470538846,0,1,6.881411303642535,False,False,False,False,False,False,False,False,False,False,False,False,False,False,False,True,False,False,False,False,True,False,False,False,False,False,True,False,False,False,True,False,False,True,False,False,False,False,True,False
-2.396756231608329,269.0,-0.8621763211399812,-0.960185308532718,-0.9830802414038966,-0.8024958872632796,0.9068776814757729,-0.09544761854796006,-1.2387490139080028,-1.380573742469106,-1.06943690634874,-1.0647662442321755,-0.26782610021860753,0,0,5.598421958998375,False,False,False,False,False,False,False,False,False,False,False,False,False,False,False,False,False,False,False,True,False,False,False,False,False,False,True,False,False,False,True,False,False,False,False,False,True,False,True,False
-0.713439498130007,1749.0,1.4987674542268743,-0.9902505867962175,1.7564237766126358,-0.8024958872632796,-0.15053763750671667,-0.09544761854796006,-0.21163664759456588,0.7927116447697404,0.050997261264770256,0.03224078554361997,0.2485897530978847,1,0,7.4673710669175595,False,False,False,False,False,False,False,False,False,True,False,False,False,False,False,False,False,False,False,False,False,False,False,False,False,False,True,False,False,False,True,False,False,False,True,False,False,False,True,False
-1.765512456553958,669.0,-0.8621763211399812,-1.2608380911677117,-0.9830802414038966,-0.8024958872632796,1.9642930004582626,-0.09544761854796006,-1.1702748561537737,-2.7635735343483723,0.050997261264770256,0.03224078554361997,0.6865920581569761,1,0,6.507277712385012,False,True,False,False,False,False,False,False,False,False,False,False,False,False,False,False,False,False,False,False,False,False,False,True,False,False,False,False,False,False,True,False,False,False,False,False,True,False,True,False
-1.2044068787278503,1877.0,1.4987674542268743,-1.0203158650597164,1.7564237766126358,-0.8024958872632796,-0.15053763750671667,-0.09544761854796006,-0.21163664759456588,0.3975688470899499,0.050997261264770256,0.03224078554361997,0.4406797470538846,1,0,7.537962659768208,False,False,False,False,False,False,False,False,False,False,False,False,False,False,False,True,False,False,False,False,False,True,False,False,False,False,True,False,False,False,True,False,False,False,True,False,False,False,True,False
0.4087716575222072,689.0,-0.8621763211399812,0.09209943068976037,-0.9830802414038966,0.16720896946204622,-0.15053763750671667,-0.09544761854796006,-0.2373144567524018,0.7927116447697404,0.050997261264770256,0.03224078554361997,-0.12584653946852056,0,1,6.536691597591305,False,False,False,False,False,False,True,False,False,False,False,False,False,False,False,False,False,False,False,False,True,False,False,False,False,False,True,False,False,False,True,False,False,False,True,False,False,False,False,False
0.4087716575222072,819.0,-0.07519506268436271,0.783600830750246,-0.9830802414038966,1.1369138261873721,-0.15053763750671667,-0.09544761854796006,0.8325942581574283,0.3975688470899499,0.050997261264770256,0.03224078554361997,-0.12584653946852056,0,0,6.709304340258298,False,False,False,True,False,False,False,False,False,False,False,False,False,False,False,False,False,False,True,False,False,False,False,False,False,False,True,False,False,False,True,False,False,True,False,False,False,False,False,True
0.4087716575222072,399.0,-0.8621763211399812,0.24242582200725737,0.3866717676043696,-0.8024958872632796,-0.15053763750671667,-0.09544761854796006,-0.7594299096283988,1.1878544424495303,0.050997261264770256,0.03224078554361997,-0.12584653946852056,0,0,5.991464547107982,False,False,False,False,False,False,False,False,False,True,False,False,False,False,False,False,False,False,False,False,True,False,False,False,False,False,True,False,False,False,False,False,False,False,False,False,False,False,False,False
0.4087716575222072,429.0,-0.07519506268436271,0.24242582200725737,-0.9830802414038966,1.1369138261873721,-0.15053763750671667,-0.09544761854796006,0.8325942581574283,2.5708542343287966,-1.06943690634874,-1.0647662442321755,-1.071448973483805,0,0,6.063785208687608,False,False,False,False,False,False,False,False,False,True,False,False,False,False,False,False,False,False,False,False,True,False,False,False,False,False,True,False,False,False,False,False,False,False,False,False,False,False,False,False
0.4087716575222072,621.45,-0.8621763211399812,0.09209943068976037,-0.9830802414038966,3.0763235396380235,-0.15053763750671667,-0.09544761854796006,2.9724116879770883,0.3975688470899499,0.050997261264770256,0.03224078554361997,-0.12584653946852056,0,0,6.433663303827795,False,False,False,False,False,False,False,False,False,True,False,False,False,False,False,False,False,False,False,False,True,False,False,False,False,False,True,False,False,False,True,False,False,True,False,False,False,False,True,False
0.4087716575222072,450.0,-0.8621763211399812,-0.20855335194523364,-0.9830802414038966,0.16720896946204622,-0.15053763750671667,-0.09544761854796006,-0.2373144567524018,-0.5902881471095258,-1.06943690634874,-1.0647662442321755,-1.071448973483805,0,0,6.111467339502679,False,False,False,False,False,False,False,False,False,True,False,False,False,False,False,False,False,False,False,False,True,False,False,False,False,True,False,False,False,False,True,False,True,False,False,False,False,False,True,False
0.4087716575222072,795.0,-0.07519506268436271,0.21236054374375798,0.3866717676043696,-0.8024958872632796,-0.15053763750671667,-0.09544761854796006,-0.7594299096283988,0.3975688470899499,0.050997261264770256,0.03224078554361997,-0.12584653946852056,0,0,6.679599185844383,False,False,False,True,False,False,False,False,False,False,False,False,False,False,False,False,False,False,False,False,True,False,False,False,False,False,True,False,False,False,True,False,False,True,False,False,False,False,True,False
-1.2044068787278503,999.0,-0.07519506268436271,-0.659532525897724,0.3866717676043696,-0.8024958872632796,-0.15053763750671667,-0.09544761854796006,-0.7594299096283988,-1.380573742469106,0.050997261264770256,0.03224078554361997,0.4406797470538846,1,1,6.907755278982137,False,False,False,False,False,False,False,False,False,False,False,False,False,False,False,False,False,False,False,False,False,False,False,False,False,False,True,False,False,False,True,False,False,True,False,False,False,False,True,False
0.4087716575222072,1855.0,1.4987674542268743,0.21236054374375798,1.7564237766126358,-0.8024958872632796,-0.15053763750671667,-0.09544761854796006,-0.21163664759456588,0.3975688470899499,0.050997261264770256,0.03224078554361997,-0.12584653946852056,0,0,7.526178913346146,False,False,False,False,False,False,False,False,False,True,False,False,False,False,False,False,False,False,False,False,False,False,True,False,False,False,False,False,True,False,True,False,False,False,True,False,False,False,False,True
-0.713439498130007,1191.0,-0.07519506268436271,-0.3588797432627303,0.3866717676043696,-0.8024958872632796,-0.15053763750671667,-0.09544761854796006,-0.7594299096283988,0.0024260494101592586,0.050997261264770256,0.03224078554361997,0.2485897530978847,0,0,7.083387847625295,False,False,False,False,False,False,False,False,False,True,False,False,False,False,False,False,False,False,False,False,True,False,False,False,False,False,True,False,False,False,True,False,False,True,False,False,False,False,True,False
1.6011210104026858,655.01,-0.46868569191217196,1.0090904177264912,-0.9830802414038966,3.0763235396380235,-0.15053763750671667,-0.09544761854796006,2.9724116879770883,0.3975688470899499,0.050997261264770256,0.03224078554361997,-0.4476204786194528,0,1,6.486176032730341,False,False,False,False,False,False,True,False,False,False,False,False,False,False,False,False,False,False,False,False,True,False,False,False,False,False,True,False,False,False,False,False,False,False,False,False,False,False,False,False
0.4087716575222072,1249.0,-0.07519506268436271,0.6934049959597477,-0.2982042368997635,1.1369138261873721,-0.15053763750671667,-0.09544761854796006,1.1064908891743448,0.9902830436096349,0.050997261264770256,0.03224078554361997,-0.12584653946852056,0,1,7.1308988302963465,False,False,False,False,False,False,False,False,False,True,False,False,False,False,False,False,False,False,True,False,False,False,False,False,False,False,True,False,False,False,True,False,False,False,True,False,False,False,False,True
-0.713439498130007,1089.0,-0.07519506268436271,-0.5994019693707255,0.3866717676043696,-0.8024958872632796,-0.15053763750671667,-0.09544761854796006,-0.7594299096283988,0.9902830436096349,0.050997261264770256,0.03224078554361997,0.2485897530978847,0,0,6.993932975223189,False,False,False,True,False,False,False,False,False,False,False,False,False,False,False,False,False,False,False,False,True,False,False,False,True,False,False,False,False,False,True,False,False,True,False,False,False,False,False,True
0.4087716575222072,726.0,-0.07519506268436271,-0.08829223889123604,-0.9830802414038966,1.1369138261873721,-0.15053763750671667,-0.09544761854796006,0.8325942581574283,0.3975688470899499,0.050997261264770256,0.03224078554361997,-0.12584653946852056,0,0,6.588926477533519,False,False,False,True,False,False,False,False,False,False,False,False,False,False,False,False,False,False,False,False,True,False,False,False,True,False,False,False,False,False,True,False,False,True,False,False,False,False,True,False
-0.713439498130007,298.0,-0.8621763211399812,-0.809858917215221,-0.9830802414038966,-0.8024958872632796,0.9068776814757729,-0.09544761854796006,-1.2387490139080028,-2.3684307366685817,0.050997261264770256,0.03224078554361997,0.2485897530978847,0,0,5.700443573390687,False,True,False,False,False,False,False,False,False,False,False,False,False,False,False,False,False,False,False,False,True,False,False,False,False,False,True,False,False,False,True,False,False,False,False,False,True,False,True,False
0.4087716575222072,1426.66,1.4987674542268743,-0.16345543454998454,1.7564237766126358,-0.8024958872632796,-0.15053763750671667,-0.09544761854796006,-0.21163664759456588,0.5951402459298452,0.050997261264770256,0.03224078554361997,-0.12584653946852056,0,0,7.263792019312263,False,False,False,True,False,False,False,False,False,False,False,False,False,False,False,False,False,False,False,False,True,False,False,False,False,False,True,False,False,False,True,False,False,True,False,False,False,False,True,False
-0.713439498130007,857.07,-0.07519506268436271,-0.25365126934048243,0.3866717676043696,-0.8024958872632796,-0.15053763750671667,-0.09544761854796006,-0.7594299096283988,0.3975688470899499,0.050997261264770256,0.03224078554361997,0.2485897530978847,0,1,6.754685681241666,False,False,False,False,False,False,False,False,False,True,False,False,False,False,False,False,False,False,False,False,True,False,False,False,False,False,True,False,False,False,True,False,False,True,False,False,False,False,False,True
0.4087716575222072,1179.0,-0.07519506268436271,-0.20855335194523364,0.3866717676043696,-0.8024958872632796,-0.15053763750671667,-0.09544761854796006,-0.7594299096283988,0.5951402459298452,0.050997261264770256,0.03224078554361997,-0.12584653946852056,0,0,7.07326971745971,False,False,False,True,False,False,False,False,False,False,False,False,False,False,False,False,False,False,False,False,True,False,False,False,False,False,True,False,False,False,True,False,False,True,False,False,False,False,True,False
0.4087716575222072,298.0,-0.8621763211399812,0.22739318287550736,-0.9830802414038966,0.16720896946204622,-0.15053763750671667,-0.09544761854796006,-0.2373144567524018,-0.5902881471095258,-1.06943690634874,-1.0647662442321755,-1.071448973483805,0,0,5.700443573390687,False,False,False,False,False,False,False,False,False,True,False,False,False,False,False,False,False,False,False,False,True,False,False,False,False,False,True,False,False,False,False,False,False,False,False,False,False,False,False,False
-0.713439498130007,265.0,-0.8621763211399812,-0.960185308532718,-0.9830802414038966,-0.7404347764328588,-0.15053763750671667,-0.09544761854796006,-1.2387490139080028,-0.748345266181442,0.050997261264770256,0.4541665662266183,0.35020257598765264,0,1,5.583496308781699,False,False,False,False,False,False,False,False,False,False,False,True,False,False,False,False,False,False,False,False,True,False,False,False,False,False,True,False,False,False,True,False,False,False,False,False,True,False,True,False
1.6011210104026858,1200.0,-0.07519506268436271,0.8888293046724935,0.3866717676043696,-0.8024958872632796,-0.15053763750671667,-0.09544761854796006,-0.7594299096283988,0.7927116447697404,0.050997261264770256,0.03224078554361997,-0.4476204786194528,0,0,7.0909098220799835,False,False,False,False,False,False,True,False,False,False,False,False,False,False,False,False,False,False,False,False,True,False,False,False,False,False,True,False,False,False,True,False,False,False,True,False,False,False,False,True
-0.713439498130007,1686.64,-0.07519506268436271,-1.3059360085629608,1.7564237766126358,-0.8024958872632796,-0.15053763750671667,-0.09544761854796006,-0.21163664759456588,0.3975688470899499,1.345361642623338,1.2980181275926148,1.4653917075655414,0,1,7.431086382268411,False,False,False,False,False,False,False,False,False,True,False,False,False,False,False,False,False,False,False,False,False,True,False,False,False,False,True,False,False,False,True,False,False,False,True,False,False,False,True,False
-1.2044068787278503,836.6,-0.07519506268436271,-0.6895978041612234,0.3866717676043696,-0.8024958872632796,-0.15053763750671667,-0.09544761854796006,-0.7594299096283988,0.3975688470899499,-1.06943690634874,-1.0647662442321755,-0.6682455803732644,1,1,6.730540659556327,False,False,False,False,False,False,True,False,False,False,False,False,False,False,False,False,False,False,False,False,False,False,False,False,False,False,True,False,False,False,True,False,False,True,False,False,False,False,True,False
-0.713439498130007,1499.0,-0.07519506268436271,-1.0804464215867153,0.3866717676043696,-0.8024958872632796,-0.15053763750671667,-0.09544761854796006,-0.7594299096283988,0.3975688470899499,0.050997261264770256,0.03224078554361997,0.2485897530978847,0,1,7.313220387090301,False,False,False,False,False,False,False,False,False,True,False,False,False,False,False,False,False,False,False,False,False,True,False,False,False,False,True,False,False,False,True,False,False,True,False,False,False,False,True,False
1.6011210104026858,3659.4,4.646692488049348,3.48947587446519,4.367513543784643,1.1369138261873721,-0.15053763750671667,-0.09544761854796006,2.9724116879770883,0.9902830436096349,3.934090405340473,3.8295728116906047,2.506343160319854,0,0,8.205327710041223,False,False,False,True,False,False,False,False,False,False,False,False,False,False,False,False,False,False,True,False,False,False,False,False,False,False,True,False,False,False,True,False,False,False,True,False,False,False,False,True
1.6011210104026858,1348.48,-0.07519506268436271,0.9940577785947418,-0.2982042368997635,1.1369138261873721,-0.15053763750671667,-0.09544761854796006,1.1064908891743448,0.9902830436096349,0.050997261264770256,0.03224078554361997,-0.4476204786194528,0,0,7.207474612044422,False,False,False,False,False,False,False,False,False,False,True,False,False,False,False,False,False,False,True,False,False,False,False,False,False,False,True,False,False,False,True,False,False,False,True,False,False,False,False,True
0.4087716575222072,489.9,-0.8621763211399812,-0.20855335194523364,-0.9830802414038966,1.1369138261873721,-0.15053763750671667,-0.09544761854796006,0.8325942581574283,0.3975688470899499,-1.06943690634874,-1.0647662442321755,-1.071448973483805,0,0,6.196240441064007,False,False,False,False,False,False,False,False,False,True,False,False,False,False,False,False,False,False,False,False,True,False,False,False,False,True,False,False,False,False,True,False,False,True,False,False,False,False,True,False
0.4087716575222072,719.0,-0.07519506268436271,0.24242582200725737,-0.2982042368997635,1.1369138261873721,-0.15053763750671667,-0.09544761854796006,1.1064908891743448,-1.380573742469106,0.050997261264770256,0.03224078554361997,-0.12584653946852056,0,0,6.579251212010101,False,False,False,True,False,False,False,False,False,False,False,False,False,False,False,False,False,False,False,False,True,False,False,False,False,False,True,False,False,False,True,False,False,True,False,False,False,False,False,False
-1.2044068787278503,649.0,-0.8621763211399812,-0.4941734954484776,-0.9830802414038966,1.1369138261873721,-0.15053763750671667,-0.09544761854796006,0.8325942581574283,0.19999744825005455,0.050997261264770256,0.03224078554361997,0.4406797470538846,1,0,6.476972362889683,False,False,False,True,False,False,False,False,False,False,False,False,False,False,False,False,False,False,False,False,False,False,False,False,False,False,True,False,False,False,True,False,True,False,False,False,False,False,True,False
0.4087716575222072,589.52,-0.07519506268436271,0.42281749158825316,-0.9830802414038966,1.1369138261873721,-0.15053763750671667,-0.09544761854796006,0.8325942581574283,0.3975688470899499,-1.06943690634874,-1.0647662442321755,-1.071448973483805,0,0,6.3810035046658875,False,False,False,True,False,False,False,False,False,False,False,False,False,False,False,False,False,False,False,False,True,False,False,False,True,False,False,False,False,False,True,False,False,True,False,False,False,False,False,False
0.4087716575222072,489.0,-0.8621763211399812,0.09209943068976037,-0.9830802414038966,1.1369138261873721,-0.15053763750671667,-0.09544761854796006,0.8325942581574283,1.3854258412894256,0.050997261264770256,0.03224078554361997,-0.12584653946852056,0,0,6.194405391104672,False,False,False,False,False,False,True,False,False,False,False,False,False,False,False,False,False,False,False,False,True,False,False,False,False,False,True,False,False,False,False,False,False,False,False,False,False,False,False,False
1.6011210104026858,1935.0,1.4987674542268743,3.248953648357195,-0.2982042368997635,1.1369138261873721,-0.15053763750671667,-0.09544761854796006,1.1064908891743448,0.5951402459298452,0.050997261264770256,0.03224078554361997,-0.4476204786194528,0,1,7.568379267836522,False,False,False,False,False,False,False,False,False,False,False,False,False,False,False,False,False,False,True,False,False,False,False,False,False,False,True,False,False,False,True,False,False,False,True,False,False,False,False,True
0.4087716575222072,649.0,0.7117861957712558,0.31758901766600556,-0.9830802414038966,1.1369138261873721,-0.15053763750671667,-0.09544761854796006,0.8325942581574283,0.3975688470899499,-1.06943690634874,-1.0647662442321755,-1.071448973483805,0,0,6.476972362889683,False,False,False,True,False,False,False,False,False,False,False,False,False,False,False,False,False,False,False,False,True,False,False,False,False,False,True,False,False,False,True,False,False,True,False,False,False,False,True,False
0.4087716575222072,650.0,-0.46868569191217196,0.09209943068976037,-0.2982042368997635,1.1369138261873721,-0.15053763750671667,-0.09544761854796006,1.1064908891743448,1.3854258412894256,0.050997261264770256,0.03224078554361997,-0.12584653946852056,0,0,6.478509642208569,False,False,False,False,False,False,True,False,False,False,False,False,False,False,False,False,False,False,False,False,True,False,False,False,False,False,True,False,False,False,False,False,False,False,False,False,False,False,False,False
0.4087716575222072,559.0,-0.8621763211399812,0.5430786046422508,-0.9830802414038966,0.16720896946204622,-0.15053763750671667,-0.09544761854796006,-0.2373144567524018,0.3975688470899499,-1.06943690634874,-1.0647662442321755,-1.071448973483805,0,0,6.327936783729195,False,False,False,False,False,False,False,False,False,False,False,False,False,False,False,False,False,False,False,False,True,False,False,False,False,False,True,False,False,False,True,False,False,True,False,False,False,False,True,False
-1.2044068787278503,960.0,-0.07519506268436271,-0.9000547520057193,0.3866717676043696,-0.8024958872632796,-0.15053763750671667,-0.09544761854796006,-0.7594299096283988,0.3975688470899499,0.050997261264770256,0.03224078554361997,0.4406797470538846,0,1,6.8679744089702925,False,False,False,False,False,False,False,False,False,True,False,False,False,False,False,False,False,False,False,False,True,False,False,False,False,False,True,False,False,False,True,False,False,True,False,False,False,False,True,False
0.4087716575222072,779.0,-0.8621763211399812,-0.2837165476039818,-0.9830802414038966,1.1369138261873721,-0.15053763750671667,-0.09544761854796006,0.8325942581574283,0.7927116447697404,0.050997261264770256,0.03224078554361997,-0.12584653946852056,0,0,6.659293919683638,False,False,False,False,False,False,False,False,False,True,False,False,False,False,False,False,False,False,False,False,True,False,False,False,False,False,True,False,False,False,True,False,False,False,True,False,False,False,True,False
0.4087716575222072,2419.0,1.4987674542268743,0.8437313872772447,0.3866717676043696,-0.8024958872632796,-0.15053763750671667,-0.09544761854796006,-0.7594299096283988,0.9902830436096349,0.050997261264770256,0.03224078554361997,-0.12584653946852056,0,0,7.791522819150732,False,False,False,False,False,False,True,False,False,False,False,False,False,False,False,False,False,False,False,False,False,False,True,False,False,False,True,False,False,False,True,False,False,False,True,False,False,False,False,True
-1.2044068787278503,659.0,-0.07519506268436271,-0.7346957215564726,-0.9830802414038966,1.1369138261873721,-0.15053763750671667,-0.09544761854796006,0.8325942581574283,-1.380573742469106,0.050997261264770256,0.03224078554361997,0.4406797470538846,1,0,6.492239835020471,False,False,False,True,False,False,False,False,False,False,False,False,False,False,False,False,False,False,False,False,False,False,False,False,False,False,True,False,False,False,True,False,False,True,False,False,False,False,True,False
0.4087716575222072,2094.48,1.4987674542268743,-0.3588797432627303,0.3866717676043696,1.1369138261873721,-0.15053763750671667,-0.09544761854796006,1.3803875201912614,0.9902830436096349,0.050997261264770256,0.03224078554361997,-0.12584653946852056,0,0,7.647537923058067,False,False,False,False,False,False,False,False,False,False,True,False,False,False,False,False,False,False,True,False,False,False,False,False,False,False,True,False,False,False,True,False,False,False,True,False,False,False,False,True
0.4087716575222072,410.8,-0.8621763211399812,0.5430786046422508,-0.9830802414038966,0.16720896946204622,-0.15053763750671667,-0.09544761854796006,-0.2373144567524018,-0.5902881471095258,-1.06943690634874,-1.0647662442321755,-1.071448973483805,0,0,6.0205377945936895,False,False,False,False,False,False,False,False,False,False,False,False,False,False,False,False,False,False,False,False,True,False,False,False,False,False,True,False,False,False,True,False,True,False,False,False,False,False,True,False
0.4087716575222072,1207.0,-0.07519506268436271,-0.058226960627736635,-0.2982042368997635,1.1369138261873721,-0.15053763750671667,-0.09544761854796006,1.1064908891743448,0.7927116447697404,0.050997261264770256,0.03224078554361997,-0.12584653946852056,0,0,7.0967213784947605,False,False,False,True,False,False,False,False,False,False,False,False,False,False,False,False,False,False,False,False,True,False,False,False,False,False,True,False,False,False,True,False,False,False,True,False,False,False,False,True
0.4087716575222072,665.0,-0.07519506268436271,-0.058226960627736635,0.3866717676043696,-0.8024958872632796,-0.15053763750671667,-0.09544761854796006,-0.7594299096283988,-0.5902881471095258,-1.06943690634874,-1.0647662442321755,-1.071448973483805,0,0,6.501289670540389,False,False,False,True,False,False,False,False,False,False,False,False,False,False,False,False,False,False,False,False,True,False,False,False,False,False,True,False,False,False,True,False,True,False,False,False,False,False,True,False
-0.713439498130007,1535.0,-0.07519506268436271,-1.185674895508963,0.3866717676043696,-0.8024958872632796,-0.15053763750671667,-0.09544761854796006,-0.7594299096283988,0.3975688470899499,0.050997261264770256,0.03224078554361997,0.2485897530978847,1,1,7.336936913707618,False,False,False,False,False,False,False,False,False,False,False,False,False,False,False,True,False,False,False,False,True,False,False,False,False,False,True,False,False,False,True,False,False,True,False,False,False,False,True,False
-0.713439498130007,999.0,-0.07519506268436271,-0.5092061345802273,0.3866717676043696,-0.8024958872632796,-0.15053763750671667,-0.09544761854796006,-0.7594299096283988,0.3975688470899499,0.050997261264770256,0.03224078554361997,0.2485897530978847,1,0,6.907755278982137,False,False,False,False,False,False,False,False,False,True,False,False,False,False,False,False,False,False,False,False,False,False,False,False,False,False,True,False,False,False,True,False,False,True,False,False,False,False,True,False
0.4087716575222072,3299.0,1.4987674542268743,0.6934049959597477,4.367513543784643,-0.8024958872632796,-0.15053763750671667,-0.09544761854796006,0.8325942581574283,0.9902830436096349,3.934090405340473,3.8295728116906047,3.1501230313680426,0,1,8.101677747454572,False,False,False,False,False,False,False,False,False,True,False,False,False,False,False,False,False,False,False,False,False,False,True,False,False,False,True,False,False,False,True,False,False,False,True,False,False,False,False,True
-0.713439498130007,330.0,-1.2556669503677904,-0.5392714128437267,-0.9830802414038966,-0.8024958872632796,0.9068776814757729,-0.09544761854796006,-1.2387490139080028,-1.380573742469106,-1.06943690634874,-1.0647662442321755,-0.8048893079579068,0,0,5.802118375377063,False,False,False,False,False,False,False,False,False,False,False,False,False,False,False,False,False,False,False,False,True,False,False,True,False,False,False,False,False,False,True,False,False,False,False,False,True,False,True,False
-1.2044068787278503,1649.0,1.4987674542268743,-1.8471110173059493,0.3866717676043696,-0.8024958872632796,-0.15053763750671667,-0.09544761854796006,-0.7594299096283988,0.7927116447697404,0.050997261264770256,0.03224078554361997,0.4406797470538846,0,0,7.408530566894626,False,False,False,False,False,False,False,False,False,False,False,False,False,False,True,False,False,False,False,False,False,True,False,False,False,False,True,False,False,False,True,False,False,False,True,False,False,False,True,False
0.4087716575222072,539.0,-0.07519506268436271,-0.2686839084722321,0.3866717676043696,-0.8024958872632796,-0.15053763750671667,-0.09544761854796006,-0.7594299096283988,-0.5902881471095258,0.050997261264770256,0.03224078554361997,-0.12584653946852056,0,0,6.29156913955832,False,False,False,False,False,False,True,False,False,False,False,False,False,False,False,False,False,False,False,False,True,False,False,False,False,False,True,False,False,False,True,False,True,False,False,False,False,False,True,False
-0.713439498130007,1126.71,-0.07519506268436271,-0.659532525897724,0.3866717676043696,-0.8024958872632796,-0.15053763750671667,-0.09544761854796006,-0.7594299096283988,0.3975688470899499,-1.06943690634874,-1.0647662442321755,-0.8048893079579068,0,0,7.027944306805558,False,False,False,True,False,False,False,False,False,False,False,False,False,False,False,False,False,False,False,False,True,False,False,False,False,False,True,False,False,False,True,False,False,True,False,False,False,False,True,False
1.6011210104026858,4389.0,1.4987674542268743,1.4450369525472322,0.3866717676043696,-0.8024958872632796,-0.15053763750671667,-0.09544761854796006,-0.7594299096283988,1.1878544424495303,0.050997261264770256,0.03224078554361997,-0.4476204786194528,0,1,8.387084506069217,False,False,False,False,False,False,True,False,False,False,False,False,False,False,False,False,False,False,False,False,False,False,True,False,False,False,False,False,True,False,True,False,False,False,False,False,True,False,False,True
-2.396756231608329,475.0,-0.8621763211399812,-0.960185308532718,-0.2982042368997635,-0.8024958872632796,-0.15053763750671667,-0.09544761854796006,-1.0333265406453154,-1.380573742469106,-1.06943690634874,-1.0647662442321755,-0.26782610021860753,1,0,6.16541785423142,False,False,False,False,False,False,False,False,False,True,False,False,False,False,False,False,False,False,False,True,False,False,False,False,False,False,True,False,False,False,True,False,False,False,False,False,True,False,True,False
0.4087716575222072,1900.0,-0.07519506268436271,-0.29874918673573153,0.3866717676043696,-0.8024958872632796,-0.15053763750671667,-0.09544761854796006,-0.7594299096283988,0.19999744825005455,0.050997261264770256,0.03224078554361997,-0.12584653946852056,0,0,7.550135342488429,False,False,False,False,False,False,True,False,False,False,False,False,False,False,False,False,False,False,False,False,True,False,False,False,False,False,True,False,False,False,True,False,False,True,False,False,False,False,True,False
0.4087716575222072,579.0,-0.8621763211399812,0.6182418003009996,-0.9830802414038966,1.1369138261873721,-0.15053763750671667,-0.09544761854796006,0.8325942581574283,0.0024260494101592586,-1.06943690634874,-1.0647662442321755,-1.071448973483805,0,0,6.363028103540465,False,True,False,False,False,False,False,False,False,False,False,False,False,False,False,False,False,False,False,False,True,False,False,False,False,True,False,False,False,False,True,False,False,True,False,False,False,False,False,True
-0.713439498130007,1096.0,-0.8621763211399812,-0.5092061345802273,-0.019973360069959433,-0.8024958872632796,-0.15053763750671667,-0.09544761854796006,-0.9220560342946931,0.0024260494101592586,0.050997261264770256,0.03224078554361997,0.2485897530978847,0,0,7.00033446027523,False,False,False,False,False,False,False,False,False,True,False,False,False,False,False,False,False,False,False,False,False,True,False,False,False,False,True,False,False,False,True,False,False,True,False,False,False,False,True,False
0.4087716575222072,849.9,-0.8621763211399812,0.49798068724700195,0.3866717676043696,-0.8024958872632796,-0.15053763750671667,-0.09544761854796006,-0.7594299096283988,0.7927116447697404,-1.06943690634874,-1.0647662442321755,-1.071448973483805,0,0,6.746294612855512,False,True,False,False,False,False,False,False,False,False,False,False,False,False,False,False,False,False,False,False,True,False,False,False,False,False,True,False,False,False,True,False,False,False,True,False,False,False,True,False
-1.2044068787278503,1199.0,-0.07519506268436271,-1.1105116998502147,0.3866717676043696,-0.8024958872632796,-0.15053763750671667,-0.09544761854796006,-0.7594299096283988,-0.9854309447893159,2.6397260239819054,2.56379546964161,3.002343651959864,1,1,7.090076835776092,False,False,False,False,False,False,False,False,False,True,False,False,False,False,False,False,False,False,False,False,False,False,False,False,False,False,True,False,False,False,True,False,False,True,False,False,False,False,True,False
0.4087716575222072,1099.0,-0.07519506268436271,0.24242582200725737,-0.2982042368997635,1.1369138261873721,-0.15053763750671667,-0.09544761854796006,1.1064908891743448,0.3975688470899499,0.050997261264770256,0.03224078554361997,-0.12584653946852056,0,1,7.003065458786462,False,False,False,False,False,False,True,False,False,False,False,False,False,False,False,False,False,False,False,False,True,False,False,False,False,False,True,False,False,False,True,False,False,True,False,False,False,False,False,True
0.4087716575222072,1561.0,-0.07519506268436271,0.8286987481454947,0.3866717676043696,-0.8024958872632796,-0.15053763750671667,-0.09544761854796006,-0.7594299096283988,0.5951402459298452,0.050997261264770256,0.03224078554361997,-0.12584653946852056,0,0,7.3537223303996315,False,False,False,False,False,False,True,False,False,False,False,False,False,False,False,False,False,False,False,False,False,False,True,False,False,False,False,False,True,False,True,False,False,False,True,False,False,False,False,True
0.4087716575222072,2868.99,1.4987674542268743,3.579671709255688,0.3866717676043696,1.1369138261873721,-0.15053763750671667,-0.09544761854796006,1.3803875201912614,0.9902830436096349,3.934090405340473,3.8295728116906047,3.1501230313680426,0,1,7.962063824427039,False,False,False,True,False,False,False,False,False,False,False,False,False,False,False,False,False,False,True,False,False,False,False,False,False,False,True,False,False,False,True,False,False,False,True,False,False,False,False,True
0.4087716575222072,599.0,-0.8621763211399812,0.09209943068976037,0.3866717676043696,-0.8024958872632796,-0.15053763750671667,-0.09544761854796006,-0.7594299096283988,0.3975688470899499,-1.06943690634874,-1.0647662442321755,-1.071448973483805,0,0,6.396929655216146,False,False,False,False,False,False,False,False,False,False,False,False,False,False,False,False,False,False,False,False,True,False,False,False,False,False,True,False,False,False,True,False,False,True,False,False,False,False,True,False
0.4087716575222072,1048.0,-0.07519506268436271,0.6934049959597477,-0.2982042368997635,1.1369138261873721,-0.15053763750671667,-0.09544761854796006,1.1064908891743448,0.9902830436096349,0.050997261264770256,0.03224078554361997,-0.12584653946852056,0,1,6.955592608396297,False,False,False,False,False,False,False,False,False,True,False,False,False,False,False,False,False,False,True,False,False,False,False,False,False,False,True,False,False,False,True,False,False,False,True,False,False,False,False,True
-1.765512456553958,1859.0,1.4987674542268743,-1.290903369431211,0.3866717676043696,-0.8024958872632796,-0.15053763750671667,-0.09544761854796006,-0.7594299096283988,0.9902830436096349,0.050997261264770256,0.03224078554361997,0.6865920581569761,0,0,7.528331766707247,False,False,False,True,False,False,False,False,False,False,False,False,False,False,False,False,False,False,False,False,False,True,False,False,False,False,True,False,False,False,True,False,False,False,True,False,False,False,True,False
-1.9057888510104843,1559.0,-0.07519506268436271,-1.4111644824852083,0.3866717676043696,-0.8024958872632796,-0.15053763750671667,-0.09544761854796006,-0.7594299096283988,-2.170859337828687,1.021770547283696,1.8605858351699458,2.0386457837313325,1,0,7.352441100243583,False,False,False,False,False,True,False,False,False,False,False,False,False,False,False,False,False,False,False,False,False,True,False,True,False,False,False,False,False,False,True,False,False,True,False,False,False,False,True,False
-1.2044068787278503,1129.0,-0.07519506268436271,-1.2608380911677117,0.3866717676043696,-0.8024958872632796,-0.15053763750671667,-0.09544761854796006,-0.7594299096283988,0.3975688470899499,2.6397260239819054,2.56379546964161,3.002343651959864,0,1,7.029972911706386,False,True,False,False,False,False,False,False,False,False,False,False,False,False,False,False,False,False,False,False,False,True,False,False,False,False,True,False,False,False,True,False,False,True,False,False,False,False,True,False
-1.2044068787278503,849.0,-0.8621763211399812,-0.5843693302389759,-0.9830802414038966,0.16720896946204622,-0.15053763750671667,-0.09544761854796006,-0.2373144567524018,-0.5902881471095258,-1.06943690634874,-1.0647662442321755,-0.6682455803732644,0,0,6.745236349484363,False,False,False,True,False,False,False,False,False,False,False,False,False,False,False,False,False,False,False,False,True,False,False,False,False,False,True,False,False,False,True,False,True,False,False,False,False,False,True,False
-1.2044068787278503,655.0,-0.8621763211399812,-0.659532525897724,-0.2982042368997635,-0.8024958872632796,-0.15053763750671667,-0.09544761854796006,-1.0333265406453154,0.0024260494101592586,-1.06943690634874,-1.0647662442321755,-0.6682455803732644,0,0,6.486160788944089,False,False,False,False,False,False,False,False,False,False,False,False,False,False,False,False,False,False,False,False,True,False,False,False,False,False,True,False,False,False,True,False,False,True,False,False,False,False,True,False
1.6011210104026858,470.34,-0.8621763211399812,1.1443841699122381,-0.9830802414038966,1.1369138261873721,-0.15053763750671667,-0.09544761854796006,0.8325942581574283,-2.3684307366685817,-1.06943690634874,-1.0647662442321755,-1.300425814105269,0,0,6.155579701959949,False,True,False,False,False,False,False,False,False,False,False,False,False,False,False,False,False,False,False,False,True,False,False,False,False,False,True,False,False,False,True,False,False,False,False,False,True,False,False,True
0.4087716575222072,1099.0,1.4987674542268743,1.0241230568582411,-0.2982042368997635,1.1369138261873721,-0.15053763750671667,-0.09544761854796006,1.1064908891743448,0.5951402459298452,3.934090405340473,3.8295728116906047,3.1501230313680426,1,1,7.003065458786462,False,False,False,True,False,False,False,False,False,False,False,False,False,False,False,False,False,False,True,False,False,False,False,False,False,False,True,False,False,False,True,False,False,False,True,False,False,False,False,True
-1.2044068787278503,1599.0,-0.07519506268436271,-1.095479060718465,0.3866717676043696,-0.8024958872632796,-0.15053763750671667,-0.09544761854796006,-0.7594299096283988,0.7927116447697404,0.050997261264770256,0.03224078554361997,0.4406797470538846,1,0,7.3777589082278725,False,False,False,False,False,False,False,False,False,False,False,False,False,False,True,False,False,False,False,False,False,True,False,False,False,False,True,False,False,False,True,False,False,False,True,False,False,False,True,False
0.4087716575222072,298.0,-0.8621763211399812,0.09209943068976037,-0.9830802414038966,1.1369138261873721,-0.15053763750671667,-0.09544761854796006,0.8325942581574283,-2.3684307366685817,-1.06943690634874,-1.0647662442321755,-1.071448973483805,0,0,5.700443573390687,False,False,False,False,False,False,False,False,False,False,False,False,False,False,False,False,False,False,False,False,True,False,False,False,True,False,False,False,False,False,True,False,False,False,False,False,True,False,True,False
0.4087716575222072,1181.27,1.4987674542268743,0.39275221332475374,0.3866717676043696,-0.8024958872632796,-0.15053763750671667,-0.09544761854796006,-0.7594299096283988,0.7927116447697404,0.050997261264770256,0.03224078554361997,-0.12584653946852056,0,0,7.075191598276645,False,False,False,True,False,False,False,False,False,False,False,False,False,False,False,False,False,False,False,False,True,False,False,False,False,False,True,False,False,False,True,False,False,False,True,False,False,False,False,False
-0.012057525847372975,1799.0,1.4987674542268743,-0.4941734954484776,0.3866717676043696,-0.8024958872632796,-0.15053763750671667,-0.09544761854796006,-0.7594299096283988,0.7927116447697404,0.050997261264770256,0.03224078554361997,0.005229362204353892,1,0,7.495541943884256,False,False,False,False,False,False,False,False,False,False,False,False,False,False,True,False,False,False,False,False,False,False,False,False,False,False,True,False,False,False,True,False,False,False,True,False,False,False,False,False
-0.713439498130007,1020.0,-0.8621763211399812,-0.4340429389214788,-0.2982042368997635,-0.8024958872632796,-0.15053763750671667,-0.09544761854796006,-1.0333265406453154,0.0024260494101592586,-1.06943690634874,-1.0647662442321755,-0.8048893079579068,0,1,6.928537818164665,False,False,False,False,False,False,False,False,False,False,False,False,False,False,False,True,False,False,False,False,True,False,False,False,False,False,True,False,False,False,True,False,False,True,False,False,False,False,True,False
0.4087716575222072,1099.0,-0.07519506268436271,0.8737966655407442,-0.9830802414038966,1.1369138261873721,-0.15053763750671667,-0.09544761854796006,0.8325942581574283,0.9902830436096349,0.050997261264770256,0.03224078554361997,-0.12584653946852056,0,0,7.003065458786462,False,False,False,True,False,False,False,False,False,False,False,False,False,False,False,False,False,False,True,False,False,False,False,False,False,False,True,False,False,False,True,False,False,False,True,False,False,False,False,True
-1.765512456553958,1244.0,-0.8621763211399812,-1.1706422563772134,0.3866717676043696,-0.8024958872632796,-0.15053763750671667,-0.09544761854796006,-0.7594299096283988,0.0024260494101592586,-1.06943690634874,-1.0647662442321755,-0.49332304964521606,0,0,7.126890808898808,False,False,False,False,False,False,True,False,False,False,False,False,False,False,False,False,False,False,False,False,False,True,False,False,False,False,True,False,False,False,True,False,False,True,False,False,False,False,True,False
0.4087716575222072,839.0,0.7117861957712558,0.39275221332475374,-0.9830802414038966,3.0763235396380235,-0.15053763750671667,-0.09544761854796006,2.9724116879770883,0.7927116447697404,0.050997261264770256,0.03224078554361997,-0.12584653946852056,1,0,6.733401891837359,False,True,False,False,False,False,False,False,False,False,False,False,False,False,False,False,False,False,False,False,False,False,False,False,False,False,True,False,False,False,True,False,False,False,True,False,False,False,False,True
0.4087716575222072,2370.0,1.4987674542268743,0.6934049959597477,1.7564237766126358,-0.8024958872632796,-0.15053763750671667,-0.09544761854796006,-0.21163664759456588,0.7927116447697404,3.934090405340473,3.8295728116906047,3.1501230313680426,0,0,7.771067086065406,False,False,False,False,False,False,False,False,False,True,False,False,False,False,False,False,False,False,False,False,True,False,False,False,False,False,False,False,True,False,True,False,False,False,True,False,False,False,False,True
-0.713439498130007,636.0,-0.8621763211399812,-0.3588797432627303,-0.2982042368997635,-0.8024958872632796,-0.15053763750671667,-0.09544761854796006,-1.0333265406453154,0.19999744825005455,0.050997261264770256,0.03224078554361997,0.2485897530978847,0,1,6.456769655572163,False,False,False,False,False,False,False,False,False,False,False,False,False,False,False,False,False,False,False,False,True,False,False,False,False,False,True,False,False,False,True,False,True,False,False,False,False,False,True,False
-0.713439498130007,2899.0,1.4987674542268743,-0.13339015628648515,1.7564237766126358,-0.8024958872632796,-0.15053763750671667,-0.09544761854796006,-0.21163664759456588,0.9902830436096349,0.050997261264770256,0.03224078554361997,0.2485897530978847,0,0,7.9724660159745655,False,False,False,False,False,False,False,False,False,False,False,False,False,True,False,False,False,False,True,False,False,False,False,False,False,False,True,False,False,False,True,False,False,False,True,False,False,False,False,True
0.4087716575222072,581.9,-0.07519506268436271,-0.058226960627736635,-0.2982042368997635,-0.8024958872632796,-0.15053763750671667,-0.09544761854796006,-1.0333265406453154,-2.3684307366685817,0.050997261264770256,0.03224078554361997,-0.12584653946852056,0,0,6.368015645051504,False,True,False,False,False,False,False,False,False,False,False,False,False,False,False,False,False,False,False,False,True,False,False,False,False,False,True,False,False,False,True,False,False,False,False,False,True,False,True,False
1.6011210104026858,3588.8,4.646692488049348,3.579671709255688,4.367513543784643,1.1369138261873721,-0.15053763750671667,-0.09544761854796006,2.9724116879770883,0.9902830436096349,0.050997261264770256,0.03224078554361997,-0.4476204786194528,0,1,8.18585176962404,False,False,False,True,False,False,False,False,False,False,False,False,False,False,False,False,False,False,True,False,False,False,False,False,False,False,True,False,False,False,True,False,False,False,True,False,False,False,False,True
1.6011210104026858,2350.0,1.4987674542268743,3.399280039674691,0.3866717676043696,1.1369138261873721,-0.15053763750671667,-0.09544761854796006,1.3803875201912614,0.5951402459298452,0.050997261264770256,0.03224078554361997,-0.4476204786194528,0,1,7.762596048540069,False,True,False,False,False,False,False,False,False,False,False,False,False,False,False,False,False,False,True,False,False,False,False,False,False,False,True,False,False,False,True,False,False,False,True,False,False,False,False,True
-0.713439498130007,1764.0,1.4987674542268743,-0.8549568346104701,1.7564237766126358,-0.8024958872632796,-0.15053763750671667,-0.09544761854796006,-0.21163664759456588,0.5951402459298452,0.050997261264770256,0.03224078554361997,0.2485897530978847,0,1,7.475905969367397,False,False,False,False,False,False,False,False,False,False,False,False,False,False,False,True,False,False,False,False,False,True,False,False,False,False,True,False,False,False,True,False,False,False,True,False,False,False,False,True
0.4087716575222072,329.0,-0.07519506268436271,0.24242582200725737,-0.9830802414038966,1.1369138261873721,-0.15053763750671667,-0.09544761854796006,0.8325942581574283,-1.380573742469106,-1.06943690634874,-1.0647662442321755,-1.071448973483805,0,0,5.799092654460526,False,False,False,False,False,False,False,False,False,True,False,False,False,False,False,False,False,False,False,False,True,False,False,False,False,True,False,False,False,False,True,False,False,False,False,False,True,False,True,False
-0.713439498130007,2299.0,1.4987674542268743,-0.5092061345802273,1.7564237766126358,-0.8024958872632796,-0.15053763750671667,-0.09544761854796006,-0.21163664759456588,0.7927116447697404,0.050997261264770256,0.03224078554361997,0.2485897530978847,0,0,7.7406644019172415,False,False,False,False,False,False,False,False,False,True,False,False,False,False,False,False,False,False,False,False,False,True,False,False,False,False,True,False,False,False,True,False,False,False,True,False,False,False,True,False
-0.713439498130007,1891.0,1.4987674542268743,-0.659532525897724,0.3866717676043696,1.1369138261873721,-0.15053763750671667,-0.09544761854796006,1.3803875201912614,0.9902830436096349,0.050997261264770256,0.03224078554361997,0.2485897530978847,0,1,7.545389749611823,False,False,False,False,False,False,False,False,False,False,True,False,False,False,False,False,False,False,True,False,False,False,False,False,False,False,True,False,False,False,True,False,False,False,True,False,False,False,False,True
0.4087716575222072,1089.0,-0.07519506268436271,0.24242582200725737,-0.2982042368997635,1.1369138261873721,-0.15053763750671667,-0.09544761854796006,1.1064908891743448,0.3975688470899499,0.050997261264770256,0.03224078554361997,-0.12584653946852056,0,0,6.993932975223189,False,False,False,False,False,False,False,False,False,False,True,False,False,False,False,False,False,False,True,False,False,False,False,False,False,False,True,False,False,False,True,False,False,True,False,False,False,False,False,True
0.4087716575222072,999.0,-0.8621763211399812,0.5430786046422508,-0.9830802414038966,1.1369138261873721,-0.15053763750671667,-0.09544761854796006,0.8325942581574283,0.9902830436096349,0.050997261264770256,0.03224078554361997,-0.12584653946852056,0,1,6.907755278982137,False,False,False,False,False,False,False,False,False,True,False,False,False,False,False,False,False,False,True,False,False,False,False,False,False,False,True,False,False,False,True,False,False,False,True,False,False,False,False,True
1.6011210104026858,2299.0,1.4987674542268743,3.248953648357195,0.3866717676043696,1.1369138261873721,-0.15053763750671667,-0.09544761854796006,1.3803875201912614,0.9902830436096349,0.050997261264770256,0.03224078554361997,-0.4476204786194528,0,1,7.7406644019172415,False,False,False,False,False,False,False,False,False,False,False,False,False,False,False,False,False,False,True,False,False,False,False,False,False,False,True,False,False,False,True,False,False,False,True,False,False,False,False,True
0.4087716575222072,985.0,-0.07519506268436271,0.8737966655407442,0.3866717676043696,-0.8024958872632796,-0.15053763750671667,-0.09544761854796006,-0.7594299096283988,0.3975688470899499,0.050997261264770256,0.03224078554361997,-0.12584653946852056,0,0,6.893656354602635,False,False,False,True,False,False,False,False,False,False,False,False,False,False,False,False,False,False,True,False,False,False,False,False,False,False,True,False,False,False,True,False,False,True,False,False,False,False,False,True
0.4087716575222072,1339.0,-0.07519506268436271,0.3025563785342562,-0.2982042368997635,1.1369138261873721,-0.15053763750671667,-0.09544761854796006,1.1064908891743448,0.9902830436096349,0.050997261264770256,0.03224078554361997,-0.12584653946852056,0,0,7.200424892944957,False,True,False,False,False,False,False,False,False,False,False,False,False,False,False,False,False,False,True,False,False,False,False,False,False,False,True,False,False,False,True,False,False,False,True,False,False,False,False,True
-0.713439498130007,202.9,-0.8621763211399812,-1.2307728129042124,-0.9830802414038966,-0.8024958872632796,0.9068776814757729,-0.09544761854796006,-1.2387490139080028,-2.3684307366685817,0.050997261264770256,0.03224078554361997,0.2485897530978847,0,0,5.31762967758041,False,False,False,False,False,False,False,False,False,False,False,False,False,False,False,False,True,False,False,False,True,False,False,False,False,False,True,False,False,False,True,False,False,False,False,False,True,False,True,False
-1.2044068787278503,1970.0,-0.07519506268436271,-1.0052832259279667,1.7564237766126358,-0.8024958872632796,-0.15053763750671667,-0.09544761854796006,-0.21163664759456588,0.7927116447697404,0.050997261264770256,0.03224078554361997,0.4406797470538846,1,1,7.58629630715272,False,False,False,False,False,False,False,False,False,True,False,False,False,False,False,False,False,False,False,False,False,False,False,False,False,False,True,False,False,False,True,False,False,False,True,False,False,False,True,False
0.4087716575222072,959.0,-0.07519506268436271,0.06203415242626097,0.3866717676043696,-0.8024958872632796,-0.15053763750671667,-0.09544761854796006,-0.7594299096283988,0.3975688470899499,0.050997261264770256,0.03224078554361997,-0.12584653946852056,1,0,6.866933284461882,False,False,False,False,False,False,False,False,False,True,False,False,False,False,False,False,False,False,False,False,False,False,False,False,False,False,True,False,False,False,True,False,False,True,False,False,False,False,False,False
-2.116203442695275,1165.0,-0.07519506268436271,-1.681751986856703,-0.9830802414038966,-0.8024958872632796,16.768107466213117,-0.09544761854796006,-0.21163664759456588,-2.170859337828687,0.8276158900799108,1.2980181275926148,1.8509636519554826,0,1,7.061334366910438,True,False,False,False,False,False,False,False,False,False,False,False,False,False,False,False,False,False,False,False,False,True,False,False,False,False,False,False,False,True,True,False,False,False,False,False,True,False,True,False
-0.713439498130007,2330.0,-0.07519506268436271,-0.9301200302692186,0.3866717676043696,-0.8024958872632796,-0.15053763750671667,-0.09544761854796006,-0.7594299096283988,0.3975688470899499,1.345361642623338,1.2980181275926148,1.4653917075655414,1,1,7.754052639035757,False,False,False,False,False,False,False,False,False,True,False,False,False,False,False,False,False,False,False,False,False,False,False,False,False,False,True,False,False,False,True,False,False,True,False,False,False,False,True,False
-0.713439498130007,299.0,-0.8621763211399812,-0.6144346085024752,-0.9830802414038966,-0.8024958872632796,0.9068776814757729,-0.09544761854796006,-1.2387490139080028,-2.3684307366685817,-1.06943690634874,-1.0647662442321755,-0.8048893079579068,0,0,5.703782474656201,False,True,False,False,False,False,False,False,False,False,False,False,False,False,False,False,False,False,False,False,True,False,False,False,False,False,True,False,False,False,True,False,False,False,False,False,True,False,True,False
0.4087716575222072,810.0,-0.07519506268436271,-0.13339015628648515,-0.2982042368997635,-0.8024958872632796,-0.15053763750671667,-0.09544761854796006,-1.0333265406453154,0.3975688470899499,-1.06943690634874,-1.0647662442321755,-1.071448973483805,0,0,6.698268054115413,False,False,False,True,False,False,False,False,False,False,False,False,False,False,False,False,False,False,False,False,True,False,False,False,False,False,True,False,False,False,True,False,False,True,False,False,False,False,True,False
-0.7835776953582702,1349.0,-0.07519506268436271,-0.9902505867962175,0.3866717676043696,-0.8024958872632796,-0.15053763750671667,-0.09544761854796006,-0.7594299096283988,0.7927116447697404,0.050997261264770256,0.03224078554361997,0.27480493343245943,1,1,7.2078598714324755,False,False,False,False,False,False,False,False,False,True,False,False,False,False,False,False,False,False,False,False,False,False,False,False,False,False,True,False,False,False,True,False,False,False,True,False,False,False,True,False
0.4087716575222072,739.0,-0.07519506268436271,-0.058226960627736635,0.3866717676043696,-0.8024958872632796,-0.15053763750671667,-0.09544761854796006,-0.7594299096283988,-0.5902881471095258,0.050997261264770256,0.03224078554361997,-0.12584653946852056,0,0,6.606650186198215,False,False,False,True,False,False,False,False,False,False,False,False,False,False,False,False,False,False,False,False,True,False,False,False,False,False,True,False,False,False,True,False,True,False,False,False,False,False,False,False
0.4087716575222072,2064.9,-0.07519506268436271,1.655493900391728,0.3866717676043696,-0.8024958872632796,-0.15053763750671667,-0.09544761854796006,-0.7594299096283988,0.9902830436096349,0.050997261264770256,0.03224078554361997,-0.12584653946852056,0,0,7.633321245797583,False,False,False,False,False,False,True,False,False,False,False,False,False,False,False,False,False,False,False,False,False,False,True,False,False,False,True,False,False,False,True,False,False,False,True,False,False,False,False,True
0.4087716575222072,1099.0,-0.07519506268436271,0.49798068724700195,0.3866717676043696,-0.8024958872632796,-0.15053763750671667,-0.09544761854796006,-0.7594299096283988,0.3975688470899499,0.050997261264770256,0.03224078554361997,-0.12584653946852056,0,0,7.003065458786462,False,True,False,False,False,False,False,False,False,False,False,False,False,False,False,False,False,False,False,False,True,False,False,False,False,False,True,False,False,False,True,False,False,True,False,False,False,False,True,False
-1.2044068787278503,1499.0,-0.07519506268436271,-1.1255443389819644,0.3866717676043696,-0.8024958872632796,-0.15053763750671667,-0.09544761854796006,-0.7594299096283988,0.3975688470899499,0.050997261264770256,0.03224078554361997,0.4406797470538846,0,0,7.313220387090301,False,False,False,True,False,False,False,False,False,False,False,False,False,False,False,False,False,False,False,False,False,True,False,False,False,False,True,False,False,False,True,False,False,True,False,False,False,False,True,False
0.4087716575222072,1749.0,-0.07519506268436271,0.03196887416276157,0.3866717676043696,-0.8024958872632796,-0.15053763750671667,-0.09544761854796006,-0.7594299096283988,0.3975688470899499,3.934090405340473,3.8295728116906047,3.1501230313680426,1,0,7.4673710669175595,False,False,False,True,False,False,False,False,False,False,False,False,False,False,False,False,False,False,False,False,True,False,False,False,False,False,True,False,False,False,True,False,False,True,False,False,False,False,False,True
-2.396756231608329,744.0,-0.8621763211399812,-0.6144346085024752,-0.2982042368997635,-0.8024958872632796,-0.15053763750671667,-0.09544761854796006,-1.0333265406453154,-2.3684307366685817,-1.06943690634874,-1.0647662442321755,-0.26782610021860753,0,0,6.61338421837956,False,False,False,True,False,False,False,False,False,False,False,False,False,False,False,False,False,False,False,True,False,False,False,False,False,False,True,False,False,False,True,False,False,False,False,False,True,False,True,False
-1.765512456553958,1389.0,-0.07519506268436271,-1.1706422563772134,0.3866717676043696,-0.8024958872632796,-0.15053763750671667,-0.09544761854796006,-0.7594299096283988,0.5951402459298452,-1.06943690634874,-1.0647662442321755,-0.49332304964521606,0,0,7.237059026124737,False,False,False,False,False,False,True,False,False,False,False,False,False,False,False,False,False,False,False,True,False,False,False,False,False,False,True,False,False,False,True,False,False,True,False,False,False,False,True,False
0.4087716575222072,780.0,-0.8621763211399812,0.09209943068976037,-0.9830802414038966,0.16720896946204622,-0.15053763750671667,-0.09544761854796006,-0.2373144567524018,0.0024260494101592586,-1.06943690634874,-1.0647662442321755,-1.071448973483805,0,0,6.660575149839686,False,False,False,False,False,False,False,False,False,False,False,False,False,False,False,True,False,False,False,False,True,False,False,False,False,False,True,False,False,False,True,False,False,True,False,False,False,False,True,False
0.4087716575222072,629.0,-0.07519506268436271,0.0019035958992621705,-0.9830802414038966,3.0763235396380235,-0.15053763750671667,-0.09544761854796006,2.9724116879770883,0.3975688470899499,-1.06943690634874,-1.0647662442321755,-1.071448973483805,0,0,6.4457198193855785,False,False,False,False,False,False,True,False,False,False,False,False,False,False,False,False,False,False,False,False,True,False,False,False,False,False,True,False,False,False,False,False,False,False,False,False,False,False,False,False
0.4087716575222072,1679.0,1.4987674542268743,0.8737966655407442,1.7564237766126358,-0.8024958872632796,-0.15053763750671667,-0.09544761854796006,-0.21163664759456588,0.9902830436096349,3.934090405340473,3.8295728116906047,3.1501230313680426,0,0,7.426549072397305,False,False,False,True,False,False,False,False,False,False,False,False,False,False,False,False,False,False,True,False,False,False,False,False,False,False,True,False,False,False,True,False,False,False,True,False,False,False,False,True
0.4087716575222072,609.0,-0.8621763211399812,0.5430786046422508,-0.9830802414038966,1.1369138261873721,-0.15053763750671667,-0.09544761854796006,0.8325942581574283,0.3975688470899499,0.050997261264770256,0.03224078554361997,-0.12584653946852056,0,0,6.413458957167357,False,False,False,False,False,False,False,False,False,True,False,False,False,False,False,False,False,False,False,False,True,False,False,False,False,False,True,False,False,False,True,False,False,True,False,False,False,False,False,True
1.6011210104026858,1749.0,0.7117861957712558,2.5574522482967095,-0.9830802414038966,1.1369138261873721,-0.15053763750671667,-0.09544761854796006,0.8325942581574283,0.9902830436096349,0.050997261264770256,0.03224078554361997,-0.4476204786194528,0,1,7.4673710669175595,False,False,False,False,False,False,True,False,False,False,False,False,False,False,False,False,False,False,True,False,False,False,False,False,False,False,True,False,False,False,True,False,False,False,True,False,False,False,False,False
1.6011210104026858,2415.0,1.4987674542268743,1.2947105612297352,1.7564237766126358,1.1369138261873721,-0.15053763750671667,-0.09544761854796006,1.9281807822250943,0.9902830436096349,0.050997261264770256,0.03224078554361997,-0.4476204786194528,0,0,7.789868559054706,False,False,False,False,False,False,False,False,False,False,True,False,False,False,False,False,False,False,True,False,False,False,False,False,False,False,True,False,False,False,True,False,False,False,True,False,False,False,False,True
-1.2044068787278503,1499.0,-0.07519506268436271,-1.8471110173059493,0.3866717676043696,-0.8024958872632796,-0.15053763750671667,-0.09544761854796006,-0.7594299096283988,0.3975688470899499,0.050997261264770256,0.03224078554361997,0.4406797470538846,0,0,7.313220387090301,False,False,False,False,False,False,False,False,False,False,False,False,False,False,True,False,False,False,False,False,False,True,False,False,False,False,True,False,False,False,True,False,False,True,False,False,False,False,True,False
0.4087716575222072,961.0,-0.07519506268436271,-0.08829223889123604,-0.9830802414038966,1.1369138261873721,-0.15053763750671667,-0.09544761854796006,0.8325942581574283,0.7927116447697404,0.050997261264770256,0.03224078554361997,-0.12584653946852056,0,0,6.8690144506657065,False,False,False,True,False,False,False,False,False,False,False,False,False,False,False,False,False,False,False,False,True,False,False,False,False,False,True,False,False,False,True,False,False,False,True,False,False,False,False,True
0.4087716575222072,789.81,-0.07519506268436271,0.21236054374375798,0.3866717676043696,-0.8024958872632796,-0.15053763750671667,-0.09544761854796006,-0.7594299096283988,0.3975688470899499,0.050997261264770256,0.03224078554361997,-0.12584653946852056,0,0,6.673057736638866,False,False,False,True,False,False,False,False,False,False,False,False,False,False,False,False,False,False,False,False,True,False,False,False,False,False,True,False,False,False,True,False,False,True,False,False,False,False,False,False
-0.713439498130007,1859.0,-0.07519506268436271,-1.0804464215867153,0.3866717676043696,-0.8024958872632796,-0.15053763750671667,-0.09544761854796006,-0.7594299096283988,0.7927116447697404,0.050997261264770256,0.03224078554361997,0.2485897530978847,0,0,7.528331766707247,False,False,False,False,False,False,False,False,False,True,False,False,False,False,False,False,False,False,False,False,False,True,False,False,False,False,True,False,False,False,True,False,False,False,True,False,False,False,True,False
-1.765512456553958,1799.0,1.4987674542268743,-1.1255443389819644,1.7564237766126358,-0.8024958872632796,-0.15053763750671667,-0.09544761854796006,-0.21163664759456588,0.3975688470899499,3.934090405340473,3.8295728116906047,4.7752322193653605,1,1,7.495541943884256,False,False,False,False,False,False,False,False,False,False,False,False,False,True,False,False,False,False,False,False,False,True,False,False,False,False,True,False,False,False,True,False,False,False,True,False,False,False,True,False
-2.396756231608329,385.0,-0.8621763211399812,-1.2157401737724627,-0.9830802414038966,-0.8024958872632796,0.3781700219845281,-0.09544761854796006,-1.2729860927851173,-1.380573742469106,-1.06943690634874,-1.0647662442321755,-0.26782610021860753,0,0,5.955837369464831,False,False,False,False,False,False,True,False,False,False,False,False,False,False,False,False,False,False,False,True,False,False,False,True,False,False,False,False,False,False,True,False,False,False,False,False,True,False,True,False
1.6011210104026858,2505.02,1.4987674542268743,3.48947587446519,-0.2982042368997635,1.1369138261873721,-0.15053763750671667,-0.09544761854796006,1.1064908891743448,0.9902830436096349,0.050997261264770256,0.03224078554361997,-0.4476204786194528,0,1,7.826451116270136,False,False,False,True,False,False,False,False,False,False,False,False,False,False,False,False,False,False,True,False,False,False,False,False,False,False,True,False,False,False,True,False,False,False,True,False,False,False,False,True
-0.713439498130007,755.0,-0.8621763211399812,-0.41901029978972915,-0.9830802414038966,0.16720896946204622,-0.15053763750671667,-0.09544761854796006,-0.2373144567524018,0.0024260494101592586,-1.06943690634874,-1.0647662442321755,-0.8048893079579068,0,0,6.628041376179533,False,False,False,True,False,False,False,False,False,False,False,False,False,False,False,False,False,False,False,False,True,False,False,False,False,False,True,False,False,False,True,False,False,True,False,False,False,False,True,False
0.4087716575222072,489.9,-0.8621763211399812,0.09209943068976037,-0.9830802414038966,0.16720896946204622,-0.15053763750671667,-0.09544761854796006,-0.2373144567524018,-0.5902881471095258,-1.06943690634874,-1.0647662442321755,-1.071448973483805,0,0,6.196240441064007,False,False,False,False,False,False,False,False,False,True,False,False,False,False,False,False,False,False,False,False,True,False,False,False,False,False,True,False,False,False,True,False,True,False,False,False,False,False,True,False
-0.713439498130007,1090.0,-0.8621763211399812,-1.185674895508963,-0.2982042368997635,-0.8024958872632796,-0.15053763750671667,-0.09544761854796006,-1.0333265406453154,0.3975688470899499,-1.06943690634874,-1.0647662442321755,-0.8048893079579068,0,0,6.994849985833071,False,False,False,False,False,False,False,False,False,False,False,False,False,False,False,True,False,False,False,False,False,True,False,False,False,False,True,False,False,False,True,False,False,True,False,False,False,False,True,False
-0.713439498130007,2499.0,-0.07519506268436271,-1.3660665650899597,1.7564237766126358,-0.8024958872632796,-0.15053763750671667,-0.09544761854796006,-0.21163664759456588,0.7927116447697404,0.050997261264770256,0.03224078554361997,0.2485897530978847,0,1,7.824046010856292,False,False,False,False,False,False,False,False,False,True,False,False,False,False,False,False,False,False,False,False,False,True,False,False,False,False,True,False,False,False,True,False,False,False,True,False,False,False,True,False
0.4087716575222072,1199.0,-0.07519506268436271,0.5430786046422508,0.3866717676043696,-0.8024958872632796,-0.15053763750671667,-0.09544761854796006,-0.7594299096283988,0.3975688470899499,0.050997261264770256,0.03224078554361997,-0.12584653946852056,0,0,7.090076835776092,False,False,False,False,False,False,False,False,False,False,True,False,False,False,False,False,False,False,True,False,False,False,False,False,False,False,True,False,False,False,True,False,False,True,False,False,False,False,False,True
-0.713439498130007,1875.0,-0.07519506268436271,-1.3660665650899597,-0.9830802414038966,-0.8024958872632796,8.308784914353199,-0.09544761854796006,-0.7594299096283988,0.3975688470899499,0.050997261264770256,0.03224078554361997,0.2485897530978847,0,1,7.53689712956617,False,False,False,False,False,False,False,False,False,True,False,False,False,False,False,False,False,False,False,False,False,True,False,False,False,False,True,False,False,False,True,False,False,True,False,False,False,False,True,False
-0.713439498130007,499.0,-0.8621763211399812,-0.4340429389214788,-0.2982042368997635,-0.8024958872632796,-0.15053763750671667,-0.09544761854796006,-1.0333265406453154,-0.3927167482696305,-1.06943690634874,-1.0647662442321755,-0.8048893079579068,0,0,6.214608098422191,False,False,False,False,False,False,False,False,False,False,False,False,False,False,False,True,False,False,False,False,True,False,False,False,False,False,True,False,False,False,True,False,False,False,False,False,True,False,True,False
-1.2044068787278503,1358.0,-0.07519506268436271,-1.4111644824852083,0.3866717676043696,-0.8024958872632796,-0.15053763750671667,-0.09544761854796006,-0.7594299096283988,0.3975688470899499,0.050997261264770256,0.03224078554361997,0.4406797470538846,1,0,7.214504414151143,False,True,False,False,False,False,False,False,False,False,False,False,False,False,False,False,False,False,False,False,False,False,False,False,False,False,True,False,False,False,True,False,False,True,False,False,False,False,True,False
-0.713439498130007,585.0,-0.8621763211399812,-0.41901029978972915,-0.9830802414038966,0.16720896946204622,-0.15053763750671667,-0.09544761854796006,-0.2373144567524018,-0.5902881471095258,-1.06943690634874,-1.0647662442321755,-0.8048893079579068,0,0,6.373319789577012,False,False,False,True,False,False,False,False,False,False,False,False,False,False,False,False,False,False,False,False,True,False,False,False,False,False,True,False,False,False,True,False,True,False,False,False,False,False,True,False
-2.396756231608329,355.0,-0.8621763211399812,-1.0353485041914663,-0.9830802414038966,-0.8024958872632796,0.9068776814757729,-0.09544761854796006,-1.2387490139080028,-1.380573742469106,-1.06943690634874,-1.0647662442321755,-0.26782610021860753,0,1,5.87493073085203,False,False,False,False,False,False,False,False,False,False,False,False,False,False,False,False,False,False,False,True,False,False,False,True,False,False,False,False,False,False,True,False,False,False,False,False,True,False,True,False
-0.713439498130007,619.0,-0.07519506268436271,-0.809858917215221,-0.2982042368997635,-0.8024958872632796,-0.15053763750671667,-0.09544761854796006,-1.0333265406453154,0.19999744825005455,0.050997261264770256,0.03224078554361997,0.2485897530978847,0,1,6.429719478039138,False,False,False,False,False,False,False,False,False,False,False,False,False,False,False,False,False,False,False,False,True,False,False,False,False,False,True,False,False,False,True,False,True,False,False,False,False,False,True,False
1.6011210104026858,5499.0,4.646692488049348,2.1816362700029672,1.7564237766126358,-0.8024958872632796,-0.15053763750671667,-0.09544761854796006,-0.21163664759456588,1.1878544424495303,3.934090405340473,3.8295728116906047,2.506343160319854,1,0,8.612503371220562,False,False,False,False,False,False,False,False,False,False,False,False,False,True,False,False,False,False,True,False,False,False,False,False,False,False,True,False,False,False,True,False,False,False,True,False,False,False,False,True
-0.713439498130007,2099.0,1.4987674542268743,-1.4111644824852083,1.7564237766126358,-0.8024958872632796,-0.15053763750671667,-0.09544761854796006,-0.21163664759456588,0.5951402459298452,1.345361642623338,1.2980181275926148,1.4653917075655414,0,1,7.649692623711514,False,False,False,False,False,False,False,False,False,True,False,False,False,False,False,False,False,False,False,False,False,True,False,False,False,False,True,False,False,False,True,False,False,False,True,False,False,False,True,False
0.4087716575222072,519.0,-0.8621763211399812,0.09209943068976037,-0.9830802414038966,1.1369138261873721,-0.15053763750671667,-0.09544761854796006,0.8325942581574283,0.3975688470899499,0.050997261264770256,0.03224078554361997,-0.12584653946852056,0,0,6.253828811575473,False,True,False,False,False,False,False,False,False,False,False,False,False,False,False,False,False,False,False,False,True,False,False,False,True,False,False,False,False,False,True,False,False,True,False,False,False,False,False,True
-0.713439498130007,1186.0,-0.07519506268436271,-0.5092061345802273,0.3866717676043696,-0.8024958872632796,-0.15053763750671667,-0.09544761854796006,-0.7594299096283988,0.0024260494101592586,0.050997261264770256,0.03224078554361997,0.2485897530978847,0,0,7.079184394609668,False,False,False,False,False,False,False,False,False,True,False,False,False,False,False,False,False,False,False,False,True,False,False,False,False,False,True,False,False,False,True,False,False,True,False,False,False,False,True,False
-0.713439498130007,1650.0,-0.07519506268436271,-1.0804464215867153,0.3866717676043696,-0.8024958872632796,-0.15053763750671667,-0.09544761854796006,-0.7594299096283988,0.5951402459298452,0.050997261264770256,0.03224078554361997,0.2485897530978847,0,1,7.409136443920128,False,False,False,False,False,False,False,False,False,True,False,False,False,False,False,False,False,False,False,False,True,False,False,False,False,False,True,False,False,False,True,False,False,True,False,False,False,False,True,False
0.4087716575222072,2774.63,1.4987674542268743,1.7607223743139755,0.3866717676043696,1.1369138261873721,-0.15053763750671667,-0.09544761854796006,1.3803875201912614,0.9902830436096349,0.050997261264770256,0.03224078554361997,-0.12584653946852056,0,0,7.928633027440826,False,False,False,True,False,False,False,False,False,False,False,False,False,False,False,False,False,False,True,False,False,False,False,False,False,False,True,False,False,False,True,False,False,False,True,False,False,False,False,True
1.6011210104026858,2419.0,1.4987674542268743,1.2947105612297352,0.3866717676043696,1.1369138261873721,-0.15053763750671667,-0.09544761854796006,1.3803875201912614,0.9902830436096349,0.050997261264770256,0.03224078554361997,-0.4476204786194528,0,0,7.791522819150732,False,True,False,False,False,False,False,False,False,False,False,False,False,False,False,False,False,False,True,False,False,False,False,False,False,False,True,False,False,False,True,False,False,False,True,False,False,False,False,True
0.4087716575222072,669.0,-0.8621763211399812,-0.058226960627736635,-0.9830802414038966,0.16720896946204622,-0.15053763750671667,-0.09544761854796006,-0.2373144567524018,0.19999744825005455,-1.06943690634874,-1.0647662442321755,-1.071448973483805,0,0,6.507277712385012,False,False,False,False,False,False,False,False,False,False,False,False,False,False,False,True,False,False,False,False,True,False,False,False,False,False,True,False,False,False,True,False,True,False,False,False,False,False,True,False
-0.713439498130007,325.0,-0.8621763211399812,-0.809858917215221,-0.9830802414038966,-0.8024958872632796,0.3781700219845281,-0.09544761854796006,-1.2729860927851173,-1.380573742469106,-1.06943690634874,-1.0647662442321755,-0.8048893079579068,0,0,5.786897381366708,False,False,False,False,False,False,False,False,False,True,False,False,False,False,False,False,False,False,False,False,True,False,False,True,False,False,False,False,False,False,True,False,False,False,False,False,True,False,True,False
0.4087716575222072,590.0,-0.07519506268436271,0.39275221332475374,-0.9830802414038966,-0.5542514439415962,-0.15053763750671667,-0.09544761854796006,-1.0333265406453154,0.3975688470899499,0.050997261264770256,0.03224078554361997,-0.12584653946852056,0,0,6.3818160174060985,False,True,False,False,False,False,False,False,False,False,False,False,False,False,False,False,False,False,False,False,True,False,False,False,False,False,True,False,False,False,True,False,False,True,False,False,False,False,True,False
1.6011210104026858,1799.0,1.4987674542268743,1.0391556959899906,1.7564237766126358,1.1369138261873721,-0.15053763750671667,-0.09544761854796006,1.9281807822250943,0.5951402459298452,0.050997261264770256,0.03224078554361997,-0.4476204786194528,0,0,7.495541943884256,False,True,False,False,False,False,False,False,False,False,False,False,False,False,False,False,False,False,True,False,False,False,False,False,False,False,True,False,False,False,True,False,False,False,True,False,False,False,False,True
1.6011210104026858,3072.89,4.646692488049348,3.579671709255688,1.7564237766126358,1.1369138261873721,-0.15053763750671667,-0.09544761854796006,1.9281807822250943,0.9902830436096349,0.050997261264770256,0.03224078554361997,-0.4476204786194528,0,1,8.030699139463483,False,False,False,True,False,False,False,False,False,False,False,False,False,False,False,False,False,False,True,False,False,False,False,False,False,False,True,False,False,False,True,False,False,False,True,False,False,False,False,True
1.6011210104026858,910.0,-0.07519506268436271,0.8888293046724935,-0.9830802414038966,1.1369138261873721,-0.15053763750671667,-0.09544761854796006,0.8325942581574283,0.3975688470899499,-0.5961849294145135,-0.6006478854808774,-0.9401410790646072,0,0,6.814542897259958,False,False,False,False,False,False,True,False,False,False,False,False,False,False,False,False,False,False,False,False,True,False,False,False,False,False,True,False,False,False,True,False,False,True,False,False,False,False,False,True
0.4087716575222072,713.99,-0.07519506268436271,0.21236054374375798,-0.2982042368997635,-0.8024958872632796,-0.15053763750671667,-0.09544761854796006,-1.0333265406453154,0.3975688470899499,-1.06943690634874,-1.0647662442321755,-1.071448973483805,0,0,6.572268556582216,False,False,False,True,False,False,False,False,False,False,False,False,False,False,False,False,False,False,False,False,True,False,False,False,False,False,True,False,False,False,True,False,False,True,False,False,False,False,True,False
-0.713439498130007,1870.0,-0.07519506268436271,-0.7497283606882222,1.7564237766126358,-0.8024958872632796,-0.15053763750671667,-0.09544761854796006,-0.21163664759456588,0.3975688470899499,0.050997261264770256,0.03224078554361997,0.2485897530978847,0,0,7.534228326274089,False,False,False,False,False,False,True,False,False,False,False,False,False,False,False,False,False,False,False,False,False,True,False,False,False,False,False,False,True,False,True,False,False,False,True,False,False,False,True,False
0.4087716575222072,739.0,-0.8621763211399812,0.21236054374375798,0.3866717676043696,-0.8024958872632796,-0.15053763750671667,-0.09544761854796006,-0.7594299096283988,0.7927116447697404,0.050997261264770256,0.03224078554361997,-0.12584653946852056,0,0,6.606650186198215,False,False,False,True,False,False,False,False,False,False,False,False,False,False,False,False,False,False,False,False,True,False,False,False,False,False,True,False,False,False,True,False,False,False,True,False,False,False,False,False
-2.396756231608329,615.0,-0.8621763211399812,-0.960185308532718,-0.9830802414038966,-0.8024958872632796,0.9068776814757729,-0.09544761854796006,-1.2387490139080028,-2.3684307366685817,-1.06943690634874,-1.0647662442321755,-0.26782610021860753,1,0,6.423246963533519,False,False,False,False,False,False,True,False,False,False,False,False,False,False,False,False,False,False,False,False,False,False,False,True,False,False,False,False,False,False,True,False,False,False,False,False,True,False,True,False
-1.2044068787278503,1026.0,-0.07519506268436271,-0.8850221128739695,1.7564237766126358,-0.8024958872632796,-0.15053763750671667,-0.09544761854796006,-0.21163664759456588,0.0024260494101592586,0.050997261264770256,0.03224078554361997,0.4406797470538846,0,1,6.934397209928558,False,True,False,False,False,False,False,False,False,False,False,False,False,False,False,False,False,False,False,False,False,True,False,False,False,False,True,False,False,False,True,False,False,True,False,False,False,False,False,True
-1.2044068787278503,2277.0,-0.07519506268436271,-1.140576978113714,0.3866717676043696,-0.8024958872632796,-0.15053763750671667,-0.09544761854796006,-0.7594299096283988,0.3975688470899499,0.050997261264770256,0.03224078554361997,0.4406797470538846,1,0,7.731053144007127,False,False,False,False,False,False,True,False,False,False,False,False,False,False,False,False,False,False,False,False,False,False,False,False,False,False,True,False,False,False,True,False,False,True,False,False,False,False,True,False
-0.713439498130007,1468.0,-0.07519506268436271,-0.7497283606882222,1.7564237766126358,-0.8024958872632796,-0.15053763750671667,-0.09544761854796006,-0.21163664759456588,0.3975688470899499,0.050997261264770256,0.03224078554361997,0.2485897530978847,0,0,7.292337176173877,False,False,False,False,False,False,True,False,False,False,False,False,False,False,False,False,False,False,False,False,False,True,False,False,False,False,True,False,False,False,True,False,False,False,True,False,False,False,True,False
0.4087716575222072,299.0,-0.8621763211399812,-0.2686839084722321,-0.2982042368997635,-0.8024958872632796,-0.15053763750671667,-0.09544761854796006,-1.0333265406453154,-1.380573742469106,-1.06943690634874,-1.0647662442321755,-1.071448973483805,0,0,5.703782474656201,False,False,False,False,False,False,True,False,False,False,False,False,False,False,False,False,False,False,False,False,True,False,False,False,False,True,False,False,False,False,True,False,False,False,False,False,True,False,True,False
0.4087716575222072,1899.0,1.4987674542268743,0.09209943068976037,-0.2982042368997635,1.1369138261873721,-0.15053763750671667,-0.09544761854796006,1.1064908891743448,0.9902830436096349,0.050997261264770256,0.03224078554361997,-0.12584653946852056,0,0,7.549609165154532,False,True,False,False,False,False,False,False,False,False,False,False,False,False,False,False,False,False,True,False,False,False,False,False,False,False,True,False,False,False,True,False,False,False,True,False,False,False,False,True
1.6011210104026858,865.0,-0.07519506268436271,1.1894820873074876,-0.9830802414038966,1.1369138261873721,-0.15053763750671667,-0.09544761854796006,0.8325942581574283,0.7927116447697404,0.050997261264770256,0.03224078554361997,-0.4476204786194528,0,0,6.763884908562435,False,False,False,True,False,False,False,False,False,False,False,False,False,False,False,False,False,False,False,False,True,False,False,False,True,False,False,False,False,False,True,False,False,False,True,False,False,False,False,False
-0.713439498130007,1903.0,-0.07519506268436271,-0.11835751715473544,0.3866717676043696,-0.8024958872632796,-0.15053763750671667,-0.09544761854796006,-0.7594299096283988,0.9902830436096349,0.050997261264770256,0.03224078554361997,0.2485897530978847,0,1,7.55171221535131,False,False,False,False,False,False,False,False,False,True,False,False,False,False,False,False,False,False,False,False,False,True,False,False,False,False,True,False,False,False,True,False,False,False,True,False,False,False,False,True
0.4087716575222072,787.0,-0.07519506268436271,0.39275221332475374,0.3866717676043696,-0.8024958872632796,-0.15053763750671667,-0.09544761854796006,-0.7594299096283988,0.7927116447697404,0.050997261264770256,0.03224078554361997,-0.12584653946852056,0,1,6.669498089857879,False,True,False,False,False,False,False,False,False,False,False,False,False,False,False,False,False,False,False,False,True,False,False,False,False,False,True,False,False,False,True,False,False,False,True,False,False,False,False,True
0.4087716575222072,945.0,-0.07519506268436271,-0.20855335194523364,-0.2982042368997635,-0.8024958872632796,-0.15053763750671667,-0.09544761854796006,-1.0333265406453154,0.3975688470899499,0.050997261264770256,0.03224078554361997,-0.12584653946852056,0,0,6.852242569051878,False,False,False,True,False,False,False,False,False,False,False,False,False,False,False,False,False,False,False,False,True,False,False,False,False,False,True,False,False,False,True,False,False,True,False,False,False,False,True,False
0.4087716575222072,449.0,-0.8621763211399812,-0.058226960627736635,-0.9830802414038966,1.1369138261873721,-0.15053763750671667,-0.09544761854796006,0.8325942581574283,-2.3684307366685817,-1.06943690634874,-1.0647662442321755,-1.071448973483805,0,0,6.1092475827643655,False,True,False,False,False,False,False,False,False,False,False,False,False,False,False,False,False,False,False,False,True,False,False,False,False,False,True,False,False,False,True,False,False,False,False,False,True,False,True,False
-1.2044068787278503,2559.0,-0.07519506268436271,-1.140576978113714,0.3866717676043696,-0.8024958872632796,-0.15053763750671667,-0.09544761854796006,-0.7594299096283988,0.9902830436096349,0.050997261264770256,0.03224078554361997,0.4406797470538846,1,0,7.847762537473608,False,False,False,False,False,False,True,False,False,False,False,False,False,False,False,False,False,False,False,False,False,False,False,False,False,False,True,False,False,False,True,False,False,False,True,False,False,False,True,False
-1.2044068787278503,649.0,-0.07519506268436271,-0.6294672476342246,-0.9830802414038966,1.1369138261873721,-0.15053763750671667,-0.09544761854796006,0.8325942581574283,0.0024260494101592586,0.050997261264770256,0.03224078554361997,0.4406797470538846,1,0,6.476972362889683,False,False,False,True,False,False,False,False,False,False,False,False,False,False,False,False,False,False,False,False,True,False,False,False,False,False,True,False,False,False,True,False,False,True,False,False,False,False,True,False
0.4087716575222072,469.0,-0.8621763211399812,0.24242582200725737,-0.9830802414038966,1.1369138261873721,-0.15053763750671667,-0.09544761854796006,0.8325942581574283,-0.5902881471095258,0.050997261264770256,0.03224078554361997,-0.12584653946852056,0,0,6.152732694704104,False,False,False,False,False,False,False,False,False,True,False,False,False,False,False,False,False,False,False,False,True,False,False,False,False,True,False,False,False,False,True,False,True,False,False,False,False,False,True,False
0.4087716575222072,850.66,-0.07519506268436271,0.39275221332475374,-0.9830802414038966,1.1369138261873721,-0.15053763750671667,-0.09544761854796006,0.8325942581574283,0.3975688470899499,0.050997261264770256,0.03224078554361997,-0.12584653946852056,0,1,6.747187386150408,False,False,False,False,False,False,False,False,False,True,False,False,False,False,False,False,False,False,False,False,True,False,False,False,False,False,True,False,False,False,True,False,False,True,False,False,False,False,True,False
0.4087716575222072,1349.0,-0.07519506268436271,-0.29874918673573153,0.3866717676043696,-0.8024958872632796,-0.15053763750671667,-0.09544761854796006,-0.7594299096283988,0.5951402459298452,0.050997261264770256,0.03224078554361997,-0.12584653946852056,0,0,7.2078598714324755,False,False,False,False,False,False,True,False,False,False,False,False,False,False,False,False,False,False,False,False,True,False,False,False,False,False,True,False,False,False,True,False,False,True,False,False,False,False,False,False
-1.2044068787278503,1285.0,-0.8621763211399812,-1.486327678143957,-0.2982042368997635,-0.8024958872632796,-0.15053763750671667,-0.09544761854796006,-1.0333265406453154,0.3975688470899499,0.050997261264770256,0.03224078554361997,0.4406797470538846,0,0,7.1592919047975645,False,False,False,False,False,False,False,False,False,False,False,False,False,False,False,True,False,False,False,False,True,False,False,False,False,False,True,False,False,False,True,False,False,True,False,False,False,False,True,False
0.4087716575222072,1017.0,-0.07519506268436271,0.6934049959597477,-0.9830802414038966,1.1369138261873721,-0.15053763750671667,-0.09544761854796006,0.8325942581574283,0.3975688470899499,0.050997261264770256,0.03224078554361997,-0.12584653946852056,0,1,6.925595197110468,False,False,False,False,False,False,False,False,False,True,False,False,False,False,False,False,False,False,True,False,False,False,False,False,False,True,False,False,False,False,True,False,False,True,False,False,False,False,False,True
-1.2044068787278503,2240.0,1.4987674542268743,-1.1255443389819644,1.7564237766126358,-0.8024958872632796,-0.15053763750671667,-0.09544761854796006,-0.21163664759456588,0.3975688470899499,2.6397260239819054,2.56379546964161,3.002343651959864,1,0,7.714677473800927,False,False,False,True,False,False,False,False,False,False,False,False,False,False,False,False,False,False,False,False,False,True,False,False,False,False,True,False,False,False,True,False,False,False,True,False,False,False,True,False
0.4087716575222072,910.0,-0.8621763211399812,0.04700151329451094,-0.9830802414038966,0.16720896946204622,-0.15053763750671667,-0.09544761854796006,-0.2373144567524018,0.0024260494101592586,0.050997261264770256,0.03224078554361997,-0.12584653946852056,0,0,6.814542897259958,False,False,False,False,False,False,True,False,False,False,False,False,False,False,False,False,False,False,False,False,True,False,False,False,False,False,True,False,False,False,True,False,False,True,False,False,False,False,True,False
-1.2044068787278503,1095.0,-0.07519506268436271,-1.2608380911677117,0.3866717676043696,-0.8024958872632796,-0.15053763750671667,-0.09544761854796006,-0.7594299096283988,0.0024260494101592586,-1.06943690634874,-1.0647662442321755,-0.6682455803732644,0,0,6.999422467507961,False,False,False,False,False,False,False,False,False,False,False,False,False,False,False,True,False,False,False,False,False,True,False,False,False,False,True,False,False,False,True,False,False,True,False,False,False,False,True,False
-1.2044068787278503,1950.0,-0.07519506268436271,-1.0052832259279667,0.3866717676043696,-0.8024958872632796,-0.15053763750671667,-0.09544761854796006,-0.7594299096283988,0.7927116447697404,0.050997261264770256,0.03224078554361997,0.4406797470538846,1,1,7.576097340623111,False,False,False,False,False,False,False,False,False,True,False,False,False,False,False,False,False,False,False,False,False,False,False,False,False,False,True,False,False,False,True,False,False,False,True,False,False,False,True,False
-0.713439498130007,902.0,-0.07519506268436271,-0.7196630824247228,0.3866717676043696,-0.8024958872632796,-0.15053763750671667,-0.09544761854796006,-0.7594299096283988,0.3975688470899499,0.050997261264770256,0.03224078554361997,0.2485897530978847,0,1,6.805722553416985,False,False,False,False,False,False,False,False,False,False,False,False,False,False,False,False,False,False,False,False,True,False,False,False,False,False,True,False,False,False,True,False,False,True,False,False,False,False,True,False
0.4087716575222072,1778.0,-0.07519506268436271,0.28752373940250614,-0.9830802414038966,1.1369138261873721,-0.15053763750671667,-0.09544761854796006,0.8325942581574283,0.9902830436096349,0.050997261264770256,0.03224078554361997,-0.12584653946852056,0,0,7.483806687665835,False,False,False,True,False,False,False,False,False,False,False,False,False,False,False,False,False,False,False,False,False,False,True,False,False,False,True,False,False,False,True,False,False,False,True,False,False,False,False,True
0.4087716575222072,1055.0,-0.8621763211399812,0.5130133263787513,-0.9830802414038966,0.16720896946204622,-0.15053763750671667,-0.09544761854796006,-0.2373144567524018,0.3975688470899499,-1.06943690634874,-1.0647662442321755,-1.071448973483805,0,0,6.962243464266207,False,False,False,False,False,False,False,False,False,True,False,False,False,False,False,False,False,False,False,False,True,False,False,False,False,False,True,False,False,False,True,False,False,True,False,False,False,False,True,False
0.4087716575222072,479.0,-0.8621763211399812,0.24242582200725737,-0.9830802414038966,1.1369138261873721,-0.15053763750671667,-0.09544761854796006,0.8325942581574283,-0.5902881471095258,0.050997261264770256,0.03224078554361997,-0.12584653946852056,0,0,6.173786103901937,False,False,False,False,False,False,False,False,False,True,False,False,False,False,False,False,False,False,False,False,True,False,False,False,False,True,False,False,False,False,True,False,True,False,False,False,False,False,False,False
0.4087716575222072,1388.0,-0.07519506268436271,-0.058226960627736635,0.3866717676043696,-0.8024958872632796,-0.15053763750671667,-0.09544761854796006,-0.7594299096283988,0.7927116447697404,0.050997261264770256,0.03224078554361997,-0.12584653946852056,0,1,7.236339342754344,False,False,False,False,False,False,False,False,False,False,False,False,False,False,False,True,False,False,False,False,True,False,False,False,False,False,True,False,False,False,True,False,False,False,True,False,False,False,True,False
-1.2044068787278503,735.0,-0.8621763211399812,-0.9000547520057193,-0.019973360069959433,-0.8024958872632796,-0.15053763750671667,-0.09544761854796006,-0.9220560342946931,0.19999744825005455,0.050997261264770256,0.03224078554361997,0.4406797470538846,0,1,6.601230118728877,False,False,False,False,False,False,False,False,False,True,False,False,False,False,False,False,False,False,False,False,True,False,False,False,False,False,True,False,False,False,True,False,True,False,False,False,False,False,True,False
-0.012057525847372975,1849.0,1.4987674542268743,-1.2157401737724627,0.3866717676043696,-0.8024958872632796,-0.15053763750671667,-0.09544761854796006,-0.7594299096283988,0.7927116447697404,0.050997261264770256,0.03224078554361997,0.005229362204353892,0,0,7.52294091807237,False,False,False,False,False,False,False,False,False,False,False,False,False,False,True,False,False,False,False,False,False,True,False,False,False,False,True,False,False,False,True,False,False,False,True,False,False,False,False,True
-1.765512456553958,1690.0,-0.07519506268436271,-0.659532525897724,0.3866717676043696,-0.8024958872632796,-0.15053763750671667,-0.09544761854796006,-0.7594299096283988,0.9902830436096349,0.050997261264770256,0.03224078554361997,0.6865920581569761,0,0,7.43307534889858,False,False,False,True,False,False,False,False,False,False,False,False,False,False,False,False,False,False,False,False,False,True,False,False,False,False,True,False,False,False,True,False,False,False,True,False,False,False,True,False
0.4087716575222072,398.99,-0.8621763211399812,-0.058226960627736635,-0.9830802414038966,1.1369138261873721,-0.15053763750671667,-0.09544761854796006,0.8325942581574283,-2.3684307366685817,-1.06943690634874,-1.0647662442321755,-1.071448973483805,0,0,5.991439546795477,False,True,False,False,False,False,False,False,False,False,False,False,False,False,False,False,False,False,False,False,True,False,False,False,True,False,False,False,False,False,True,False,False,False,False,False,True,False,True,False
-1.2044068787278503,935.0,-0.07519506268436271,-1.140576978113714,0.3866717676043696,-0.8024958872632796,-0.15053763750671667,-0.09544761854796006,-0.7594299096283988,0.0024260494101592586,0.050997261264770256,0.03224078554361997,0.4406797470538846,0,1,6.841615476477592,False,False,False,False,False,False,False,False,False,False,False,False,False,False,False,False,False,True,False,False,False,True,False,False,False,False,True,False,False,False,True,False,False,True,False,False,False,False,False,True
0.4087716575222072,912.5,-0.8621763211399812,0.21236054374375798,-0.2982042368997635,1.1369138261873721,-0.15053763750671667,-0.09544761854796006,1.1064908891743448,0.3975688470899499,0.050997261264770256,0.03224078554361997,-0.12584653946852056,0,0,6.817283375818062,False,False,False,True,False,False,False,False,False,False,False,False,False,False,False,False,False,False,False,False,True,False,False,False,False,False,True,False,False,False,True,False,False,True,False,False,False,False,False,True
0.4087716575222072,839.0,-0.8621763211399812,0.0019035958992621705,0.3866717676043696,-0.8024958872632796,-0.15053763750671667,-0.09544761854796006,-0.7594299096283988,0.3975688470899499,0.050997261264770256,0.03224078554361997,-0.12584653946852056,0,0,6.733401891837359,False,False,False,False,False,False,True,False,False,False,False,False,False,False,False,False,False,False,False,False,True,False,False,False,False,False,True,False,False,False,True,False,False,True,False,False,False,False,True,False
-1.2044068787278503,1700.0,-0.8621763211399812,-1.140576978113714,0.3866717676043696,-0.8024958872632796,-0.15053763750671667,-0.09544761854796006,-0.7594299096283988,0.3975688470899499,0.050997261264770256,0.03224078554361997,0.4406797470538846,1,0,7.438971592395862,False,False,False,False,False,False,True,False,False,False,False,False,False,False,False,False,False,False,False,False,False,False,False,False,False,False,True,False,False,False,True,False,False,True,False,False,False,False,True,False
0.4087716575222072,684.8,-0.8621763211399812,0.39275221332475374,-0.9830802414038966,0.16720896946204622,-0.15053763750671667,-0.09544761854796006,-0.2373144567524018,0.3975688470899499,-1.06943690634874,-1.0647662442321755,-1.071448973483805,1,0,6.53058604002882,False,False,False,False,False,False,True,False,False,False,False,False,False,False,False,False,False,False,False,False,False,False,False,False,False,False,True,False,False,False,True,False,False,True,False,False,False,False,True,False
-0.6433013009017439,348.0,-0.8621763211399812,-0.5843693302389759,-0.9830802414038966,-0.8024958872632796,0.9068776814757729,-0.09544761854796006,-1.2387490139080028,-2.3684307366685817,-1.06943690634874,-1.0647662442321755,-0.8234487276638005,0,0,5.855071922202427,False,True,False,False,False,False,False,False,False,False,False,False,False,False,False,False,False,False,False,False,True,False,False,False,False,False,True,False,False,False,True,False,False,False,False,False,True,False,True,False
0.4087716575222072,669.0,-0.07519506268436271,0.24242582200725737,-0.9830802414038966,1.1369138261873721,-0.15053763750671667,-0.09544761854796006,0.8325942581574283,0.3975688470899499,0.050997261264770256,0.03224078554361997,-0.12584653946852056,0,1,6.507277712385012,False,False,False,False,False,False,False,False,False,True,False,False,False,False,False,False,False,False,False,False,True,False,False,False,False,False,True,False,False,False,True,False,False,False,True,False,False,False,False,True
0.4087716575222072,369.0,-0.8621763211399812,0.24242582200725737,-0.9830802414038966,0.16720896946204622,-0.15053763750671667,-0.09544761854796006,-0.2373144567524018,-1.380573742469106,-1.06943690634874,-1.0647662442321755,-1.071448973483805,0,0,5.91350300563827,False,False,False,True,False,False,False,False,False,False,False,False,False,False,False,False,False,False,False,False,True,False,False,False,False,False,True,False,False,False,True,False,False,False,False,False,True,False,True,False
-1.2044068787278503,1799.0,-0.8621763211399812,-1.140576978113714,0.3866717676043696,-0.8024958872632796,-0.15053763750671667,-0.09544761854796006,-0.7594299096283988,0.3975688470899499,0.050997261264770256,0.03224078554361997,0.4406797470538846,1,0,7.495541943884256,False,False,False,False,False,False,True,False,False,False,False,False,False,False,False,False,False,False,False,False,False,False,False,False,False,False,True,False,False,False,True,False,False,True,False,False,False,False,True,False
0.4087716575222072,455.7,-0.8621763211399812,0.21236054374375798,-0.9830802414038966,1.1369138261873721,-0.15053763750671667,-0.09544761854796006,0.8325942581574283,-0.5902881471095258,-1.06943690634874,-1.0647662442321755,-1.071448973483805,0,0,6.124026720190953,False,False,False,True,False,False,False,False,False,False,False,False,False,False,False,False,False,False,False,False,True,False,False,False,True,False,False,False,False,False,True,False,True,False,False,False,False,False,False,False
1.6011210104026858,1369.9,0.7117861957712558,0.24242582200725737,-0.2982042368997635,1.1369138261873721,-0.15053763750671667,-0.09544761854796006,1.1064908891743448,0.3975688470899499,0.050997261264770256,0.03224078554361997,-0.4476204786194528,0,0,7.223222737441855,False,True,False,False,False,False,False,False,False,False,False,False,False,False,False,False,False,False,True,False,False,False,False,False,False,False,True,False,False,False,True,False,False,True,False,False,False,False,False,True
-2.396756231608329,297.0,-0.8621763211399812,-1.185674895508963,-0.9830802414038966,-0.8024958872632796,0.9068776814757729,-0.09544761854796006,-1.2387490139080028,-1.380573742469106,-1.06943690634874,-1.0647662442321755,-0.26782610021860753,0,1,5.697093486505405,False,False,False,False,False,False,False,False,False,False,False,False,False,False,False,False,False,False,False,True,False,False,False,True,False,False,False,False,False,False,True,False,False,False,False,False,True,False,True,False
1.6011210104026858,379.0,-0.8621763211399812,1.1443841699122381,-0.9830802414038966,0.16720896946204622,-0.15053763750671667,-0.09544761854796006,-0.2373144567524018,-0.19514534942973516,-0.5961849294145135,-0.6006478854808774,-0.9401410790646072,0,0,5.940171252720432,False,False,False,False,False,False,False,False,False,True,False,False,False,False,False,False,False,False,False,False,True,False,False,False,False,False,True,False,False,False,False,False,False,False,False,False,False,False,False,False
-0.713439498130007,1265.0,-0.8621763211399812,-0.13339015628648515,-0.2982042368997635,-0.8024958872632796,-0.15053763750671667,-0.09544761854796006,-1.0333265406453154,0.3975688470899499,0.050997261264770256,0.03224078554361997,0.2485897530978847,0,0,7.143617602704121,False,False,False,False,False,False,True,False,False,False,False,False,False,False,False,False,False,False,False,False,True,False,False,False,False,False,True,False,False,False,True,False,False,True,False,False,False,False,True,False
-1.2044068787278503,1399.0,1.4987674542268743,-0.9301200302692186,0.3866717676043696,-0.8024958872632796,-0.15053763750671667,-0.09544761854796006,-0.7594299096283988,0.7927116447697404,2.6397260239819054,2.56379546964161,3.002343651959864,1,0,7.24422751560335,False,False,False,False,False,False,True,False,False,False,False,False,False,False,False,False,False,False,False,False,False,False,False,False,False,False,True,False,False,False,True,False,False,False,True,False,False,False,True,False
-0.012057525847372975,1699.0,-0.07519506268436271,-1.3059360085629608,0.3866717676043696,-0.8024958872632796,-0.15053763750671667,-0.09544761854796006,-0.7594299096283988,0.7927116447697404,0.050997261264770256,0.03224078554361997,0.005229362204353892,0,0,7.438383530044307,False,False,False,False,False,False,False,False,False,False,False,False,False,False,True,False,False,False,False,False,False,True,False,False,False,False,True,False,False,False,True,False,False,False,True,False,False,False,True,False
-0.713439498130007,1799.0,-0.07519506268436271,-1.0804464215867153,0.3866717676043696,-0.8024958872632796,-0.15053763750671667,-0.09544761854796006,-0.7594299096283988,0.3975688470899499,0.050997261264770256,0.03224078554361997,0.2485897530978847,0,1,7.495541943884256,False,False,False,False,False,False,False,False,False,True,False,False,False,False,False,False,False,False,False,False,False,True,False,False,False,False,True,False,False,False,True,False,False,True,False,False,False,False,True,False
1.6011210104026858,2649.0,1.4987674542268743,0.5881765220375001,1.7564237766126358,3.0763235396380235,-0.15053763750671667,-0.09544761854796006,4.067998212044754,0.5951402459298452,3.934090405340473,3.8295728116906047,2.506343160319854,0,1,7.882314918980268,False,False,False,False,False,False,False,False,False,False,True,False,False,False,False,False,False,False,True,False,False,False,False,False,False,False,True,False,False,False,True,False,False,False,True,False,False,False,False,True
-1.2044068787278503,1475.0,-0.07519506268436271,-1.486327678143957,0.3866717676043696,-0.8024958872632796,-0.15053763750671667,-0.09544761854796006,-0.7594299096283988,0.3975688470899499,0.050997261264770256,0.03224078554361997,0.4406797470538846,0,0,7.297091005160418,False,False,False,False,False,False,False,False,False,False,False,False,False,False,False,True,False,False,False,False,True,False,False,False,False,False,True,False,False,False,True,False,False,True,False,False,False,False,True,False
0.4087716575222072,929.0,-0.07519506268436271,0.8737966655407442,-0.9830802414038966,1.1369138261873721,-0.15053763750671667,-0.09544761854796006,0.8325942581574283,0.9902830436096349,0.050997261264770256,0.03224078554361997,-0.12584653946852056,0,0,6.835184586147301,False,False,False,True,False,False,False,False,False,False,False,False,False,False,False,False,False,False,True,False,False,False,False,False,True,False,False,False,False,False,True,False,False,False,True,False,False,False,False,True
0.4087716575222072,900.0,-0.07519506268436271,0.0019035958992621705,-0.9830802414038966,1.1369138261873721,-0.15053763750671667,-0.09544761854796006,0.8325942581574283,0.7927116447697404,0.050997261264770256,0.03224078554361997,-0.12584653946852056,0,0,6.803505257608338,False,False,False,False,False,False,True,False,False,False,False,False,False,False,False,False,False,False,False,False,True,False,False,False,False,False,True,False,False,False,True,False,False,False,True,False,False,False,False,True
0.4087716575222072,614.0,-0.8621763211399812,0.21236054374375798,-0.9830802414038966,1.1369138261873721,-0.15053763750671667,-0.09544761854796006,0.8325942581574283,-0.5902881471095258,-1.06943690634874,-1.0647662442321755,-1.071448973483805,0,0,6.421622267806518,False,False,False,True,False,False,False,False,False,False,False,False,False,False,False,False,False,False,False,False,True,False,False,False,False,False,True,False,False,False,True,False,True,False,False,False,False,False,False,False
0.4087716575222072,935.0,-0.07519506268436271,-0.20855335194523364,-0.9830802414038966,0.16720896946204622,-0.15053763750671667,-0.09544761854796006,-0.2373144567524018,0.5951402459298452,0.050997261264770256,0.03224078554361997,-0.12584653946852056,0,0,6.841615476477592,False,False,False,True,False,False,False,False,False,False,False,False,False,False,False,False,False,False,False,False,True,False,False,False,False,False,True,False,False,False,True,False,False,True,False,False,False,False,True,False
-1.2044068787278503,2013.1,-0.07519506268436271,-1.200707534640713,1.7564237766126358,-0.8024958872632796,-0.15053763750671667,-0.09544761854796006,-0.21163664759456588,-1.9732879389887916,2.6397260239819054,2.56379546964161,3.002343651959864,1,0,7.607927724478835,False,False,False,True,False,False,False,False,False,False,False,False,False,False,False,False,False,False,False,False,False,False,False,False,False,False,True,False,False,False,True,False,False,False,True,False,False,False,True,False
1.6011210104026858,1279.0,4.646692488049348,2.316930022188714,1.7564237766126358,-0.8024958872632796,-0.15053763750671667,-0.09544761854796006,-0.21163664759456588,0.7927116447697404,0.050997261264770256,0.03224078554361997,-0.4476204786194528,0,1,7.154615356913663,False,True,False,False,False,False,False,False,False,False,False,False,False,False,False,False,False,False,True,False,False,False,False,False,False,False,True,False,False,False,True,False,False,False,True,False,False,False,False,True
-1.2044068787278503,1649.0,1.4987674542268743,-1.2307728129042124,0.3866717676043696,-0.8024958872632796,-0.15053763750671667,-0.09544761854796006,-0.7594299096283988,-1.9732879389887916,0.050997261264770256,0.03224078554361997,0.4406797470538846,1,0,7.408530566894626,False,False,False,True,False,False,False,False,False,False,False,False,False,False,False,False,False,False,False,False,False,False,False,False,False,False,True,False,False,False,True,False,False,False,True,False,False,False,True,False
-0.713439498130007,2049.0,-0.07519506268436271,-1.3660665650899597,-0.9830802414038966,-0.8024958872632796,8.308784914353199,-0.09544761854796006,-0.7594299096283988,0.7927116447697404,0.050997261264770256,0.03224078554361997,0.2485897530978847,0,1,7.6255950721324535,False,False,False,False,False,False,False,False,False,True,False,False,False,False,False,False,False,False,False,False,False,True,False,False,False,False,True,False,False,False,True,False,False,False,True,False,False,False,True,False
0.4087716575222072,1962.99,-0.07519506268436271,-0.13339015628648515,1.7564237766126358,-0.8024958872632796,-0.15053763750671667,-0.09544761854796006,-0.21163664759456588,0.3975688470899499,0.050997261264770256,0.03224078554361997,-0.12584653946852056,0,1,7.582733397251754,False,False,False,False,False,False,False,False,False,True,False,False,False,False,False,False,False,False,False,False,True,False,False,False,False,False,True,False,False,False,True,False,False,True,False,False,False,False,True,False
0.4087716575222072,2099.0,1.4987674542268743,-1.441229760748708,1.7564237766126358,-0.8024958872632796,-0.15053763750671667,-0.09544761854796006,-0.21163664759456588,0.7927116447697404,0.050997261264770256,0.03224078554361997,-0.12584653946852056,1,1,7.649692623711514,False,False,False,False,False,False,False,False,True,False,False,False,False,False,False,False,False,False,False,False,False,True,False,False,False,False,True,False,False,False,True,False,False,False,True,False,False,False,True,False
-1.765512456553958,1483.0,-0.07519506268436271,-1.1706422563772134,1.7564237766126358,-0.8024958872632796,-0.15053763750671667,-0.09544761854796006,-0.21163664759456588,0.7927116447697404,0.050997261264770256,0.03224078554361997,0.6865920581569761,0,0,7.302496423727326,False,False,False,False,False,False,True,False,False,False,False,False,False,False,False,False,False,False,False,True,False,False,False,False,False,False,True,False,False,False,True,False,False,False,True,False,False,False,True,False
0.4087716575222072,359.0,-0.8621763211399812,0.24242582200725737,-0.9830802414038966,-0.8024958872632796,0.3781700219845281,-0.09544761854796006,-1.2729860927851173,-1.5781451413090015,0.050997261264770256,0.03224078554361997,-0.12584653946852056,0,1,5.886104031450156,False,False,False,False,False,False,False,False,False,False,False,False,False,False,False,False,False,False,False,False,True,False,False,True,False,False,False,False,False,False,True,False,False,False,False,False,True,False,True,False
0.4087716575222072,789.0,-0.07519506268436271,0.8437313872772447,-0.2982042368997635,1.1369138261873721,-0.15053763750671667,-0.09544761854796006,1.1064908891743448,0.0024260494101592586,0.050997261264770256,0.03224078554361997,-0.12584653946852056,0,1,6.672032945461067,False,False,False,False,False,False,False,False,False,True,False,False,False,False,False,False,False,False,False,False,True,False,False,False,False,False,True,False,False,False,True,False,False,True,False,False,False,False,False,True
-0.713439498130007,1899.0,-0.07519506268436271,-1.5915561520662047,1.7564237766126358,-0.8024958872632796,-0.15053763750671667,-0.09544761854796006,-0.21163664759456588,0.7927116447697404,0.050997261264770256,0.03224078554361997,0.2485897530978847,1,1,7.549609165154532,False,False,False,False,False,False,False,False,True,False,False,False,False,False,False,False,False,False,False,False,False,True,False,False,False,False,True,False,False,False,True,False,False,False,True,False,False,False,True,False
-0.713439498130007,1205.0,-0.07519506268436271,-0.659532525897724,0.3866717676043696,-0.8024958872632796,-0.15053763750671667,-0.09544761854796006,-0.7594299096283988,0.9902830436096349,0.050997261264770256,0.03224078554361997,0.2485897530978847,0,0,7.095064377287131,False,False,False,True,False,False,False,False,False,False,False,False,False,False,False,False,False,False,False,False,True,False,False,False,False,False,True,False,False,False,True,False,False,True,False,False,False,False,True,False
-1.765512456553958,3100.0,-0.07519506268436271,-1.426197121616958,0.30106226704135297,-0.8024958872632796,-0.15053763750671667,-0.09544761854796006,-0.7936669885055134,-2.170859337828687,3.934090405340473,3.8295728116906047,4.7752322193653605,1,0,8.03947991910045,False,False,False,False,False,False,True,False,False,False,False,False,False,False,False,False,False,False,False,False,False,True,False,False,False,False,True,False,False,False,True,False,False,False,False,False,True,False,True,False
0.4087716575222072,789.0,-0.46868569191217196,0.24242582200725737,0.3866717676043696,-0.8024958872632796,-0.15053763750671667,-0.09544761854796006,-0.7594299096283988,0.7927116447697404,0.050997261264770256,0.03224078554361997,-0.12584653946852056,0,0,6.672032945461067,False,False,False,False,False,False,False,False,False,True,False,False,False,False,False,False,False,False,False,False,True,False,False,False,False,False,True,False,False,False,True,False,False,False,True,False,False,False,False,True
0.4087716575222072,1018.99,-0.07519506268436271,0.0019035958992621705,0.3866717676043696,-0.8024958872632796,-0.15053763750671667,-0.09544761854796006,-0.7594299096283988,0.7927116447697404,0.050997261264770256,0.03224078554361997,-0.12584653946852056,0,0,6.927548102308689,False,False,False,False,False,False,True,False,False,False,False,False,False,False,False,False,False,False,False,False,True,False,False,False,False,False,True,False,False,False,True,False,False,False,True,False,False,False,False,True
0.4087716575222072,499.0,-0.8621763211399812,0.5430786046422508,-0.9830802414038966,1.1369138261873721,-0.15053763750671667,-0.09544761854796006,0.8325942581574283,0.19999744825005455,0.050997261264770256,0.03224078554361997,-0.12584653946852056,0,0,6.214608098422191,False,False,False,False,False,False,False,False,False,False,False,False,False,False,False,False,False,False,False,False,True,False,False,False,False,False,True,False,False,False,True,False,True,False,False,False,False,False,True,False
-1.2044068787278503,881.0,-0.8621763211399812,-0.9000547520057193,-0.2982042368997635,-0.8024958872632796,-0.15053763750671667,-0.09544761854796006,-1.0333265406453154,0.3975688470899499,0.050997261264770256,0.03224078554361997,0.4406797470538846,0,0,6.782192056006791,False,False,False,False,False,False,False,False,False,True,False,False,False,False,False,False,False,False,False,False,True,False,False,False,False,False,True,False,False,False,True,False,False,True,False,False,False,False,True,False
-1.2044068787278503,960.0,-0.07519506268436271,-0.8248915563469708,0.3866717676043696,-0.8024958872632796,-0.15053763750671667,-0.09544761854796006,-0.7594299096283988,0.3975688470899499,0.050997261264770256,0.03224078554361997,0.4406797470538846,0,0,6.8679744089702925,False,False,False,False,False,False,True,False,False,False,False,False,False,False,False,False,False,False,False,False,True,False,False,False,False,False,True,False,False,False,True,False,False,True,False,False,False,False,True,False
1.6011210104026858,1599.0,1.4987674542268743,0.9940577785947418,0.3866717676043696,1.1369138261873721,-0.15053763750671667,-0.09544761854796006,1.3803875201912614,0.9902830436096349,0.050997261264770256,0.03224078554361997,-0.4476204786194528,0,0,7.3777589082278725,False,False,False,False,False,False,False,False,False,False,True,False,False,False,False,False,False,False,True,False,False,False,False,False,False,False,True,False,False,False,True,False,False,False,True,False,False,False,False,True
0.4087716575222072,1349.0,1.4987674542268743,0.8437313872772447,-0.2982042368997635,1.1369138261873721,-0.15053763750671667,-0.09544761854796006,1.1064908891743448,0.9902830436096349,0.050997261264770256,0.03224078554361997,-0.12584653946852056,0,0,7.2078598714324755,False,False,False,True,False,False,False,False,False,False,False,False,False,False,False,False,False,False,True,False,False,False,False,False,False,False,True,False,False,False,True,False,False,False,True,False,False,False,False,True
0.4087716575222072,1119.91,-0.07519506268436271,0.24242582200725737,-0.2982042368997635,1.1369138261873721,-0.15053763750671667,-0.09544761854796006,1.1064908891743448,0.3975688470899499,0.050997261264770256,0.03224078554361997,-0.12584653946852056,0,0,7.021896134389698,False,False,False,False,False,False,False,False,False,False,True,False,False,False,False,False,False,False,True,False,False,False,False,False,False,False,True,False,False,False,True,False,False,True,False,False,False,False,False,True
0.4087716575222072,684.99,-0.8621763211399812,0.21236054374375798,-0.9830802414038966,1.1369138261873721,-0.15053763750671667,-0.09544761854796006,0.8325942581574283,0.3975688470899499,-1.06943690634874,-1.0647662442321755,-1.071448973483805,0,0,6.530863050360161,False,False,False,True,False,False,False,False,False,False,False,False,False,False,False,False,False,False,False,False,True,False,False,False,False,False,True,False,False,False,True,False,False,True,False,False,False,False,False,False
0.4087716575222072,1296.99,-0.07519506268436271,-0.29874918673573153,0.3866717676043696,-0.8024958872632796,-0.15053763750671667,-0.09544761854796006,-0.7594299096283988,0.3975688470899499,0.050997261264770256,0.03224078554361997,-0.12584653946852056,0,0,7.1685721930741115,False,False,False,False,False,False,True,False,False,False,False,False,False,False,False,False,False,False,False,False,False,True,False,False,False,False,True,False,False,False,True,False,False,False,True,False,False,False,False,False
-1.2044068787278503,1149.0,-0.07519506268436271,-0.9752179476644677,0.3866717676043696,-0.8024958872632796,-0.15053763750671667,-0.09544761854796006,-0.7594299096283988,0.7927116447697404,2.6397260239819054,2.56379546964161,3.002343651959864,1,0,7.047517221357296,False,False,False,False,False,False,True,False,False,False,False,False,False,False,False,False,False,False,False,False,False,True,False,False,False,False,True,False,False,False,True,False,False,False,True,False,False,False,True,False
0.4087716575222072,1975.0,1.4987674542268743,0.5430786046422508,0.3866717676043696,-0.8024958872632796,-0.15053763750671667,-0.09544761854796006,-0.7594299096283988,0.5951402459298452,0.050997261264770256,0.03224078554361997,-0.12584653946852056,0,1,7.588829878307813,False,False,False,False,False,False,False,False,False,False,False,False,False,False,False,True,False,False,False,False,True,False,False,False,False,False,True,False,False,False,True,False,False,False,True,False,False,False,False,True
-1.2044068787278503,1825.0,-0.07519506268436271,-1.0052832259279667,1.7564237766126358,-0.8024958872632796,-0.15053763750671667,-0.09544761854796006,-0.21163664759456588,0.3975688470899499,0.050997261264770256,0.03224078554361997,0.4406797470538846,1,1,7.509883061154913,False,False,False,False,False,False,False,False,False,True,False,False,False,False,False,False,False,False,False,False,False,False,False,False,False,False,True,False,False,False,True,False,False,True,False,False,False,False,True,False
0.4087716575222072,729.9,-0.8621763211399812,-0.13339015628648515,-0.9830802414038966,0.16720896946204622,-0.15053763750671667,-0.09544761854796006,-0.2373144567524018,0.0024260494101592586,-1.06943690634874,-1.0647662442321755,-1.071448973483805,0,0,6.594276651486346,False,False,False,True,False,False,False,False,False,False,False,False,False,False,False,False,False,False,False,False,True,False,False,False,False,False,True,False,False,False,True,False,False,True,False,False,False,False,True,False
-1.765512456553958,1650.0,-0.07519506268436271,-1.0203158650597164,0.3866717676043696,-0.8024958872632796,-0.15053763750671667,-0.09544761854796006,-0.7594299096283988,0.7927116447697404,0.050997261264770256,0.03224078554361997,0.6865920581569761,0,1,7.409136443920128,False,False,False,False,False,False,False,False,False,True,False,False,False,False,False,False,False,False,False,False,False,True,False,False,False,False,True,False,False,False,True,False,False,False,True,False,False,False,True,False
0.4087716575222072,1165.0,-0.07519506268436271,0.40778485245650375,0.3866717676043696,-0.8024958872632796,-0.15053763750671667,-0.09544761854796006,-0.7594299096283988,0.0024260494101592586,0.050997261264770256,0.03224078554361997,-0.12584653946852056,0,0,7.061334366910438,False,False,False,False,False,False,True,False,False,False,False,False,False,False,False,False,False,False,False,False,True,False,False,False,False,False,True,False,False,False,True,False,False,True,False,False,False,False,True,False
0.4087716575222072,708.06,-0.8621763211399812,0.21236054374375798,-0.9830802414038966,1.1369138261873721,-0.15053763750671667,-0.09544761854796006,0.8325942581574283,0.3975688470899499,-1.06943690634874,-1.0647662442321755,-1.071448973483805,0,0,6.563940149185663,False,False,False,True,False,False,False,False,False,False,False,False,False,False,False,False,False,False,False,False,True,False,False,False,False,False,True,False,False,False,True,False,False,True,False,False,False,False,True,False
-0.713439498130007,1149.0,-0.8621763211399812,-0.13339015628648515,-0.9830802414038966,0.16720896946204622,-0.15053763750671667,-0.09544761854796006,-0.2373144567524018,0.0024260494101592586,-1.06943690634874,-1.0647662442321755,-0.8048893079579068,0,0,7.047517221357296,False,False,False,False,False,False,True,False,False,False,False,False,False,False,False,False,False,False,False,False,True,False,False,False,False,False,True,False,False,False,True,False,False,True,False,False,False,False,True,False
0.4087716575222072,309.0,-0.8621763211399812,0.24242582200725737,-0.9830802414038966,1.1369138261873721,-0.15053763750671667,-0.09544761854796006,0.8325942581574283,-2.3684307366685817,-1.06943690634874,-1.0647662442321755,-1.071448973483805,0,0,5.736572297479192,False,False,False,False,False,False,False,False,False,True,False,False,False,False,False,False,False,False,False,False,True,False,False,False,False,False,True,False,False,False,True,False,False,False,False,False,True,False,True,False
-1.765512456553958,1579.0,-0.8621763211399812,-1.1706422563772134,-0.9830802414038966,0.16720896946204622,-0.15053763750671667,-0.09544761854796006,-0.2373144567524018,0.0024260494101592586,0.050997261264770256,0.03224078554361997,0.6865920581569761,0,0,7.365180126021013,False,False,False,False,False,False,True,False,False,False,False,False,False,False,False,False,False,False,False,False,False,True,False,False,False,False,True,False,False,False,True,False,False,True,False,False,False,False,True,False
0.4087716575222072,288.9,-0.8621763211399812,-0.2686839084722321,-0.9830802414038966,1.1369138261873721,-0.15053763750671667,-0.09544761854796006,0.8325942581574283,-1.380573742469106,-1.06943690634874,-1.0647662442321755,-1.071448973483805,0,0,5.66953603592761,False,False,False,False,False,False,True,False,False,False,False,False,False,False,False,False,False,False,False,False,True,False,False,False,False,True,False,False,False,False,True,False,False,False,False,False,True,False,True,False
-1.2044068787278503,1799.0,1.4987674542268743,-1.1105116998502147,4.367513543784643,-0.8024958872632796,-0.15053763750671667,-0.09544761854796006,0.8325942581574283,-0.19514534942973516,2.6397260239819054,2.56379546964161,3.002343651959864,1,1,7.495541943884256,False,False,False,False,False,False,False,False,False,True,False,False,False,False,False,False,False,False,False,False,False,False,False,False,False,False,True,False,False,False,True,False,False,False,True,False,False,False,True,False
-0.713439498130007,1105.0,-0.8621763211399812,-0.8549568346104701,-0.2982042368997635,-0.8024958872632796,-0.15053763750671667,-0.09544761854796006,-1.0333265406453154,0.0024260494101592586,0.050997261264770256,0.03224078554361997,0.2485897530978847,0,1,7.00850518208228,False,False,False,False,False,False,False,False,False,False,False,False,False,False,False,True,False,False,False,False,True,False,False,False,False,False,True,False,False,False,True,False,False,True,False,False,False,False,True,False
-1.765512456553958,1669.0,-0.07519506268436271,-1.1706422563772134,0.3866717676043696,-0.8024958872632796,-0.15053763750671667,-0.09544761854796006,-0.7594299096283988,0.0024260494101592586,0.050997261264770256,0.03224078554361997,0.6865920581569761,0,0,7.4205789054108005,False,False,False,False,False,False,True,False,False,False,False,False,False,False,False,False,False,False,False,True,False,False,False,False,False,False,True,False,False,False,True,False,False,True,False,False,False,False,True,False
0.4087716575222072,558.6,-0.8621763211399812,0.21236054374375798,-0.9830802414038966,1.1369138261873721,-0.15053763750671667,-0.09544761854796006,0.8325942581574283,-0.5902881471095258,-1.06943690634874,-1.0647662442321755,-1.071448973483805,0,0,6.3272222427913265,False,False,False,True,False,False,False,False,False,False,False,False,False,False,False,False,False,False,False,False,True,False,False,False,False,False,True,False,False,False,True,False,True,False,False,False,False,False,True,False
0.4087716575222072,1199.0,-0.07519506268436271,0.24242582200725737,-0.2982042368997635,1.1369138261873721,-0.15053763750671667,-0.09544761854796006,1.1064908891743448,0.9902830436096349,0.050997261264770256,0.03224078554361997,-0.12584653946852056,0,0,7.090076835776092,False,False,False,False,False,False,False,False,False,False,True,False,False,False,False,False,False,False,True,False,False,False,False,False,False,False,True,False,False,False,True,False,False,False,True,False,False,False,False,True
-0.713439498130007,1639.0,-0.07519506268436271,-1.0203158650597164,0.3866717676043696,-0.8024958872632796,-0.15053763750671667,-0.09544761854796006,-0.7594299096283988,0.3975688470899499,0.050997261264770256,0.03224078554361997,0.2485897530978847,0,0,7.402451520818244,False,False,False,True,False,False,False,False,False,False,False,False,False,False,False,False,False,False,False,False,False,True,False,False,False,False,True,False,False,False,True,False,False,True,False,False,False,False,True,False
1.6011210104026858,2758.0,1.4987674542268743,3.48947587446519,1.7564237766126358,1.1369138261873721,-0.15053763750671667,-0.09544761854796006,1.9281807822250943,0.7927116447697404,1.345361642623338,1.2980181275926148,0.5369567367782083,0,0,7.922623574217286,False,False,False,True,False,False,False,False,False,False,False,False,False,False,False,False,False,False,True,False,False,False,False,False,False,False,True,False,False,False,True,False,False,False,True,False,False,False,False,True
1.6011210104026858,1399.0,-0.07519506268436271,1.06922097425349,-0.2982042368997635,1.1369138261873721,-0.15053763750671667,-0.09544761854796006,1.1064908891743448,0.0024260494101592586,0.050997261264770256,0.03224078554361997,-0.4476204786194528,0,1,7.24422751560335,False,False,False,False,False,False,True,False,False,False,False,False,False,False,False,False,False,False,True,False,False,False,False,False,False,False,True,False,False,False,True,False,False,True,False,False,False,False,False,True
1.6011210104026858,530.0,-0.8621763211399812,1.1443841699122381,-0.9830802414038966,1.1369138261873721,-0.15053763750671667,-0.09544761854796006,0.8325942581574283,-1.380573742469106,-0.5961849294145135,-0.6006478854808774,-0.9401410790646072,0,0,6.274762021241939,False,True,False,False,False,False,False,False,False,False,False,False,False,False,False,False,False,False,False,False,True,False,False,False,False,False,True,False,False,False,True,False,False,False,False,False,True,False,False,True
0.4087716575222072,619.0,-0.8621763211399812,0.28752373940250614,-0.9830802414038966,0.16720896946204622,-0.15053763750671667,-0.09544761854796006,-0.2373144567524018,0.3975688470899499,-1.06943690634874,-1.0647662442321755,-1.071448973483805,0,0,6.429719478039138,False,False,False,False,False,False,False,False,False,False,False,False,False,False,False,False,False,False,False,False,True,False,False,False,False,False,True,False,False,False,True,False,False,True,False,False,False,False,True,False
0.4087716575222072,1119.0,-0.07519506268436271,0.24242582200725737,0.3866717676043696,-0.8024958872632796,-0.15053763750671667,-0.09544761854796006,-0.7594299096283988,0.0024260494101592586,-1.06943690634874,-1.0647662442321755,-1.071448973483805,0,0,7.02108396428914,False,False,False,False,False,False,False,False,False,False,False,False,False,False,False,True,False,False,False,False,True,False,False,False,False,False,True,False,False,False,True,False,False,True,False,False,False,False,True,False
-2.607170823293118,1299.0,-0.07519506268436271,-1.4111644824852083,0.3866717676043696,-0.8024958872632796,-0.15053763750671667,-0.09544761854796006,-0.7594299096283988,-2.170859337828687,0.050997261264770256,0.03224078554361997,1.1208824792748888,1,1,7.170119543449628,False,False,False,False,False,False,False,False,False,True,False,False,False,False,False,False,False,False,False,False,False,False,False,False,False,False,True,False,False,False,True,False,False,False,False,False,True,False,True,False
0.4087716575222072,999.0,1.4987674542268743,0.6934049959597477,1.7564237766126358,1.1369138261873721,-0.15053763750671667,-0.09544761854796006,1.9281807822250943,-0.3927167482696305,0.050997261264770256,0.03224078554361997,-0.12584653946852056,0,1,6.907755278982137,False,False,False,False,False,False,False,False,False,True,False,False,False,False,False,False,False,False,True,False,False,False,False,False,False,False,True,False,False,False,False,False,False,False,False,False,False,False,False,False
-1.765512456553958,1472.2,-0.07519506268436271,-1.0203158650597164,0.3866717676043696,-0.8024958872632796,-0.15053763750671667,-0.09544761854796006,-0.7594299096283988,0.3975688470899499,0.050997261264770256,0.03224078554361997,0.6865920581569761,1,0,7.295192184570911,False,False,False,True,False,False,False,False,False,False,False,False,False,False,False,False,False,False,False,False,False,True,False,False,False,False,True,False,False,False,True,False,False,True,False,False,False,False,True,False
0.4087716575222072,685.0,-0.07519506268436271,0.24242582200725737,-0.9830802414038966,1.1369138261873721,-0.15053763750671667,-0.09544761854796006,0.8325942581574283,0.7927116447697404,0.050997261264770256,0.03224078554361997,-0.12584653946852056,0,0,6.530877627725885,False,False,False,False,False,False,False,False,False,True,False,False,False,False,False,False,False,False,False,False,True,False,False,False,False,True,False,False,False,False,True,False,False,False,True,False,False,False,False,True
1.6011210104026858,659.0,-0.8621763211399812,0.48294804811525194,-0.9830802414038966,1.1369138261873721,-0.15053763750671667,-0.09544761854796006,0.8325942581574283,-0.5902881471095258,-0.5961849294145135,-0.6006478854808774,-0.9401410790646072,0,0,6.492239835020471,False,False,False,True,False,False,False,False,False,False,False,False,False,False,False,False,False,False,False,False,True,False,False,False,False,False,True,False,False,False,True,False,True,False,False,False,False,False,False,False
-0.713439498130007,349.0,-0.8621763211399812,-0.5392714128437267,-0.9830802414038966,-0.8024958872632796,0.9068776814757729,-0.09544761854796006,-1.2387490139080028,-1.380573742469106,-1.06943690634874,-1.0647662442321755,-0.8048893079579068,0,0,5.857933154483459,False,False,False,False,False,False,False,False,False,False,False,False,False,False,False,False,False,False,False,False,True,False,False,True,False,False,False,False,False,False,True,False,False,False,False,False,True,False,True,False
0.4087716575222072,2249.0,-0.07519506268436271,-0.058226960627736635,-0.9402754911223883,-0.8024958872632796,-0.15053763750671667,-0.09544761854796006,-1.2901046322236747,0.7927116447697404,0.050997261264770256,0.03224078554361997,-0.12584653946852056,0,1,7.718685495198466,False,False,False,False,False,False,True,False,False,False,False,False,False,False,False,False,False,False,False,False,False,False,True,False,False,False,True,False,False,False,True,False,False,False,True,False,False,False,False,True
-0.713439498130007,1775.0,-0.07519506268436271,-1.0203158650597164,0.3866717676043696,-0.8024958872632796,-0.15053763750671667,-0.09544761854796006,-0.7594299096283988,0.9902830436096349,0.050997261264770256,0.03224078554361997,0.2485897530978847,0,0,7.4821189235521155,False,False,False,True,False,False,False,False,False,False,False,False,False,False,False,False,False,False,False,False,False,True,False,False,False,False,True,False,False,False,True,False,False,False,True,False,False,False,True,False
-1.2044068787278503,1460.0,-0.07519506268436271,-1.2608380911677117,0.3866717676043696,-0.8024958872632796,-0.15053763750671667,-0.09544761854796006,-0.7594299096283988,0.0024260494101592586,0.050997261264770256,0.03224078554361997,0.4406797470538846,0,0,7.2868764117507,False,False,False,False,False,False,False,False,False,False,False,False,False,False,False,True,False,False,False,False,True,False,False,False,False,False,False,False,True,False,True,False,False,True,False,False,False,False,True,False
-1.765512456553958,1159.0,-0.07519506268436271,-1.2608380911677117,-0.9830802414038966,-0.8024958872632796,1.9642930004582626,-0.09544761854796006,-1.1702748561537737,-2.170859337828687,0.050997261264770256,0.03224078554361997,0.6865920581569761,0,0,7.05617528410041,False,True,False,False,False,False,False,False,False,False,False,False,False,False,False,False,False,False,False,False,False,False,False,True,False,False,False,False,False,False,True,False,False,False,False,False,True,False,True,False
-0.713439498130007,1488.99,-0.07519506268436271,-0.5092061345802273,0.3866717676043696,-0.8024958872632796,-0.15053763750671667,-0.09544761854796006,-0.7594299096283988,0.5951402459298452,0.050997261264770256,0.03224078554361997,0.2485897530978847,0,1,7.306524687507587,False,False,False,False,False,False,False,False,False,True,False,False,False,False,False,False,False,False,False,False,False,True,False,False,False,False,True,False,False,False,True,False,False,False,True,False,False,False,True,False
1.6011210104026858,3154.0,1.4987674542268743,3.48947587446519,1.7564237766126358,1.1369138261873721,-0.15053763750671667,-0.09544761854796006,1.9281807822250943,0.9902830436096349,3.934090405340473,3.8295728116906047,2.506343160319854,0,1,8.056743774975313,False,False,False,True,False,False,False,False,False,False,False,False,False,False,False,False,False,False,True,False,False,False,False,False,False,False,True,False,False,False,True,False,False,False,True,False,False,False,False,True
-1.2044068787278503,1899.0,-0.07519506268436271,-1.200707534640713,0.3866717676043696,-0.8024958872632796,-0.15053763750671667,-0.09544761854796006,-0.7594299096283988,-2.170859337828687,0.050997261264770256,0.03224078554361997,0.4406797470538846,1,0,7.549609165154532,False,False,False,True,False,False,False,False,False,False,False,False,False,False,False,False,False,False,False,False,False,False,False,False,False,False,True,False,False,False,True,False,False,True,False,False,False,False,True,False
-2.396756231608329,775.0,-0.8621763211399812,-0.8850221128739695,0.3866717676043696,-0.8024958872632796,-0.15053763750671667,-0.09544761854796006,-0.7594299096283988,-2.3684307366685817,-1.06943690634874,-1.0647662442321755,-0.26782610021860753,1,0,6.654152520183219,False,False,False,False,False,False,True,False,False,False,False,False,False,False,False,False,False,False,False,False,False,False,False,False,False,False,True,False,False,False,True,False,False,False,False,False,True,False,True,False
-1.2044068787278503,1268.0,-0.07519506268436271,-1.1105116998502147,0.3866717676043696,-0.8024958872632796,-0.15053763750671667,-0.09544761854796006,-0.7594299096283988,0.3975688470899499,2.6397260239819054,2.56379546964161,3.002343651959864,0,0,7.1459844677143876,False,False,False,True,False,False,False,False,False,False,False,False,False,False,False,False,False,False,False,False,False,True,False,False,False,False,True,False,False,False,True,False,False,False,True,False,False,False,True,False
-2.396756231608329,389.0,-0.8621763211399812,-1.185674895508963,-0.9830802414038966,-0.8024958872632796,0.9068776814757729,-0.09544761854796006,-1.2387490139080028,-1.380573742469106,-1.06943690634874,-1.0647662442321755,-0.26782610021860753,1,1,5.966146739123692,False,False,False,False,False,False,False,False,False,False,False,False,False,False,False,False,False,False,False,False,False,False,False,True,False,False,False,False,False,False,True,False,False,False,False,False,True,False,True,False
-1.2044068787278503,1535.0,-0.07519506268436271,-1.2608380911677117,0.3866717676043696,-0.8024958872632796,-0.15053763750671667,-0.09544761854796006,-0.7594299096283988,0.19999744825005455,0.050997261264770256,0.03224078554361997,0.4406797470538846,0,0,7.336936913707618,False,False,False,False,False,False,False,False,False,False,False,False,False,False,False,True,False,False,False,False,True,False,False,False,False,False,True,False,False,False,True,False,False,True,False,False,False,False,True,False
-1.765512456553958,1760.0,-0.07519506268436271,-1.0203158650597164,0.3866717676043696,-0.8024958872632796,-0.15053763750671667,-0.09544761854796006,-0.7594299096283988,0.5951402459298452,0.050997261264770256,0.03224078554361997,0.6865920581569761,0,1,7.473637108496206,False,False,False,False,False,False,False,False,False,True,False,False,False,False,False,False,False,False,False,False,False,True,False,False,False,False,True,False,False,False,True,False,False,True,False,False,False,False,True,False
0.4087716575222072,1009.0,0.7117861957712558,0.5430786046422508,-0.2982042368997635,1.1369138261873721,-0.15053763750671667,-0.09544761854796006,1.1064908891743448,0.3975688470899499,0.050997261264770256,0.03224078554361997,-0.12584653946852056,0,0,6.917705609835305,False,False,False,False,False,False,False,False,False,False,False,False,False,False,False,False,False,False,False,False,True,False,False,False,False,False,True,False,False,False,True,False,False,True,False,False,False,False,False,True
-1.765512456553958,1790.0,-0.07519506268436271,-1.4111644824852083,1.7564237766126358,-0.8024958872632796,-0.15053763750671667,-0.09544761854796006,-0.21163664759456588,0.7927116447697404,0.050997261264770256,0.03224078554361997,0.6865920581569761,1,0,7.490529402060711,False,False,False,False,False,False,False,False,False,False,False,False,False,False,False,True,False,False,False,False,False,True,False,False,False,False,True,False,False,False,True,False,False,False,True,False,False,False,True,False
0.4087716575222072,846.5,-0.07519506268436271,0.0019035958992621705,-0.9830802414038966,1.1369138261873721,-0.15053763750671667,-0.09544761854796006,0.8325942581574283,0.3975688470899499,-1.06943690634874,-1.0647662442321755,-1.071448973483805,0,0,6.742290839254605,False,False,False,False,False,False,True,False,False,False,False,False,False,False,False,False,False,False,False,False,True,False,False,False,False,False,True,False,False,False,True,False,False,True,False,False,False,False,False,True
0.4087716575222072,465.62,-0.8621763211399812,0.31758901766600556,-0.9830802414038966,1.1369138261873721,-0.15053763750671667,-0.09544761854796006,0.8325942581574283,-0.5902881471095258,-1.06943690634874,-1.0647662442321755,-1.071448973483805,0,0,6.1455152219349065,False,False,False,True,False,False,False,False,False,False,False,False,False,False,False,False,False,False,False,False,True,False,False,False,True,False,False,False,False,False,True,False,True,False,False,False,False,False,False,False
0.4087716575222072,825.0,-0.8621763211399812,-0.20855335194523364,-0.9830802414038966,0.16720896946204622,-0.15053763750671667,-0.09544761854796006,-0.2373144567524018,0.3975688470899499,-1.06943690634874,-1.0647662442321755,-1.071448973483805,0,0,6.716594773520978,False,False,False,True,False,False,False,False,False,False,False,False,False,False,False,False,False,False,False,False,True,False,False,False,False,False,True,False,False,False,True,False,False,True,False,False,False,False,True,False
0.4087716575222072,685.0,-0.8621763211399812,0.0019035958992621705,-0.9830802414038966,0.16720896946204622,-0.15053763750671667,-0.09544761854796006,-0.2373144567524018,0.19999744825005455,0.050997261264770256,0.03224078554361997,-0.12584653946852056,0,0,6.530877627725885,False,False,False,False,False,False,True,False,False,False,False,False,False,False,False,False,False,False,False,False,True,False,False,False,False,False,True,False,False,False,True,False,True,False,False,False,False,False,True,False
1.6011210104026858,3149.0,4.646692488049348,3.579671709255688,0.3866717676043696,1.1369138261873721,-0.15053763750671667,-0.09544761854796006,1.3803875201912614,0.9902830436096349,0.050997261264770256,0.03224078554361997,-0.4476204786194528,0,1,8.055157731819678,False,False,False,True,False,False,False,False,False,False,False,False,False,False,False,False,False,False,True,False,False,False,False,False,False,False,True,False,False,False,True,False,False,False,True,False,False,False,False,True
0.4087716575222072,695.0,-0.46868569191217196,0.5430786046422508,0.3866717676043696,-0.8024958872632796,-0.15053763750671667,-0.09544761854796006,-0.7594299096283988,0.3975688470899499,0.050997261264770256,0.03224078554361997,-0.12584653946852056,0,0,6.54534966033442,False,False,False,False,False,False,False,False,False,True,False,False,False,False,False,False,False,False,False,False,True,False,False,False,False,False,True,False,False,False,True,False,False,True,False,False,False,False,False,True
-1.2044068787278503,1899.0,1.4987674542268743,-1.2307728129042124,1.7564237766126358,-0.8024958872632796,-0.15053763750671667,-0.09544761854796006,-0.21163664759456588,-1.9732879389887916,2.6397260239819054,2.56379546964161,3.002343651959864,1,0,7.549609165154532,False,False,False,True,False,False,False,False,False,False,False,False,False,False,False,False,False,False,False,False,False,False,False,False,False,False,True,False,False,False,True,False,False,False,True,False,False,False,True,False
-0.713439498130007,1962.98,-0.07519506268436271,-0.809858917215221,0.3866717676043696,-0.8024958872632796,-0.15053763750671667,-0.09544761854796006,-0.7594299096283988,0.5951402459298452,1.345361642623338,1.2980181275926148,1.4653917075655414,1,0,7.5827283055631725,False,False,False,True,False,False,False,False,False,False,False,False,False,False,False,False,False,False,False,False,False,True,False,False,False,False,True,False,False,False,True,False,False,False,True,False,False,False,True,False
1.6011210104026858,2800.0,4.646692488049348,3.579671709255688,0.3866717676043696,1.1369138261873721,-0.15053763750671667,-0.09544761854796006,1.3803875201912614,0.5951402459298452,0.050997261264770256,0.03224078554361997,-0.4476204786194528,0,0,7.937731775260109,False,False,False,True,False,False,False,False,False,False,False,False,False,False,False,False,False,False,True,False,False,False,False,False,False,False,True,False,False,False,True,False,False,False,True,False,False,False,False,True
-0.713439498130007,1180.0,-0.07519506268436271,-0.13339015628648515,0.3866717676043696,-0.8024958872632796,-0.15053763750671667,-0.09544761854796006,-0.7594299096283988,0.0024260494101592586,0.050997261264770256,0.03224078554361997,0.2485897530978847,0,0,7.074116816197362,False,False,False,False,False,False,False,False,False,False,False,False,False,False,False,True,False,False,False,False,True,False,False,False,False,False,True,False,False,False,True,False,False,True,False,False,False,False,True,False
1.6011210104026858,2049.9,1.4987674542268743,1.0391556959899906,0.3866717676043696,1.1369138261873721,-0.15053763750671667,-0.09544761854796006,1.3803875201912614,0.9902830436096349,0.050997261264770256,0.03224078554361997,-0.4476204786194528,0,0,7.626034000179687,False,True,False,False,False,False,False,False,False,False,False,False,False,False,False,False,False,False,True,False,False,False,False,False,False,False,True,False,False,False,True,False,False,False,True,False,False,False,False,True
0.4087716575222072,979.0,-0.07519506268436271,0.0019035958992621705,-0.2982042368997635,1.1369138261873721,-0.15053763750671667,-0.09544761854796006,1.1064908891743448,0.7927116447697404,0.050997261264770256,0.03224078554361997,-0.12584653946852056,0,1,6.887552571664617,False,False,False,False,False,False,True,False,False,False,False,False,False,False,False,False,False,False,False,False,True,False,False,False,False,False,True,False,False,False,True,False,False,True,False,False,False,False,False,True
-0.713439498130007,1002.0,-0.8621763211399812,-0.5092061345802273,-0.9830802414038966,-0.8024958872632796,-0.15053763750671667,5.394565368916405,-0.2201959173138445,0.0024260494101592586,-1.06943690634874,-1.0647662442321755,-0.8048893079579068,0,0,6.910750787961936,False,False,False,False,False,False,False,False,False,True,False,False,False,False,False,False,False,False,False,False,True,False,False,False,False,False,False,False,True,False,True,False,False,True,False,False,False,False,True,False
0.4087716575222072,1799.0,1.4987674542268743,0.39275221332475374,1.7564237766126358,3.0763235396380235,-0.15053763750671667,-0.09544761854796006,4.067998212044754,0.7927116447697404,3.934090405340473,3.8295728116906047,3.1501230313680426,1,0,7.495541943884256,False,True,False,False,False,False,False,False,False,False,False,False,False,False,False,False,False,False,False,False,False,False,False,False,False,False,True,False,False,False,True,False,False,False,True,False,False,False,False,True
0.4087716575222072,579.0,-0.46868569191217196,0.0019035958992621705,-0.9830802414038966,1.1369138261873721,-0.15053763750671667,-0.09544761854796006,0.8325942581574283,0.7927116447697404,-1.06943690634874,-1.0647662442321755,-1.071448973483805,0,0,6.363028103540465,False,False,False,False,False,False,True,False,False,False,False,False,False,False,False,False,False,False,False,False,True,False,False,False,False,False,True,False,False,False,True,False,False,False,True,False,False,False,True,False
1.6011210104026858,1749.0,1.4987674542268743,1.4300043134154827,0.3866717676043696,1.1369138261873721,-0.15053763750671667,-0.09544761854796006,1.3803875201912614,0.9902830436096349,0.050997261264770256,0.03224078554361997,-0.4476204786194528,0,0,7.4673710669175595,False,True,False,False,False,False,False,False,False,False,False,False,False,False,False,False,False,False,True,False,False,False,False,False,False,False,True,False,False,False,True,False,False,False,True,False,False,False,False,True
0.4087716575222072,1299.0,0.7117861957712558,0.22739318287550736,1.7564237766126358,-0.8024958872632796,-0.15053763750671667,-0.09544761854796006,-0.21163664759456588,0.7927116447697404,0.050997261264770256,0.03224078554361997,-0.12584653946852056,1,1,7.170119543449628,False,False,False,True,False,False,False,False,False,False,False,False,False,False,False,False,False,False,False,False,False,False,False,False,False,False,True,False,False,False,True,False,False,False,True,False,False,False,True,False
-1.2044068787278503,1195.0,-0.8621763211399812,-1.2608380911677117,-0.2982042368997635,-0.8024958872632796,-0.15053763750671667,-0.09544761854796006,-1.0333265406453154,0.0024260494101592586,0.050997261264770256,0.03224078554361997,0.4406797470538846,0,0,7.086737934510577,False,False,False,False,False,False,False,False,False,False,False,False,False,False,False,True,False,False,False,False,True,False,False,False,False,False,False,False,True,False,True,False,False,True,False,False,False,False,True,False
0.4087716575222072,549.0,-0.46868569191217196,0.24242582200725737,0.3866717676043696,-0.8024958872632796,-0.15053763750671667,-0.09544761854796006,-0.7594299096283988,2.5708542343287966,0.050997261264770256,0.03224078554361997,-0.12584653946852056,0,0,6.309918278226516,False,False,False,False,False,False,False,False,False,True,False,False,False,False,False,False,False,False,False,False,True,False,False,False,False,False,True,False,False,False,False,False,False,False,False,False,False,False,False,False
0.4087716575222072,649.0,-0.8621763211399812,0.39275221332475374,0.3866717676043696,-0.8024958872632796,-0.15053763750671667,-0.09544761854796006,-0.7594299096283988,0.0024260494101592586,-1.06943690634874,-1.0647662442321755,-1.071448973483805,0,0,6.476972362889683,False,False,False,False,True,False,False,False,False,False,False,False,False,False,False,False,False,False,False,False,True,False,False,False,False,False,True,False,False,False,True,False,False,True,False,False,False,False,True,False
-0.713439498130007,915.0,-0.8621763211399812,-0.4340429389214788,-0.9830802414038966,0.16720896946204622,-0.15053763750671667,-0.09544761854796006,-0.2373144567524018,0.0024260494101592586,-1.06943690634874,-1.0647662442321755,-0.8048893079579068,0,0,6.82001636467413,False,False,False,False,False,False,False,False,False,False,False,False,False,False,False,True,False,False,False,False,True,False,False,False,False,False,True,False,False,False,True,False,False,True,False,False,False,False,True,False
0.4087716575222072,599.0,-0.8621763211399812,0.31758901766600556,-0.9830802414038966,0.16720896946204622,-0.15053763750671667,-0.09544761854796006,-0.2373144567524018,0.3975688470899499,-1.06943690634874,-1.0647662442321755,-1.071448973483805,0,0,6.396929655216146,False,False,False,True,False,False,False,False,False,False,False,False,False,False,False,False,False,False,False,False,True,False,False,False,False,False,True,False,False,False,True,False,False,True,False,False,False,False,False,False
0.4087716575222072,806.0,-0.07519506268436271,0.0019035958992621705,-0.9830802414038966,1.1369138261873721,-0.15053763750671667,-0.09544761854796006,0.8325942581574283,0.3975688470899499,0.050997261264770256,0.03224078554361997,-0.12584653946852056,0,0,6.693323668269949,False,False,False,False,False,False,True,False,False,False,False,False,False,False,False,False,False,False,False,False,True,False,False,False,False,False,True,False,False,False,True,False,False,True,False,False,False,False,True,False
0.4087716575222072,1189.0,-0.07519506268436271,0.6934049959597477,-0.2982042368997635,1.1369138261873721,-0.15053763750671667,-0.09544761854796006,1.1064908891743448,0.9902830436096349,0.050997261264770256,0.03224078554361997,-0.12584653946852056,0,1,7.081708586105575,False,False,False,False,False,False,False,False,False,True,False,False,False,False,False,False,False,False,True,False,False,False,False,False,False,False,True,False,False,False,True,False,False,False,True,False,False,False,False,True
0.4087716575222072,749.0,-0.07519506268436271,0.48294804811525194,-0.9830802414038966,1.1369138261873721,-0.15053763750671667,-0.09544761854796006,0.8325942581574283,0.7927116447697404,-1.06943690634874,-1.0647662442321755,-1.071448973483805,0,0,6.620073206530356,False,False,False,True,False,False,False,False,False,False,False,False,False,False,False,False,False,False,False,False,True,False,False,False,False,False,True,False,False,False,True,False,False,False,True,False,False,False,False,False
-0.713439498130007,1119.0,-0.07519506268436271,-0.659532525897724,-0.2982042368997635,-0.8024958872632796,-0.15053763750671667,-0.09544761854796006,-1.0333265406453154,0.3975688470899499,0.050997261264770256,0.03224078554361997,0.2485897530978847,0,0,7.02108396428914,False,False,False,True,False,False,False,False,False,False,False,False,False,False,False,False,False,False,False,False,True,False,False,False,False,False,True,False,False,False,True,False,False,True,False,False,False,False,True,False
-1.765512456553958,1908.0,-0.07519506268436271,-1.6065887911979544,1.7564237766126358,-0.8024958872632796,-0.15053763750671667,-0.09544761854796006,-0.21163664759456588,-2.170859337828687,0.050997261264770256,0.03224078554361997,0.6865920581569761,0,0,7.554334823725748,False,False,False,False,False,False,True,False,False,False,False,False,False,False,False,False,False,False,False,True,False,False,False,False,False,False,True,False,False,False,True,False,False,False,False,False,True,False,True,False
0.4087716575222072,499.0,-0.8621763211399812,0.09209943068976037,-0.2982042368997635,1.1369138261873721,-0.15053763750671667,-0.09544761854796006,1.1064908891743448,-0.5902881471095258,0.050997261264770256,0.03224078554361997,-0.12584653946852056,0,0,6.214608098422191,False,False,False,False,False,False,True,False,False,False,False,False,False,False,False,False,False,False,False,False,True,False,False,False,False,False,True,False,False,False,True,False,True,False,False,False,False,False,False,False
0.4087716575222072,270.62,-0.8621763211399812,-0.20855335194523364,-0.2982042368997635,-0.8024958872632796,-0.15053763750671667,-0.09544761854796006,-1.0333265406453154,-2.3684307366685817,-1.06943690634874,-1.0647662442321755,-1.071448973483805,0,0,5.604404030675922,False,False,False,False,False,False,False,False,False,True,False,False,False,False,False,False,False,False,False,False,True,False,False,False,False,True,False,False,False,False,True,False,False,False,False,False,True,False,True,False
0.4087716575222072,1349.0,-0.07519506268436271,0.39275221332475374,0.3866717676043696,-0.8024958872632796,-0.15053763750671667,-0.09544761854796006,-0.7594299096283988,0.0024260494101592586,0.050997261264770256,0.03224078554361997,-0.12584653946852056,0,0,7.2078598714324755,False,False,False,False,False,False,False,False,False,True,False,False,False,False,False,False,False,False,False,False,True,False,False,False,False,False,True,False,False,False,True,False,False,True,False,False,False,False,True,False
-1.2044068787278503,889.0,-0.07519506268436271,-0.5392714128437267,0.3866717676043696,-0.8024958872632796,-0.15053763750671667,-0.09544761854796006,-0.7594299096283988,0.3975688470899499,0.050997261264770256,0.03224078554361997,0.4406797470538846,1,0,6.7912214627261855,False,False,False,True,False,False,False,False,False,False,False,False,False,False,False,False,False,False,False,False,False,False,False,False,False,False,True,False,False,False,True,False,False,True,False,False,False,False,True,False
-1.2044068787278503,1150.0,-0.07519506268436271,-0.960185308532718,0.3866717676043696,-0.8024958872632796,-0.15053763750671667,-0.09544761854796006,-0.7594299096283988,0.3975688470899499,2.6397260239819054,2.56379546964161,3.002343651959864,0,0,7.048386408721883,False,True,False,False,False,False,False,False,False,False,False,False,False,False,False,False,False,False,False,False,True,False,False,False,False,False,True,False,False,False,True,False,False,True,False,False,False,False,True,False
-1.2044068787278503,1349.0,-0.07519506268436271,-1.3961318433534586,0.3866717676043696,-0.8024958872632796,-0.15053763750671667,-0.09544761854796006,-0.7594299096283988,0.7927116447697404,0.050997261264770256,0.03224078554361997,0.4406797470538846,1,1,7.2078598714324755,False,False,False,False,False,False,True,False,False,False,False,False,False,False,False,False,False,False,False,False,False,True,False,False,False,False,True,False,False,False,True,False,False,False,True,False,False,False,True,False
0.4087716575222072,380.0,-0.8621763211399812,0.5430786046422508,-0.9830802414038966,0.16720896946204622,-0.15053763750671667,-0.09544761854796006,-0.2373144567524018,-2.3684307366685817,-1.06943690634874,-1.0647662442321755,-1.071448973483805,0,0,5.942799375126701,False,False,False,False,False,False,False,False,False,False,False,False,False,False,False,False,False,False,False,False,True,False,False,False,False,False,True,False,False,False,True,False,False,False,False,False,True,False,True,False
0.4087716575222072,1799.0,1.4987674542268743,0.6934049959597477,0.3866717676043696,1.1369138261873721,-0.15053763750671667,-0.09544761854796006,1.3803875201912614,0.9902830436096349,0.050997261264770256,0.03224078554361997,-0.12584653946852056,0,0,7.495541943884256,False,True,False,False,False,False,False,False,False,False,False,False,False,False,False,False,False,False,True,False,False,False,False,False,False,False,True,False,False,False,True,False,False,False,True,False,False,False,False,True
-0.713439498130007,2089.0,-0.07519506268436271,-0.8399241954787204,1.7564237766126358,-0.8024958872632796,-0.15053763750671667,-0.09544761854796006,-0.21163664759456588,0.7927116447697404,0.050997261264770256,0.03224078554361997,0.2485897530978847,0,0,7.644919344958857,False,False,False,False,False,False,True,False,False,False,False,False,False,False,False,False,False,False,False,False,False,True,False,False,False,False,True,False,False,False,True,False,False,False,True,False,False,False,True,False
0.4087716575222072,1260.0,-0.07519506268436271,0.9940577785947418,-0.2982042368997635,1.1369138261873721,-0.15053763750671667,-0.09544761854796006,1.1064908891743448,0.9902830436096349,0.050997261264770256,0.03224078554361997,-0.12584653946852056,0,1,7.13966033596492,False,False,False,False,False,False,False,False,False,False,False,False,False,False,False,False,False,False,True,False,False,False,False,False,False,False,True,False,False,False,True,False,False,False,True,False,False,False,False,True
-1.2044068787278503,1189.0,-0.07519506268436271,-1.050381143323216,0.3866717676043696,-0.8024958872632796,-0.15053763750671667,-0.09544761854796006,-0.7594299096283988,0.3975688470899499,0.050997261264770256,0.03224078554361997,0.4406797470538846,0,1,7.081708586105575,False,False,False,False,False,False,True,False,False,False,False,False,False,False,False,False,False,False,False,False,True,False,False,False,False,False,True,False,False,False,True,False,False,True,False,False,False,False,True,False
0.4087716575222072,547.0,-0.8621763211399812,0.21236054374375798,-0.2982042368997635,-0.8024958872632796,-0.15053763750671667,-0.09544761854796006,-1.0333265406453154,0.19999744825005455,-1.06943690634874,-1.0647662442321755,-1.071448973483805,0,0,6.306275286948016,False,False,False,True,False,False,False,False,False,False,False,False,False,False,False,False,False,False,False,False,True,False,False,False,False,False,True,False,False,False,True,False,True,False,False,False,False,False,True,False
-0.713439498130007,779.0,-0.8621763211399812,-0.5994019693707255,-0.9830802414038966,0.16720896946204622,-0.15053763750671667,-0.09544761854796006,-0.2373144567524018,0.3975688470899499,-1.06943690634874,-1.0647662442321755,-0.8048893079579068,0,0,6.659293919683638,False,False,False,False,False,False,True,False,False,False,False,False,False,False,False,False,False,False,False,False,True,False,False,False,False,False,True,False,False,False,True,False,False,True,False,False,False,False,True,False
-1.2044068787278503,1195.0,-0.8621763211399812,-1.2608380911677117,-0.2982042368997635,-0.8024958872632796,-0.15053763750671667,-0.09544761854796006,-1.0333265406453154,0.0024260494101592586,0.050997261264770256,0.03224078554361997,0.4406797470538846,0,0,7.086737934510577,False,False,False,False,False,False,False,False,False,False,False,False,False,False,False,True,False,False,False,False,True,False,False,False,False,False,True,False,False,False,True,False,False,True,False,False,False,False,True,False
-0.713439498130007,1099.99,-0.8621763211399812,-0.8399241954787204,0.3866717676043696,-0.8024958872632796,-0.15053763750671667,-0.09544761854796006,-0.7594299096283988,0.19999744825005455,-1.06943690634874,-1.0647662442321755,-0.8048893079579068,0,0,7.003965054029298,False,False,False,False,False,False,True,False,False,False,False,False,False,False,False,False,False,False,False,False,True,False,False,False,False,False,True,False,False,False,True,False,False,True,False,False,False,False,True,False
-0.713439498130007,1205.0,-0.8621763211399812,-0.13339015628648515,0.3866717676043696,-0.8024958872632796,-0.15053763750671667,-0.09544761854796006,-0.7594299096283988,0.3975688470899499,0.050997261264770256,0.03224078554361997,0.2485897530978847,0,0,7.095064377287131,False,False,False,False,False,False,True,False,False,False,False,False,False,False,False,False,False,False,False,False,True,False,False,False,False,False,True,False,False,False,True,False,False,True,False,False,False,False,True,False
-0.713439498130007,1449.0,-0.07519506268436271,-0.915087391137469,0.3866717676043696,-0.8024958872632796,-0.15053763750671667,-0.09544761854796006,-0.7594299096283988,0.5951402459298452,0.050997261264770256,0.03224078554361997,0.2485897530978847,0,0,7.27931883541462,False,False,False,False,False,False,True,False,False,False,False,False,False,False,False,False,False,False,False,False,False,True,False,False,False,False,False,False,True,False,True,False,False,False,True,False,False,False,True,False
-0.713439498130007,1049.26,-0.07519506268436271,-0.5994019693707255,0.3866717676043696,-0.8024958872632796,-0.15053763750671667,-0.09544761854796006,-0.7594299096283988,0.3975688470899499,0.050997261264770256,0.03224078554361997,0.2485897530978847,0,0,6.956793031546652,False,False,False,False,False,False,True,False,False,False,False,False,False,False,False,False,False,False,False,False,True,False,False,False,False,False,True,False,False,False,True,False,False,True,False,False,False,False,False,True
-0.713439498130007,684.0,-0.8621763211399812,-0.5994019693707255,-0.9830802414038966,0.16720896946204622,-0.15053763750671667,-0.09544761854796006,-0.2373144567524018,0.19999744825005455,-1.06943690634874,-1.0647662442321755,-0.8048893079579068,0,0,6.529418838262226,False,False,False,False,False,False,True,False,False,False,False,False,False,False,False,False,False,False,False,False,True,False,False,False,False,False,True,False,False,False,True,False,True,False,False,False,False,False,True,False
0.4087716575222072,949.0,-0.07519506268436271,0.9188945829359929,-0.9830802414038966,-0.8024958872632796,-0.15053763750671667,10.711664561500005,0.8325942581574283,0.3975688470899499,0.050997261264770256,0.03224078554361997,-0.12584653946852056,0,0,6.856461984594587,False,False,False,True,False,False,False,False,False,False,False,False,False,False,False,False,False,False,True,False,False,False,False,False,False,False,True,False,False,False,True,False,False,True,False,False,False,False,False,True
-1.765512456553958,1539.0,-0.8621763211399812,-1.1706422563772134,-0.9830802414038966,0.16720896946204622,-0.15053763750671667,-0.09544761854796006,-0.2373144567524018,0.3975688470899499,0.050997261264770256,0.03224078554361997,0.6865920581569761,0,0,7.3395376954076745,False,False,False,False,False,False,True,False,False,False,False,False,False,False,False,False,False,False,False,False,False,True,False,False,False,False,True,False,False,False,True,False,False,True,False,False,False,False,True,False
-0.713439498130007,1590.0,-0.8621763211399812,-0.8399241954787204,0.3866717676043696,-0.8024958872632796,-0.15053763750671667,-0.09544761854796006,-0.7594299096283988,0.3975688470899499,0.050997261264770256,0.03224078554361997,0.2485897530978847,0,0,7.372118028337787,False,False,False,False,False,False,True,False,False,False,False,False,False,False,False,False,False,False,False,False,True,False,False,False,False,False,True,False,False,False,True,False,False,True,False,False,False,False,True,False
-0.713439498130007,1887.21,-0.07519506268436271,-0.7497283606882222,0.3866717676043696,-0.8024958872632796,-0.15053763750671667,-0.09544761854796006,-0.7594299096283988,0.3975688470899499,0.050997261264770256,0.03224078554361997,0.2485897530978847,0,0,7.54338456933354,False,False,False,False,False,False,True,False,False,False,False,False,False,False,False,False,False,False,False,False,False,True,False,False,False,False,True,False,False,False,True,False,False,False,True,False,False,False,True,False
-1.2044068787278503,800.0,-0.8621763211399812,-0.8248915563469708,-0.9830802414038966,0.16720896946204622,-0.15053763750671667,-0.09544761854796006,-0.2373144567524018,0.19999744825005455,-1.06943690634874,-1.0647662442321755,-0.6682455803732644,0,0,6.68586094706836,False,False,False,False,False,False,True,False,False,False,False,False,False,False,False,False,False,False,False,False,True,False,False,False,False,False,True,False,False,False,True,False,True,False,False,False,False,False,True,False
-1.2044068787278503,1210.0,-0.07519506268436271,-0.809858917215221,0.3866717676043696,-0.8024958872632796,-0.15053763750671667,-0.09544761854796006,-0.7594299096283988,0.0024260494101592586,-1.06943690634874,-1.0647662442321755,-0.6682455803732644,0,0,7.099201743553092,False,False,False,False,False,False,False,False,False,False,False,False,False,False,False,True,False,False,False,False,True,False,False,False,False,False,True,False,False,False,True,False,False,True,False,False,False,False,True,False
0.4087716575222072,769.99,-0.8621763211399812,0.0019035958992621705,0.3866717676043696,-0.8024958872632796,-0.15053763750671667,-0.09544761854796006,-0.7594299096283988,0.19999744825005455,-1.06943690634874,-1.0647662442321755,-1.071448973483805,0,0,6.647675403310604,False,False,False,False,False,False,True,False,False,False,False,False,False,False,False,False,False,False,False,False,True,False,False,False,False,False,True,False,False,False,True,False,True,False,False,False,False,False,True,False
1.6011210104026858,2968.0,1.4987674542268743,0.5430786046422508,1.7564237766126358,-0.8024958872632796,-0.15053763750671667,-0.09544761854796006,-0.21163664759456588,0.7927116447697404,3.934090405340473,3.8295728116906047,2.506343160319854,0,1,7.99598047476376,False,False,False,False,False,False,False,False,False,True,False,False,False,False,False,False,False,False,False,False,True,False,False,False,False,False,False,False,True,False,True,False,False,False,True,False,False,False,False,True
-0.713439498130007,1490.0,-0.07519506268436271,-0.8549568346104701,0.3866717676043696,-0.8024958872632796,-0.15053763750671667,-0.09544761854796006,-0.7594299096283988,0.0024260494101592586,0.050997261264770256,0.03224078554361997,0.2485897530978847,0,1,7.307202314764738,False,False,False,False,False,False,False,False,False,False,False,False,False,False,False,True,False,False,False,False,True,False,False,False,False,False,True,False,False,False,True,False,False,True,False,False,False,False,True,False
-0.713439498130007,2229.0,-0.07519506268436271,-0.915087391137469,0.3866717676043696,-0.8024958872632796,-0.15053763750671667,-0.09544761854796006,-0.7594299096283988,0.3975688470899499,0.050997261264770256,0.03224078554361997,0.2485897530978847,0,0,7.709756864454165,False,False,False,False,False,False,True,False,False,False,False,False,False,False,False,False,False,False,False,False,True,False,False,False,False,False,True,False,False,False,True,False,False,False,True,False,False,False,True,False
0.4087716575222072,795.99,-0.8621763211399812,0.06203415242626097,-0.9830802414038966,1.1369138261873721,-0.15053763750671667,-0.09544761854796006,0.8325942581574283,0.0024260494101592586,0.050997261264770256,0.03224078554361997,-0.12584653946852056,1,1,6.680842131660057,False,False,False,True,False,False,False,False,False,False,False,False,False,False,False,False,False,False,False,False,False,False,False,False,False,False,True,False,False,False,True,False,True,False,False,False,False,False,True,False
-1.2044068787278503,1590.0,-0.07519506268436271,-1.2608380911677117,0.3866717676043696,-0.8024958872632796,-0.15053763750671667,-0.09544761854796006,-0.7594299096283988,0.0024260494101592586,0.050997261264770256,0.03224078554361997,0.4406797470538846,0,0,7.372118028337787,False,False,False,False,False,False,False,False,False,False,False,False,False,False,False,True,False,False,False,False,False,True,False,False,False,False,True,False,False,False,True,False,False,True,False,False,False,False,True,False
-1.2044068787278503,1149.0,-0.07519506268436271,-1.3961318433534586,0.3866717676043696,-0.8024958872632796,-0.15053763750671667,-0.09544761854796006,-0.7594299096283988,0.3975688470899499,0.050997261264770256,0.03224078554361997,0.4406797470538846,0,1,7.047517221357296,False,False,False,False,False,False,True,False,False,False,False,False,False,False,False,False,False,False,False,False,True,False,False,False,False,False,True,False,False,False,True,False,False,True,False,False,False,False,True,False
-0.713439498130007,1185.43,-0.07519506268436271,-0.5994019693707255,0.3866717676043696,-0.8024958872632796,-0.15053763750671667,-0.09544761854796006,-0.7594299096283988,0.7927116447697404,0.050997261264770256,0.03224078554361997,0.2485897530978847,0,0,7.078704077085276,False,False,False,False,False,False,True,False,False,False,False,False,False,False,False,False,False,False,False,False,True,False,False,False,False,False,True,False,False,False,True,False,False,False,True,False,False,False,False,True
0.4087716575222072,1046.44,-0.07519506268436271,0.07706679155801034,-0.9830802414038966,0.16720896946204622,-0.15053763750671667,-0.09544761854796006,-0.2373144567524018,0.19999744825005455,0.050997261264770256,0.03224078554361997,-0.12584653946852056,0,0,6.954104370919498,False,False,False,True,False,False,False,False,False,False,False,False,False,False,False,False,False,False,False,False,True,False,False,False,False,False,True,False,False,False,True,False,False,True,False,False,False,False,True,False
-1.765512456553958,1559.0,-0.8621763211399812,-1.1706422563772134,0.3866717676043696,-0.8024958872632796,-0.15053763750671667,-0.09544761854796006,-0.7594299096283988,0.3975688470899499,-1.06943690634874,-1.0647662442321755,-0.49332304964521606,0,0,7.352441100243583,False,False,False,False,False,False,True,False,False,False,False,False,False,False,False,False,False,False,False,False,False,True,False,False,False,False,True,False,False,False,True,False,False,True,False,False,False,False,True,False
-0.713439498130007,1189.0,-0.8621763211399812,0.40778485245650375,-0.9830802414038966,0.16720896946204622,-0.15053763750671667,-0.09544761854796006,-0.2373144567524018,0.3975688470899499,-1.06943690634874,-1.0647662442321755,-0.8048893079579068,0,0,7.081708586105575,False,False,False,False,False,False,True,False,False,False,False,False,False,False,False,False,False,False,False,False,True,False,False,False,False,False,True,False,False,False,True,False,False,True,False,False,False,False,True,False
-0.713439498130007,1060.0,-0.8621763211399812,-0.13339015628648515,-0.9830802414038966,0.16720896946204622,-0.15053763750671667,-0.09544761854796006,-0.2373144567524018,0.3975688470899499,-1.06943690634874,-1.0647662442321755,-0.8048893079579068,0,0,6.966967138613983,False,False,False,False,False,False,True,False,False,False,False,False,False,False,False,False,False,False,False,False,True,False,False,False,False,False,True,False,False,False,True,False,False,True,False,False,False,False,True,False
-1.2044068787278503,1624.0,-0.07519506268436271,-1.1255443389819644,0.3866717676043696,-0.8024958872632796,-0.15053763750671667,-0.09544761854796006,-0.7594299096283988,0.3975688470899499,2.6397260239819054,2.56379546964161,3.002343651959864,1,0,7.393263094763838,False,False,False,True,False,False,False,False,False,False,False,False,False,False,False,False,False,False,False,False,False,True,False,False,False,False,True,False,False,False,True,False,False,True,False,False,False,False,True,False
1.6011210104026858,1080.0,-0.07519506268436271,0.8888293046724935,0.3866717676043696,-0.8024958872632796,-0.15053763750671667,-0.09544761854796006,-0.7594299096283988,0.3975688470899499,0.050997261264770256,0.03224078554361997,-0.4476204786194528,0,0,6.985641817639208,False,False,False,False,False,False,True,False,False,False,False,False,False,False,False,False,False,False,False,False,True,False,False,False,False,False,True,False,False,False,True,False,False,True,False,False,False,False,False,True
-0.713439498130007,973.0,-0.8621763211399812,-0.5994019693707255,0.3866717676043696,-0.8024958872632796,-0.15053763750671667,-0.09544761854796006,-0.7594299096283988,0.3975688470899499,-1.06943690634874,-1.0647662442321755,-0.8048893079579068,0,0,6.881411303642535,False,False,False,False,False,False,True,False,False,False,False,False,False,False,False,False,False,False,False,False,True,False,False,False,False,False,True,False,False,False,True,False,False,True,False,False,False,False,True,False
0.4087716575222072,409.0,-0.46868569191217196,0.09209943068976037,-0.9830802414038966,1.1369138261873721,-0.15053763750671667,-0.09544761854796006,0.8325942581574283,1.3854258412894256,-1.06943690634874,-1.0647662442321755,-1.071448973483805,0,0,6.016157159698354,False,False,False,False,False,False,False,False,False,False,False,False,False,False,False,False,False,False,False,False,True,False,False,False,False,False,True,False,False,False,False,False,False,False,False,False,False,False,False,False
1.6011210104026858,1191.8,-0.07519506268436271,0.9940577785947418,-0.2982042368997635,1.1369138261873721,-0.15053763750671667,-0.09544761854796006,1.1064908891743448,0.9902830436096349,0.050997261264770256,0.03224078554361997,-0.4476204786194528,0,0,7.084058763450528,False,False,False,False,False,False,False,False,False,False,True,False,False,False,False,False,False,False,True,False,False,False,False,False,False,False,True,False,False,False,True,False,False,False,True,False,False,False,False,True
-0.713439498130007,1195.0,-0.07519506268436271,-0.13339015628648515,0.3866717676043696,-0.8024958872632796,-0.15053763750671667,-0.09544761854796006,-0.7594299096283988,0.0024260494101592586,0.050997261264770256,0.03224078554361997,0.2485897530978847,0,0,7.086737934510577,False,False,False,False,False,False,True,False,False,False,False,False,False,False,False,False,False,False,False,False,True,False,False,False,False,False,False,False,True,False,True,False,False,True,False,False,False,False,True,False
0.4087716575222072,1228.99,-0.07519506268436271,-0.29874918673573153,0.3866717676043696,-0.8024958872632796,-0.15053763750671667,-0.09544761854796006,-0.7594299096283988,0.3975688470899499,0.050997261264770256,0.03224078554361997,-0.12584653946852056,0,0,7.114761318252113,False,False,False,False,False,False,True,False,False,False,False,False,False,False,False,False,False,False,False,False,True,False,False,False,False,False,True,False,False,False,True,False,False,False,True,False,False,False,True,False
-1.765512456553958,1349.0,-0.07519506268436271,-1.1706422563772134,0.3866717676043696,-0.8024958872632796,-0.15053763750671667,-0.09544761854796006,-0.7594299096283988,0.3975688470899499,0.050997261264770256,0.03224078554361997,0.6865920581569761,0,0,7.2078598714324755,False,False,False,False,False,False,True,False,False,False,False,False,False,False,False,False,False,False,False,False,False,True,False,False,False,False,True,False,False,False,True,False,False,False,True,False,False,False,True,False
0.4087716575222072,742.0,-0.8621763211399812,0.0019035958992621705,-0.9830802414038966,0.16720896946204622,-0.15053763750671667,-0.09544761854796006,-0.2373144567524018,0.3975688470899499,-1.06943690634874,-1.0647662442321755,-1.071448973483805,0,0,6.610696044717759,False,False,False,False,False,False,True,False,False,False,False,False,False,False,False,False,False,False,False,False,True,False,False,False,False,False,True,False,False,False,True,False,False,True,False,False,False,False,True,False
-0.713439498130007,1725.0,-0.07519506268436271,-0.8549568346104701,0.3866717676043696,-0.8024958872632796,-0.15053763750671667,-0.09544761854796006,-0.7594299096283988,0.5951402459298452,0.050997261264770256,0.03224078554361997,0.2485897530978847,0,1,7.453561871643373,False,False,False,False,False,False,False,False,False,False,False,False,False,False,False,True,False,False,False,False,False,True,False,False,False,False,True,False,False,False,True,False,False,False,True,False,False,False,True,False
0.4087716575222072,1062.95,-0.07519506268436271,0.07706679155801034,0.3866717676043696,-0.8024958872632796,-0.15053763750671667,-0.09544761854796006,-0.7594299096283988,0.19999744825005455,0.050997261264770256,0.03224078554361997,-0.12584653946852056,0,0,6.969743676316205,False,False,False,True,False,False,False,False,False,False,False,False,False,False,False,False,False,False,False,False,True,False,False,False,False,False,False,False,True,False,True,False,False,True,False,False,False,False,True,False
-0.713439498130007,1010.51,-0.07519506268436271,-0.5994019693707255,0.3866717676043696,-0.8024958872632796,-0.15053763750671667,-0.09544761854796006,-0.7594299096283988,0.3975688470899499,0.050997261264770256,0.03224078554361997,0.2485897530978847,0,0,6.919199542866395,False,False,False,False,False,False,True,False,False,False,False,False,False,False,False,False,False,False,False,False,True,False,False,False,False,False,True,False,False,False,True,False,False,True,False,False,False,False,True,False
0.4087716575222072,847.0,-0.8621763211399812,-0.3588797432627303,0.3866717676043696,-0.8024958872632796,-0.15053763750671667,-0.09544761854796006,-0.7594299096283988,0.3975688470899499,0.050997261264770256,0.03224078554361997,-0.12584653946852056,1,1,6.742880635791903,False,False,False,False,False,False,False,False,False,True,False,False,False,False,False,False,False,False,False,False,False,False,False,False,False,False,True,False,False,False,True,False,False,False,True,False,False,False,True,False
-0.713439498130007,210.8,-1.2556669503677904,-0.8850221128739695,-0.9830802414038966,-0.8024958872632796,0.9068776814757729,-0.09544761854796006,-1.2387490139080028,-1.6966879806129387,-1.06943690634874,-1.0647662442321755,-0.8048893079579068,0,0,5.355642433167306,False,False,False,False,False,False,False,False,False,False,False,False,False,False,False,False,True,False,False,False,True,False,False,False,False,False,True,False,False,False,True,False,False,False,False,False,True,False,True,False
0.4087716575222072,1425.0,1.4987674542268743,0.5430786046422508,0.3866717676043696,-0.8024958872632796,-0.15053763750671667,-0.09544761854796006,-0.7594299096283988,0.3975688470899499,0.050997261264770256,0.03224078554361997,-0.12584653946852056,0,1,7.262628600974241,False,False,False,False,False,False,False,False,False,False,False,False,False,False,False,True,False,False,False,False,True,False,False,False,False,False,True,False,False,False,True,False,False,False,True,False,False,False,False,True
0.4087716575222072,1049.6,-0.07519506268436271,0.39275221332475374,0.3866717676043696,-0.8024958872632796,-0.15053763750671667,-0.09544761854796006,-0.7594299096283988,0.0024260494101592586,0.050997261264770256,0.03224078554361997,-0.12584653946852056,0,0,6.957116708519861,False,False,False,False,False,False,False,False,False,True,False,False,False,False,False,False,False,False,False,False,True,False,False,False,False,False,True,False,False,False,True,False,False,True,False,False,False,False,True,False
-0.713439498130007,1000.0,-0.8621763211399812,-0.7497283606882222,-0.9830802414038966,0.16720896946204622,-0.15053763750671667,-0.09544761854796006,-0.2373144567524018,0.0024260494101592586,0.050997261264770256,0.03224078554361997,0.2485897530978847,0,0,6.90875477931522,False,False,False,False,False,False,True,False,False,False,False,False,False,False,False,False,False,False,False,False,True,False,False,False,False,False,True,False,False,False,True,False,False,True,False,False,False,False,True,False
0.4087716575222072,2103.34,-0.07519506268436271,-0.29874918673573153,0.3866717676043696,0.16720896946204622,-0.15053763750671667,-0.09544761854796006,0.31047880528143124,0.19999744825005455,0.050997261264770256,0.03224078554361997,-0.12584653946852056,0,0,7.651757157760393,False,False,False,False,False,False,True,False,False,False,False,False,False,False,False,False,False,False,False,False,True,False,False,False,False,False,True,False,False,False,True,False,False,True,False,False,False,False,True,False
-0.713439498130007,1469.0,-0.07519506268436271,-0.915087391137469,0.3866717676043696,-0.8024958872632796,-0.15053763750671667,-0.09544761854796006,-0.7594299096283988,0.0024260494101592586,0.050997261264770256,0.03224078554361997,0.2485897530978847,0,0,7.293017679772782,False,False,False,False,False,False,True,False,False,False,False,False,False,False,False,False,False,False,False,False,True,False,False,False,False,False,False,False,True,False,True,False,False,True,False,False,False,False,True,False
1.6011210104026858,1545.64,1.4987674542268743,2.6175828048237073,0.3866717676043696,1.1369138261873721,-0.15053763750671667,-0.09544761854796006,1.3803875201912614,0.7927116447697404,0.050997261264770256,0.03224078554361997,-0.4476204786194528,0,1,7.343840115024246,False,False,False,False,False,False,False,False,False,False,True,False,False,False,False,False,False,False,True,False,False,False,False,False,False,False,True,False,False,False,True,False,False,False,True,False,False,False,False,True
1.6011210104026858,2289.99,1.4987674542268743,3.8502592136271816,-0.2982042368997635,1.1369138261873721,-0.15053763750671667,-0.09544761854796006,1.1064908891743448,0.5951402459298452,0.050997261264770256,0.03224078554361997,-0.4476204786194528,0,1,7.736739317537815,False,False,False,False,False,False,False,False,False,True,False,False,False,False,False,False,False,False,True,False,False,False,False,False,False,False,True,False,False,False,True,False,False,False,True,False,False,False,False,True
-2.396756231608329,287.9,-0.8621763211399812,-1.2608380911677117,-0.9830802414038966,-0.8024958872632796,0.3781700219845281,-0.09544761854796006,-1.2729860927851173,-1.380573742469106,-1.06943690634874,-1.0647662442321755,-0.26782610021860753,0,0,5.66608060747219,False,True,False,False,False,False,False,False,False,False,False,False,False,False,False,False,False,False,False,True,False,False,False,True,False,False,False,False,False,False,True,False,False,False,False,False,True,False,True,False
-0.713439498130007,2620.0,1.4987674542268743,-1.4111644824852083,0.3866717676043696,-0.8024958872632796,-0.15053763750671667,-0.09544761854796006,-0.7594299096283988,0.5951402459298452,1.345361642623338,1.2980181275926148,1.4653917075655414,0,1,7.8713112033234065,False,False,False,False,False,False,False,False,False,True,False,False,False,False,False,False,False,False,False,False,True,False,False,False,False,False,False,False,True,False,True,False,False,False,True,False,False,False,True,False
0.4087716575222072,979.0,-0.07519506268436271,-0.19352071281348393,-0.9830802414038966,1.1369138261873721,-0.15053763750671667,-0.09544761854796006,0.8325942581574283,0.7927116447697404,0.050997261264770256,0.03224078554361997,-0.12584653946852056,0,1,6.887552571664617,False,False,False,False,False,False,True,False,False,False,False,False,False,False,False,False,False,False,False,False,True,False,False,False,False,False,True,False,False,False,True,False,False,False,True,False,False,False,False,True
0.4087716575222072,1094.0,-0.07519506268436271,0.39275221332475374,0.3866717676043696,-0.8024958872632796,-0.15053763750671667,-0.09544761854796006,-0.7594299096283988,0.7927116447697404,0.050997261264770256,0.03224078554361997,-0.12584653946852056,1,1,6.9985096422506015,False,False,False,True,False,False,False,False,False,False,False,False,False,False,False,False,False,False,False,False,False,False,False,False,False,False,True,False,False,False,True,False,False,True,False,False,False,False,True,False
0.4087716575222072,979.0,-0.8621763211399812,0.0019035958992621705,0.3866717676043696,-0.8024958872632796,-0.15053763750671667,-0.09544761854796006,-0.7594299096283988,0.3975688470899499,-1.06943690634874,-1.0647662442321755,-1.071448973483805,0,0,6.887552571664617,False,False,False,False,False,False,True,False,False,False,False,False,False,False,False,False,False,False,False,False,True,False,False,False,False,False,True,False,False,False,True,False,False,True,False,False,False,False,True,False
-1.2044068787278503,2254.0,1.4987674542268743,-1.2608380911677117,4.367513543784643,-0.8024958872632796,-0.15053763750671667,-0.09544761854796006,0.8325942581574283,0.7927116447697404,2.6397260239819054,2.56379546964161,3.002343651959864,1,0,7.720905251936779,False,False,False,True,False,False,False,False,False,False,False,False,False,False,False,False,False,False,False,False,False,True,False,False,False,False,True,False,False,False,True,False,False,False,True,False,False,False,True,False
0.4087716575222072,705.15,-0.8621763211399812,0.40778485245650375,-0.9830802414038966,0.16720896946204622,-0.15053763750671667,-0.09544761854796006,-0.2373144567524018,0.0024260494101592586,-1.06943690634874,-1.0647662442321755,-1.071448973483805,0,0,6.559827679515073,False,False,False,False,False,False,True,False,False,False,False,False,False,False,False,False,False,False,False,False,True,False,False,False,False,False,True,False,False,False,True,False,True,False,False,False,False,False,True,False
0.4087716575222072,499.0,-0.8621763211399812,-0.11835751715473544,-0.9830802414038966,0.16720896946204622,-0.15053763750671667,-0.09544761854796006,-0.2373144567524018,0.3975688470899499,-1.06943690634874,-1.0647662442321755,-1.071448973483805,0,0,6.214608098422191,False,False,False,False,False,False,True,False,False,False,False,False,False,False,False,False,False,False,False,False,True,False,False,False,False,True,False,False,False,False,True,False,False,True,False,False,False,False,True,False
0.4087716575222072,449.0,-0.07519506268436271,0.5430786046422508,-0.9830802414038966,1.1369138261873721,-0.15053763750671667,-0.09544761854796006,0.8325942581574283,-0.19514534942973516,-1.06943690634874,-1.0647662442321755,-1.071448973483805,0,0,6.1092475827643655,False,False,False,False,False,False,False,False,False,False,False,False,False,False,False,False,False,False,False,False,True,False,False,False,False,False,True,False,False,False,False,False,False,False,False,False,False,False,False,False
-1.2044068787278503,1299.0,0.7117861957712558,-0.659532525897724,0.3866717676043696,-0.8024958872632796,-0.15053763750671667,-0.09544761854796006,-0.7594299096283988,0.7927116447697404,0.050997261264770256,0.03224078554361997,0.4406797470538846,1,1,7.170119543449628,False,False,False,True,False,False,False,False,False,False,False,False,False,False,False,False,False,False,False,False,False,False,False,False,False,False,True,False,False,False,True,False,False,False,True,False,False,False,True,False
0.4087716575222072,1819.0,1.4987674542268743,1.3548411177567339,0.3866717676043696,1.1369138261873721,-0.15053763750671667,-0.09544761854796006,1.3803875201912614,0.5951402459298452,0.050997261264770256,0.03224078554361997,-0.12584653946852056,0,0,7.506591780070841,False,False,False,False,False,False,False,False,False,False,True,False,False,False,False,False,False,False,True,False,False,False,False,False,False,False,True,False,False,False,True,False,False,False,True,False,False,False,False,True
0.4087716575222072,1070.0,-0.07519506268436271,0.0019035958992621705,0.3866717676043696,-0.8024958872632796,-0.15053763750671667,-0.09544761854796006,-0.7594299096283988,0.7927116447697404,0.050997261264770256,0.03224078554361997,-0.12584653946852056,0,0,6.976348070447749,False,False,False,False,False,False,True,False,False,False,False,False,False,False,False,False,False,False,False,False,True,False,False,False,False,False,True,False,False,False,True,False,False,False,True,False,False,False,True,False
1.6011210104026858,998.0,1.4987674542268743,2.9483008657222007,-0.9830802414038966,1.1369138261873721,-0.15053763750671667,-0.09544761854796006,0.8325942581574283,0.5951402459298452,0.050997261264770256,0.03224078554361997,-0.4476204786194528,0,1,6.906754778648554,False,True,False,False,False,False,False,False,False,False,False,False,False,False,False,False,False,False,True,False,False,False,False,False,False,True,False,False,False,False,True,False,False,False,True,False,False,False,False,True
0.4087716575222072,559.0,-0.8621763211399812,0.31758901766600556,-0.9830802414038966,1.1369138261873721,-0.15053763750671667,-0.09544761854796006,0.8325942581574283,0.3975688470899499,0.050997261264770256,0.03224078554361997,-0.12584653946852056,0,0,6.327936783729195,False,False,False,True,False,False,False,False,False,False,False,False,False,False,False,False,False,False,False,False,True,False,False,False,False,False,True,False,False,False,True,False,False,True,False,False,False,False,True,False
0.4087716575222072,989.99,1.4987674542268743,0.42281749158825316,-0.9830802414038966,3.0763235396380235,-0.15053763750671667,-0.09544761854796006,2.9724116879770883,0.7927116447697404,0.050997261264770256,0.03224078554361997,-0.12584653946852056,0,0,6.898704443461719,False,False,False,True,False,False,False,False,False,False,False,False,False,False,False,False,False,False,False,False,True,False,False,False,False,False,True,False,False,False,True,False,False,False,True,False,False,False,False,False
0.4087716575222072,1929.0,1.4987674542268743,-0.3588797432627303,0.3866717676043696,1.1369138261873721,-0.15053763750671667,-0.09544761854796006,1.3803875201912614,0.5951402459298452,0.050997261264770256,0.03224078554361997,-0.12584653946852056,0,0,7.5652752818989315,False,False,False,False,False,False,False,False,False,False,True,False,False,False,False,False,False,False,True,False,False,False,False,False,False,False,True,False,False,False,True,False,False,False,True,False,False,False,False,True
-1.2044068787278503,1458.0,-0.07519506268436271,-1.1255443389819644,0.3866717676043696,-0.8024958872632796,-0.15053763750671667,-0.09544761854796006,-0.7594299096283988,0.7927116447697404,0.050997261264770256,0.03224078554361997,0.4406797470538846,0,0,7.285506548522785,False,False,False,True,False,False,False,False,False,False,False,False,False,False,False,False,False,False,False,False,False,True,False,False,False,False,True,False,False,False,True,False,False,False,True,False,False,False,True,False
1.6011210104026858,3975.0,10.942542555694295,2.316930022188714,4.367513543784643,-0.8024958872632796,-0.15053763750671667,-0.09544761854796006,0.8325942581574283,0.7927116447697404,0.050997261264770256,0.03224078554361997,-0.4476204786194528,0,1,8.288031567776464,False,True,False,False,False,False,False,False,False,False,False,False,False,False,False,False,False,False,True,False,False,False,False,False,False,False,True,False,False,False,True,False,False,False,True,False,False,False,False,True
-1.2044068787278503,798.01,-0.07519506268436271,-0.6294672476342246,0.3866717676043696,-0.8024958872632796,-0.15053763750671667,-0.09544761854796006,-0.7594299096283988,0.3975688470899499,0.050997261264770256,0.03224078554361997,0.4406797470538846,1,0,6.68337346133251,False,False,False,True,False,False,False,False,False,False,False,False,False,False,False,False,False,False,False,False,False,False,False,False,False,False,True,False,False,False,True,False,False,False,True,False,False,False,True,False
0.4087716575222072,1329.0,1.4987674542268743,1.7607223743139755,0.3866717676043696,1.1369138261873721,-0.15053763750671667,-0.09544761854796006,1.3803875201912614,0.5951402459298452,3.934090405340473,3.8295728116906047,3.1501230313680426,0,0,7.1929342212158,False,False,False,True,False,False,False,False,False,False,False,False,False,False,False,False,False,False,True,False,False,False,False,False,False,False,True,False,False,False,True,False,False,False,True,False,False,False,False,True
-2.116203442695275,1300.0,-0.07519506268436271,-1.681751986856703,-0.9830802414038966,-0.8024958872632796,8.308784914353199,-0.09544761854796006,-0.7594299096283988,-2.3684307366685817,0.8276158900799108,1.2980181275926148,1.8509636519554826,0,1,7.170888478512505,True,False,False,False,False,False,False,False,False,False,False,False,False,False,False,False,False,False,False,False,False,True,False,False,False,False,False,False,False,True,True,False,False,False,False,False,True,False,True,False
0.4087716575222072,481.98,-0.8621763211399812,0.03196887416276157,-0.9830802414038966,0.16720896946204622,-0.15053763750671667,-0.09544761854796006,-0.2373144567524018,0.0024260494101592586,-1.06943690634874,-1.0647662442321755,-1.071448973483805,0,0,6.179975244927748,False,False,False,True,False,False,False,False,False,False,False,False,False,False,False,False,False,False,False,False,True,False,False,False,False,False,True,False,False,False,True,False,True,False,False,False,False,False,True,False
0.4087716575222072,1199.0,-0.8621763211399812,0.40778485245650375,-0.9830802414038966,0.16720896946204622,-0.15053763750671667,-0.09544761854796006,-0.2373144567524018,0.0024260494101592586,-1.06943690634874,-1.0647662442321755,-1.071448973483805,0,0,7.090076835776092,False,False,False,False,False,False,True,False,False,False,False,False,False,False,False,False,False,False,False,False,True,False,False,False,False,False,True,False,False,False,True,False,False,True,False,False,False,False,True,False
-1.765512456553958,1199.0,-0.07519506268436271,-1.1706422563772134,0.3866717676043696,-0.8024958872632796,-0.15053763750671667,-0.09544761854796006,-0.7594299096283988,0.0024260494101592586,0.050997261264770256,0.03224078554361997,0.6865920581569761,0,0,7.090076835776092,False,False,False,False,False,False,True,False,False,False,False,False,False,False,False,False,False,False,False,False,False,True,False,False,False,False,False,False,True,False,True,False,False,True,False,False,False,False,True,False
-1.2044068787278503,1090.0,-0.07519506268436271,-0.8248915563469708,0.3866717676043696,-0.8024958872632796,-0.15053763750671667,-0.09544761854796006,-0.7594299096283988,0.7927116447697404,0.050997261264770256,0.03224078554361997,0.4406797470538846,0,0,6.994849985833071,False,False,False,False,False,False,True,False,False,False,False,False,False,False,False,False,False,False,False,False,True,False,False,False,False,False,True,False,False,False,True,False,False,False,True,False,False,False,True,False
-1.765512456553958,1713.49,-0.07519506268436271,-1.1105116998502147,0.3866717676043696,-0.8024958872632796,-0.15053763750671667,-0.09544761854796006,-0.7594299096283988,0.3975688470899499,0.050997261264770256,0.03224078554361997,0.6865920581569761,1,1,7.446870939281707,False,False,False,False,False,False,False,False,False,True,False,False,False,False,False,False,False,False,False,False,False,True,False,False,False,False,True,False,False,False,True,False,False,False,True,False,False,False,True,False
1.6011210104026858,659.0,-0.07519506268436271,1.4450369525472322,-0.9830802414038966,1.1369138261873721,-0.15053763750671667,-0.09544761854796006,0.8325942581574283,0.0024260494101592586,-0.5961849294145135,-0.6006478854808774,-0.9401410790646072,0,0,6.492239835020471,False,False,False,False,False,False,False,False,False,True,False,False,False,False,False,False,False,False,False,False,True,False,False,False,False,False,True,False,False,False,True,False,False,True,False,False,False,False,False,False
0.4087716575222072,977.0,-0.8621763211399812,0.39275221332475374,-0.9830802414038966,1.1369138261873721,-0.15053763750671667,-0.09544761854796006,0.8325942581574283,0.0024260494101592586,0.050997261264770256,0.03224078554361997,-0.12584653946852056,0,1,6.885509670034818,False,False,False,False,False,False,False,False,False,True,False,False,False,False,False,False,False,False,False,False,True,False,False,False,False,False,True,False,False,False,True,False,False,True,False,False,False,False,False,True
1.6011210104026858,2499.0,1.4987674542268743,2.6175828048237073,0.3866717676043696,1.1369138261873721,-0.15053763750671667,-0.09544761854796006,1.3803875201912614,0.9902830436096349,0.050997261264770256,0.03224078554361997,-0.4476204786194528,0,0,7.824046010856292,False,False,False,False,False,False,False,False,False,False,True,False,False,False,False,False,False,False,True,False,False,False,False,False,False,False,True,False,False,False,True,False,False,False,True,False,False,False,False,True
0.4087716575222072,540.0,-0.8621763211399812,0.09209943068976037,-0.9830802414038966,0.16720896946204622,-0.15053763750671667,-0.09544761854796006,-0.2373144567524018,0.0024260494101592586,-1.06943690634874,-1.0647662442321755,-1.071448973483805,0,0,6.293419278846481,False,False,False,False,False,False,False,False,False,True,False,False,False,False,False,False,False,False,False,False,True,False,False,False,False,False,True,False,False,False,True,False,False,True,False,False,False,False,True,False
0.4087716575222072,940.0,-0.8621763211399812,0.40778485245650375,-0.9830802414038966,0.16720896946204622,-0.15053763750671667,-0.09544761854796006,-0.2373144567524018,0.0024260494101592586,0.050997261264770256,0.03224078554361997,-0.12584653946852056,0,0,6.846943139585379,False,False,False,False,False,False,True,False,False,False,False,False,False,False,False,False,False,False,False,False,True,False,False,False,False,False,False,False,True,False,True,False,False,True,False,False,False,False,True,False
-1.765512456553958,1399.0,-0.07519506268436271,-1.576523512934455,1.7564237766126358,-0.8024958872632796,-0.15053763750671667,-0.09544761854796006,-0.21163664759456588,-2.170859337828687,1.345361642623338,1.2980181275926148,2.0495494428085452,1,1,7.24422751560335,False,False,False,False,False,False,False,False,False,True,False,False,False,False,False,False,False,False,False,False,False,True,False,False,False,False,True,False,False,False,True,False,False,False,False,False,True,False,True,False
1.6011210104026858,3240.0,4.646692488049348,3.8502592136271816,1.7564237766126358,-0.8024958872632796,-0.15053763750671667,10.711664561500005,1.9281807822250943,0.7927116447697404,0.050997261264770256,0.03224078554361997,-0.4476204786194528,0,1,8.083637203141548,False,False,False,False,False,False,False,False,False,True,False,False,False,False,False,False,False,False,True,False,False,False,False,False,False,False,True,False,False,False,True,False,False,False,True,False,False,False,False,True
-3.44882919003228,646.27,-0.8621763211399812,-2.0275026868869457,-0.9830802414038966,-0.8024958872632796,1.9642930004582626,-0.09544761854796006,-1.1702748561537737,-1.6966879806129387,0.050997261264770256,0.4541665662266183,1.7987652840326565,1,1,6.472763518115628,False,False,False,False,False,False,False,False,False,True,False,False,False,False,False,False,False,False,False,False,False,False,False,False,False,False,True,False,False,False,True,False,False,False,False,False,True,False,True,False
-1.2044068787278503,2049.0,1.4987674542268743,-1.1105116998502147,1.7564237766126358,-0.8024958872632796,-0.15053763750671667,-0.09544761854796006,-0.21163664759456588,0.7927116447697404,3.934090405340473,3.8295728116906047,4.283175604412853,0,1,7.6255950721324535,False,False,False,False,False,False,True,False,False,False,False,False,False,False,False,False,False,False,False,False,False,True,False,False,False,False,True,False,False,False,True,False,False,False,True,False,False,False,True,False
0.4087716575222072,750.0,-0.07519506268436271,0.21236054374375798,0.3866717676043696,-0.8024958872632796,-0.15053763750671667,-0.09544761854796006,-0.7594299096283988,0.3975688470899499,0.050997261264770256,0.03224078554361997,-0.12584653946852056,0,0,6.621405651764134,False,False,False,True,False,False,False,False,False,False,False,False,False,False,False,False,False,False,False,False,True,False,False,False,False,False,True,False,False,False,True,False,False,True,False,False,False,False,True,False
-0.713439498130007,1030.99,-0.8621763211399812,-0.7497283606882222,-0.9830802414038966,0.16720896946204622,-0.15053763750671667,-0.09544761854796006,-0.2373144567524018,0.0024260494101592586,0.050997261264770256,0.03224078554361997,0.2485897530978847,0,0,6.9392442560720795,False,False,False,False,False,False,True,False,False,False,False,False,False,False,False,False,False,False,False,False,True,False,False,False,False,False,False,False,True,False,True,False,False,True,False,False,False,False,True,False
0.4087716575222072,1495.0,-0.07519506268436271,-0.20855335194523364,0.3866717676043696,-0.8024958872632796,-0.15053763750671667,-0.09544761854796006,-0.7594299096283988,0.3975688470899499,0.050997261264770256,0.03224078554361997,-0.12584653946852056,0,0,7.310550158534422,False,False,False,False,False,False,True,False,False,False,False,False,False,False,False,False,False,False,False,False,False,False,True,False,False,False,False,False,True,False,True,False,False,False,True,False,False,False,False,False
-0.713439498130007,1199.0,-0.07519506268436271,-0.5092061345802273,-0.019973360069959433,-0.8024958872632796,-0.15053763750671667,-0.09544761854796006,-0.9220560342946931,0.0024260494101592586,0.050997261264770256,0.03224078554361997,0.2485897530978847,0,0,7.090076835776092,False,False,False,False,False,False,False,False,False,True,False,False,False,False,False,False,False,False,False,False,True,False,False,False,False,False,False,False,True,False,True,False,False,True,False,False,False,False,True,False
-1.2044068787278503,615.0,-0.8621763211399812,-1.1255443389819644,-0.9830802414038966,-0.8024958872632796,0.9068776814757729,-0.09544761854796006,-1.2387490139080028,-1.5781451413090015,2.6397260239819054,2.56379546964161,3.002343651959864,0,0,6.423246963533519,False,False,False,False,False,False,True,False,False,False,False,False,False,False,False,False,False,False,False,False,True,False,False,True,False,False,False,False,False,False,True,False,False,False,False,False,True,False,True,False
0.4087716575222072,387.0,-0.8621763211399812,0.5430786046422508,-0.9830802414038966,0.16720896946204622,-0.15053763750671667,-0.09544761854796006,-0.2373144567524018,-0.19514534942973516,-1.06943690634874,-1.0647662442321755,-1.071448973483805,0,0,5.961005339623274,False,False,False,False,False,False,False,False,False,False,False,False,False,False,False,False,False,False,False,False,True,False,False,False,False,False,True,False,False,False,False,False,False,False,False,False,False,False,False,False
0.4087716575222072,393.49,-0.8621763211399812,0.24242582200725737,-0.9830802414038966,0.16720896946204622,-0.15053763750671667,-0.09544761854796006,-0.2373144567524018,-1.380573742469106,-1.06943690634874,-1.0647662442321755,-1.071448973483805,0,0,5.977593791422191,False,False,False,True,False,False,False,False,False,False,False,False,False,False,False,False,False,False,False,False,True,False,False,False,True,False,False,False,False,False,True,False,False,False,False,False,True,False,True,False
0.4087716575222072,345.99,-0.8621763211399812,-0.2686839084722321,-0.9830802414038966,1.1369138261873721,-0.15053763750671667,-0.09544761854796006,0.8325942581574283,-0.5902881471095258,-1.06943690634874,-1.0647662442321755,-1.071448973483805,0,0,5.849295961087796,False,False,False,False,False,False,True,False,False,False,False,False,False,False,False,False,False,False,False,False,True,False,False,False,False,True,False,False,False,False,True,False,True,False,False,False,False,False,True,False
1.6011210104026858,1599.0,-0.07519506268436271,0.9940577785947418,0.3866717676043696,1.1369138261873721,-0.15053763750671667,-0.09544761854796006,1.3803875201912614,0.9902830436096349,0.050997261264770256,0.03224078554361997,-0.4476204786194528,0,1,7.3777589082278725,False,True,False,False,False,False,False,False,False,False,False,False,False,False,False,False,False,False,True,False,False,False,False,False,False,False,True,False,False,False,True,False,False,False,True,False,False,False,False,True
-1.2044068787278503,818.35,-0.8621763211399812,-0.960185308532718,0.3866717676043696,-0.8024958872632796,-0.15053763750671667,-0.09544761854796006,-0.7594299096283988,-1.380573742469106,0.050997261264770256,0.03224078554361997,0.4406797470538846,0,1,6.708511342992233,False,False,False,True,False,False,False,False,False,False,False,False,False,False,False,False,False,False,False,False,False,True,False,False,False,False,True,False,False,False,True,False,False,True,False,False,False,False,False,False
-1.765512456553958,1599.0,-0.8621763211399812,0.5430786046422508,-0.2982042368997635,-0.8024958872632796,-0.15053763750671667,-0.09544761854796006,-1.0333265406453154,0.0024260494101592586,-1.06943690634874,-1.0647662442321755,-0.49332304964521606,0,0,7.3777589082278725,False,False,False,False,False,False,True,False,False,False,False,False,False,False,False,False,False,False,False,True,False,False,False,False,False,False,False,False,True,False,True,False,False,True,False,False,False,False,True,False
0.4087716575222072,799.0,-0.07519506268436271,0.5430786046422508,0.3866717676043696,1.1369138261873721,-0.15053763750671667,-0.09544761854796006,1.3803875201912614,0.3975688470899499,0.050997261264770256,0.03224078554361997,-0.12584653946852056,0,0,6.684611727667927,False,False,False,False,False,False,False,False,False,False,False,False,False,False,False,False,False,False,False,False,True,False,False,False,False,False,True,False,False,False,True,False,False,True,False,False,False,False,False,True
0.4087716575222072,638.8,-0.07519506268436271,0.48294804811525194,-0.9830802414038966,1.1369138261873721,-0.15053763750671667,-0.09544761854796006,0.8325942581574283,0.3975688470899499,0.050997261264770256,0.03224078554361997,-0.12584653946852056,0,0,6.461155627515417,False,False,False,True,False,False,False,False,False,False,False,False,False,False,False,False,False,False,False,False,True,False,False,False,False,False,True,False,False,False,True,False,False,True,False,False,False,False,False,False
1.6011210104026858,1599.0,-0.07519506268436271,0.8437313872772447,0.3866717676043696,-0.8024958872632796,-0.15053763750671667,-0.09544761854796006,-0.7594299096283988,0.5951402459298452,0.050997261264770256,0.03224078554361997,-0.4476204786194528,0,0,7.3777589082278725,False,False,False,False,False,False,False,False,False,False,True,False,False,False,False,False,False,False,True,False,False,False,False,False,False,False,True,False,False,False,True,False,False,False,True,False,False,False,False,True
0.4087716575222072,500.0,-0.8621763211399812,-0.11835751715473544,-0.9830802414038966,1.1369138261873721,-0.15053763750671667,-0.09544761854796006,0.8325942581574283,-1.380573742469106,-1.06943690634874,-1.0647662442321755,-1.071448973483805,0,0,6.2166061010848646,False,False,False,False,False,False,True,False,False,False,False,False,False,False,False,False,False,False,False,False,True,False,False,False,False,False,True,False,False,False,True,False,False,False,False,False,True,False,True,False
1.6011210104026858,2299.0,1.4987674542268743,3.399280039674691,-0.2982042368997635,1.1369138261873721,-0.15053763750671667,-0.09544761854796006,1.1064908891743448,0.5951402459298452,0.050997261264770256,0.03224078554361997,-0.4476204786194528,0,1,7.7406644019172415,False,True,False,False,False,False,False,False,False,False,False,False,False,False,False,False,False,False,True,False,False,False,False,False,False,False,True,False,False,False,True,False,False,False,True,False,False,False,False,True
-1.765512456553958,1135.15,-0.8621763211399812,-0.809858917215221,-0.9830802414038966,0.16720896946204622,-0.15053763750671667,-0.09544761854796006,-0.2373144567524018,0.0024260494101592586,-1.06943690634874,-1.0647662442321755,-0.49332304964521606,0,0,7.035400632817807,False,False,False,True,False,False,False,False,False,False,False,False,False,False,False,False,False,False,False,False,False,True,False,False,False,False,False,False,True,False,True,False,True,False,False,False,False,False,True,False
-1.765512456553958,1166.97,-0.8621763211399812,-0.809858917215221,-0.2982042368997635,-0.8024958872632796,-0.15053763750671667,-0.09544761854796006,-1.0333265406453154,0.0024260494101592586,-1.06943690634874,-1.0647662442321755,-0.49332304964521606,0,0,7.063022478126802,False,False,False,True,False,False,False,False,False,False,False,False,False,False,False,False,False,False,False,False,False,True,False,False,False,False,False,False,True,False,True,False,True,False,False,False,False,False,True,False
0.4087716575222072,209.0,-0.8621763211399812,0.24242582200725737,-0.89747074084088,-0.8024958872632796,-0.15053763750671667,-0.09544761854796006,-1.2729860927851173,-1.5781451413090015,-1.06943690634874,-1.0647662442321755,-1.071448973483805,0,0,5.3471075307174685,False,False,False,False,False,False,False,False,False,False,False,False,False,False,False,False,False,False,False,False,True,False,False,True,False,False,False,False,False,False,True,False,False,False,False,False,True,False,True,False
1.6011210104026858,2899.0,-0.07519506268436271,1.4450369525472322,-0.9830802414038966,1.1369138261873721,-0.15053763750671667,-0.09544761854796006,0.8325942581574283,0.5951402459298452,0.050997261264770256,0.03224078554361997,-0.4476204786194528,0,1,7.9724660159745655,False,False,False,False,False,False,True,False,False,False,False,False,False,False,False,False,False,False,False,False,False,False,True,False,False,False,False,False,True,False,True,False,False,False,True,False,False,False,False,False
0.4087716575222072,1199.0,1.4987674542268743,0.5430786046422508,1.7564237766126358,-0.8024958872632796,-0.15053763750671667,-0.09544761854796006,-0.21163664759456588,0.9902830436096349,0.050997261264770256,0.03224078554361997,-0.12584653946852056,0,0,7.090076835776092,False,False,False,False,False,False,False,False,False,True,False,False,False,False,False,False,False,False,True,False,False,False,False,False,False,False,True,False,False,False,True,False,False,False,True,False,False,False,False,True
-1.765512456553958,1413.1,-0.07519506268436271,-0.809858917215221,0.3866717676043696,-0.8024958872632796,-0.15053763750671667,-0.09544761854796006,-0.7594299096283988,0.0024260494101592586,-1.06943690634874,-1.0647662442321755,-0.49332304964521606,0,0,7.2542485653137305,False,False,False,True,False,False,False,False,False,False,False,False,False,False,False,False,False,False,False,False,False,True,False,False,False,False,False,False,True,False,True,False,False,True,False,False,False,False,True,False
1.6011210104026858,1511.19,-0.07519506268436271,1.2947105612297352,-0.2982042368997635,1.1369138261873721,-0.15053763750671667,-0.09544761854796006,1.1064908891743448,0.5951402459298452,0.050997261264770256,0.03224078554361997,-0.4476204786194528,0,0,7.32131421022041,False,False,False,False,False,False,False,False,False,False,True,False,False,False,False,False,False,False,True,False,False,False,False,False,False,False,True,False,False,False,True,False,False,False,True,False,False,False,False,True
0.4087716575222072,867.0,-0.8621763211399812,0.09209943068976037,0.3866717676043696,-0.8024958872632796,-0.15053763750671667,-0.09544761854796006,-0.7594299096283988,0.0024260494101592586,0.050997261264770256,0.03224078554361997,-0.12584653946852056,1,1,6.7661917146603505,False,False,False,False,False,False,False,False,False,True,False,False,False,False,False,False,False,False,False,False,False,False,False,False,False,False,True,False,False,False,True,False,False,True,False,False,False,False,True,False
0.4087716575222072,398.0,-0.8621763211399812,0.09209943068976037,-0.9830802414038966,1.1369138261873721,-0.15053763750671667,-0.09544761854796006,0.8325942581574283,0.3975688470899499,0.050997261264770256,0.03224078554361997,-0.12584653946852056,0,0,5.988961416889864,False,False,False,False,False,False,True,False,False,False,False,False,False,False,False,False,False,False,False,False,True,False,False,False,False,False,True,False,False,False,False,False,False,False,False,False,False,False,False,False
0.4087716575222072,1339.0,1.4987674542268743,0.8286987481454947,-0.2982042368997635,1.1369138261873721,-0.15053763750671667,-0.09544761854796006,1.1064908891743448,0.5951402459298452,0.050997261264770256,0.03224078554361997,-0.12584653946852056,0,1,7.200424892944957,False,True,False,False,False,False,False,False,False,False,False,False,False,False,False,False,False,False,True,False,False,False,False,False,False,False,True,False,False,False,True,False,False,False,True,False,False,False,False,True
-1.2044068787278503,1699.0,-0.07519506268436271,-1.3209686476947105,0.3866717676043696,-0.8024958872632796,-0.15053763750671667,-0.09544761854796006,-0.7594299096283988,-2.3684307366685817,2.6397260239819054,2.56379546964161,3.002343651959864,1,0,7.438383530044307,False,False,False,False,False,False,True,False,False,False,False,False,False,False,False,False,False,False,False,False,True,False,False,False,False,False,True,False,False,False,True,False,False,False,False,False,True,False,True,False
0.4087716575222072,769.15,-0.8621763211399812,0.3025563785342562,-0.9830802414038966,0.16720896946204622,-0.15053763750671667,-0.09544761854796006,-0.2373144567524018,0.0024260494101592586,-1.06943690634874,-1.0647662442321755,-1.071448973483805,0,0,6.646585301070466,False,False,False,True,False,False,False,False,False,False,False,False,False,False,False,False,False,False,False,False,True,False,False,False,False,False,False,False,True,False,True,False,False,True,False,False,False,False,False,False
0.4087716575222072,429.0,-0.8621763211399812,0.09209943068976037,-0.2982042368997635,-0.8024958872632796,-0.15053763750671667,-0.09544761854796006,-1.0333265406453154,-0.5902881471095258,-1.06943690634874,-1.0647662442321755,-1.071448973483805,0,0,6.063785208687608,False,False,False,False,False,False,False,False,False,True,False,False,False,False,False,False,False,False,False,False,True,False,False,False,False,False,True,False,False,False,True,False,True,False,False,False,False,False,True,False
-1.2044068787278503,1969.0,-0.07519506268436271,-1.3209686476947105,1.7564237766126358,-0.8024958872632796,-0.15053763750671667,-0.09544761854796006,-0.21163664759456588,0.3975688470899499,0.050997261264770256,0.03224078554361997,0.4406797470538846,0,0,7.585788821732034,False,False,False,False,False,False,True,False,False,False,False,False,False,False,False,False,False,False,False,False,False,True,False,False,False,False,True,False,False,False,True,False,False,False,True,False,False,False,True,False
-3.44882919003228,549.0,-0.8621763211399812,-2.0275026868869457,-0.9830802414038966,-0.8024958872632796,1.9642930004582626,-0.09544761854796006,-1.1702748561537737,-1.6966879806129387,0.050997261264770256,0.4541665662266183,1.7987652840326565,1,1,6.309918278226516,False,False,False,False,False,False,False,False,False,True,False,False,False,False,False,False,False,False,False,False,False,False,False,False,False,False,False,False,False,False,True,False,False,False,False,False,True,False,True,False
-1.2044068787278503,1379.0,-0.07519506268436271,-1.2157401737724627,0.3866717676043696,-0.8024958872632796,-0.15053763750671667,-0.09544761854796006,-0.7594299096283988,0.19999744825005455,0.050997261264770256,0.03224078554361997,0.4406797470538846,0,0,7.22983877815125,False,False,False,True,False,False,False,False,False,False,False,False,False,False,False,False,False,False,False,False,False,True,False,False,False,False,True,False,False,False,True,False,False,False,True,False,False,False,True,False
1.6011210104026858,2749.99,1.4987674542268743,3.8502592136271816,0.3866717676043696,-0.8024958872632796,-0.15053763750671667,10.711664561500005,1.3803875201912614,0.7927116447697404,0.050997261264770256,0.03224078554361997,-0.4476204786194528,0,1,7.919716125876165,False,False,False,False,False,False,False,False,False,True,False,False,False,False,False,False,False,False,True,False,False,False,False,False,False,False,True,False,False,False,True,False,False,False,True,False,False,False,False,True
-1.765512456553958,1029.0,-0.07519506268436271,-1.185674895508963,0.3866717676043696,-0.8024958872632796,-0.15053763750671667,-0.09544761854796006,-0.7594299096283988,0.3975688470899499,3.934090405340473,3.8295728116906047,4.7752322193653605,1,0,6.937314081223682,False,False,False,False,False,False,False,False,False,False,False,False,False,True,False,False,False,False,False,False,False,True,False,False,False,False,True,False,False,False,True,False,False,False,True,False,False,False,True,False
-1.2044068787278503,2226.0,1.4987674542268743,-1.486327678143957,1.7564237766126358,-0.8024958872632796,-0.15053763750671667,-0.09544761854796006,-0.21163664759456588,0.7927116447697404,0.050997261264770256,0.03224078554361997,0.4406797470538846,0,0,7.708410667257367,False,False,False,False,False,False,False,False,False,False,False,False,False,False,False,True,False,False,False,False,False,True,False,False,False,False,True,False,False,False,True,False,False,False,True,False,False,False,True,False
1.6011210104026858,1312.49,-0.07519506268436271,2.226734187398216,-0.2982042368997635,1.1369138261873721,-0.15053763750671667,-0.09544761854796006,1.1064908891743448,0.5951402459298452,0.050997261264770256,0.03224078554361997,-0.4476204786194528,0,0,7.180442995849564,False,True,False,False,False,False,False,False,False,False,False,False,False,False,False,False,False,False,True,False,False,False,False,False,False,False,True,False,False,False,True,False,False,False,True,False,False,False,False,True
-1.2044068787278503,196.0,-0.8621763211399812,-1.0353485041914663,-0.9830802414038966,-0.8024958872632796,0.9068776814757729,-0.09544761854796006,-1.2387490139080028,-1.6966879806129387,0.050997261264770256,0.03224078554361997,0.4406797470538846,0,0,5.2832037287379885,False,False,False,False,False,False,False,False,False,False,False,False,False,False,False,False,True,False,False,False,True,False,False,False,False,False,True,False,False,False,True,False,False,False,False,False,True,False,True,False
-1.2044068787278503,1690.0,-0.07519506268436271,-1.3209686476947105,0.3866717676043696,-0.8024958872632796,-0.15053763750671667,-0.09544761854796006,-0.7594299096283988,0.0024260494101592586,0.050997261264770256,0.03224078554361997,0.4406797470538846,0,0,7.43307534889858,False,False,False,False,False,False,True,False,False,False,False,False,False,False,False,False,False,False,False,False,True,False,False,False,False,False,True,False,False,False,True,False,False,True,False,False,False,False,True,False
-0.713439498130007,1513.0,-0.07519506268436271,-0.915087391137469,0.3866717676043696,-0.8024958872632796,-0.15053763750671667,-0.09544761854796006,-0.7594299096283988,0.0024260494101592586,0.050997261264770256,0.03224078554361997,0.2485897530978847,0,0,7.322510433997394,False,False,False,False,False,False,True,False,False,False,False,False,False,False,False,False,False,False,False,False,True,False,False,False,False,False,False,False,True,False,True,False,False,True,False,False,False,False,True,False
0.4087716575222072,523.63,-0.8621763211399812,0.07706679155801034,-0.9830802414038966,0.16720896946204622,-0.15053763750671667,-0.09544761854796006,-0.2373144567524018,0.0024260494101592586,-1.06943690634874,-1.0647662442321755,-1.071448973483805,0,0,6.262693252225446,False,False,False,True,False,False,False,False,False,False,False,False,False,False,False,False,False,False,False,False,True,False,False,False,True,False,False,False,False,False,True,False,False,True,False,False,False,False,True,False
0.4087716575222072,435.0,-0.8621763211399812,-0.058226960627736635,-0.9830802414038966,1.1369138261873721,-0.15053763750671667,-0.09544761854796006,0.8325942581574283,0.19999744825005455,-1.06943690634874,-1.0647662442321755,-1.071448973483805,0,0,6.077642243349034,False,True,False,False,False,False,False,False,False,False,False,False,False,False,False,False,False,False,False,False,True,False,False,False,False,False,True,False,False,False,True,False,True,False,False,False,False,False,True,False
-0.713439498130007,1669.0,-0.07519506268436271,-0.3588797432627303,0.3866717676043696,-0.8024958872632796,-0.15053763750671667,-0.09544761854796006,-0.7594299096283988,0.3975688470899499,0.050997261264770256,0.03224078554361997,0.2485897530978847,1,1,7.4205789054108005,False,False,False,False,False,False,False,False,False,True,False,False,False,False,False,False,False,False,False,False,False,False,False,False,False,False,True,False,False,False,True,False,False,False,True,False,False,False,True,False
-3.44882919003228,479.0,-0.8621763211399812,-2.0275026868869457,-0.9830802414038966,-0.8024958872632796,1.9642930004582626,-0.09544761854796006,-1.1702748561537737,-1.6966879806129387,0.050997261264770256,0.4541665662266183,1.7987652840326565,1,1,6.173786103901937,False,False,False,False,False,False,False,False,False,True,False,False,False,False,False,False,False,False,False,False,False,False,False,False,False,False,True,False,False,False,True,False,False,False,False,False,True,False,True,False
-1.765512456553958,1895.0,-0.07519506268436271,-1.1706422563772134,0.3866717676043696,-0.8024958872632796,-0.15053763750671667,-0.09544761854796006,-0.7594299096283988,0.19999744825005455,-1.06943690634874,-1.0647662442321755,-0.49332304964521606,0,0,7.547501682814967,False,False,False,False,False,False,True,False,False,False,False,False,False,False,False,False,False,False,False,False,False,True,False,False,False,False,False,False,True,False,True,False,False,True,False,False,False,False,True,False
0.4087716575222072,989.0,-0.07519506268436271,0.5430786046422508,-0.2982042368997635,1.1369138261873721,-0.15053763750671667,-0.09544761854796006,1.1064908891743448,0.3975688470899499,0.050997261264770256,0.03224078554361997,-0.12584653946852056,0,1,6.897704943128636,False,False,False,False,False,False,False,False,False,True,False,False,False,False,False,False,False,False,True,False,False,False,False,False,False,True,False,False,False,False,True,False,False,True,False,False,False,False,False,True
1.6011210104026858,1129.0,-0.07519506268436271,1.9711793221584712,-0.2982042368997635,1.1369138261873721,-0.15053763750671667,-0.09544761854796006,1.1064908891743448,0.0024260494101592586,0.050997261264770256,0.03224078554361997,-0.4476204786194528,0,1,7.029972911706386,False,False,False,False,False,False,True,False,False,False,False,False,False,False,False,False,False,False,True,False,False,False,False,False,False,False,True,False,False,False,True,False,False,True,False,False,False,False,False,True
0.4087716575222072,629.0,-0.07519506268436271,0.0019035958992621705,-0.9830802414038966,3.0763235396380235,-0.15053763750671667,-0.09544761854796006,2.9724116879770883,0.7927116447697404,-1.06943690634874,-1.0647662442321755,-1.071448973483805,0,0,6.4457198193855785,False,False,False,False,False,False,True,False,False,False,False,False,False,False,False,False,False,False,False,False,True,False,False,False,False,False,True,False,False,False,True,False,False,False,True,False,False,False,True,False
-0.713439498130007,2050.38,-0.07519506268436271,-0.3588797432627303,1.7564237766126358,-0.8024958872632796,-0.15053763750671667,-0.09544761854796006,-0.21163664759456588,0.5951402459298452,0.050997261264770256,0.03224078554361997,0.2485897530978847,1,1,7.626268016386377,False,False,False,False,False,False,False,False,False,True,False,False,False,False,False,False,False,False,False,False,False,False,False,False,False,False,False,False,True,False,True,False,False,False,True,False,False,False,False,True
-0.713439498130007,278.0,-0.8621763211399812,-0.809858917215221,-0.9830802414038966,-0.8024958872632796,0.9068776814757729,-0.09544761854796006,-1.2387490139080028,-2.3684307366685817,-1.06943690634874,-1.0647662442321755,-0.8048893079579068,0,0,5.631211781821365,False,True,False,False,False,False,False,False,False,False,False,False,False,False,False,False,False,False,False,False,True,False,False,False,False,False,True,False,False,False,True,False,False,False,False,False,True,False,True,False
0.4087716575222072,752.0,-0.07519506268436271,-0.29874918673573153,0.3866717676043696,-0.8024958872632796,-0.15053763750671667,-0.09544761854796006,-0.7594299096283988,0.7927116447697404,0.050997261264770256,0.03224078554361997,-0.12584653946852056,0,0,6.6240652277998935,False,False,False,False,False,False,True,False,False,False,False,False,False,False,False,False,False,False,False,False,False,True,False,False,False,False,True,False,False,False,True,False,False,False,True,False,False,False,True,False
0.4087716575222072,616.0,-0.8621763211399812,0.28752373940250614,-0.9830802414038966,1.1369138261873721,-0.15053763750671667,-0.09544761854796006,0.8325942581574283,0.3975688470899499,0.050997261264770256,0.03224078554361997,-0.12584653946852056,0,0,6.424869023905388,False,False,False,False,False,False,False,False,False,False,False,False,False,False,False,False,False,False,False,False,True,False,False,False,False,False,True,False,False,False,True,False,False,True,False,False,False,False,False,True
0.4087716575222072,1099.0,1.4987674542268743,0.6934049959597477,-0.9830802414038966,-0.8024958872632796,-0.15053763750671667,10.711664561500005,0.8325942581574283,0.3975688470899499,0.050997261264770256,0.03224078554361997,-0.12584653946852056,0,0,7.003065458786462,False,False,False,False,False,False,False,False,False,True,False,False,False,False,False,False,False,False,False,False,True,False,False,False,False,False,True,False,False,False,True,False,False,False,True,False,False,False,False,False
1.6011210104026858,3949.4,-0.07519506268436271,1.4450369525472322,0.3866717676043696,-0.8024958872632796,-0.15053763750671667,-0.09544761854796006,-0.7594299096283988,0.5951402459298452,0.050997261264770256,0.03224078554361997,-0.4476204786194528,0,1,8.281572118590915,False,False,False,False,False,False,True,False,False,False,False,False,False,False,False,False,False,False,False,False,False,False,True,False,False,False,False,False,True,False,True,False,False,False,True,False,False,False,False,True
0.4087716575222072,784.0,-0.07519506268436271,0.6934049959597477,-0.9830802414038966,1.1369138261873721,-0.15053763750671667,-0.09544761854796006,0.8325942581574283,0.3975688470899499,-1.06943690634874,-1.0647662442321755,-1.071448973483805,0,0,6.665683717782408,False,False,False,True,False,False,False,False,False,False,False,False,False,False,False,False,False,False,False,False,True,False,False,False,False,False,True,False,False,False,True,False,False,True,False,False,False,False,False,False
1.6011210104026858,2399.0,1.4987674542268743,2.6175828048237073,0.3866717676043696,1.1369138261873721,-0.15053763750671667,-0.09544761854796006,1.3803875201912614,0.7927116447697404,0.050997261264770256,0.03224078554361997,-0.4476204786194528,0,0,7.783224016336037,False,False,False,False,False,False,False,False,False,False,True,False,False,False,False,False,False,False,True,False,False,False,False,False,False,False,True,False,False,False,True,False,False,False,True,False,False,False,False,True
0.4087716575222072,2171.72,-0.07519506268436271,-0.23861863020873306,0.3866717676043696,-0.8024958872632796,-0.15053763750671667,-0.09544761854796006,-0.7594299096283988,0.3975688470899499,0.050997261264770256,0.03224078554361997,-0.12584653946852056,0,0,7.683735117835295,False,False,False,False,False,False,True,False,False,False,False,False,False,False,False,False,False,False,False,False,False,True,False,False,False,False,False,False,True,False,True,False,False,False,True,False,False,False,True,False
-0.713439498130007,2440.0,1.4987674542268743,1.1443841699122381,1.7564237766126358,-0.8024958872632796,-0.15053763750671667,-0.09544761854796006,-0.21163664759456588,0.5951402459298452,1.345361642623338,1.2980181275926148,1.4653917075655414,1,1,7.80016307039296,False,False,False,False,False,False,False,False,False,True,False,False,False,False,False,False,False,False,False,False,False,False,False,False,False,False,True,False,False,False,True,False,False,False,True,False,False,False,True,False
0.4087716575222072,1142.8,-0.07519506268436271,0.5430786046422508,-0.2982042368997635,1.1369138261873721,-0.15053763750671667,-0.09544761854796006,1.1064908891743448,0.9902830436096349,0.050997261264770256,0.03224078554361997,-0.12584653946852056,0,0,7.042111331481216,False,False,False,False,False,False,False,False,False,False,True,False,False,False,False,False,False,False,True,False,False,False,False,False,False,False,True,False,False,False,True,False,False,False,True,False,False,False,False,True
-1.2044068787278503,1629.0,-0.07519506268436271,-0.8399241954787204,0.3866717676043696,-0.8024958872632796,-0.15053763750671667,-0.09544761854796006,-0.7594299096283988,0.19999744825005455,0.050997261264770256,0.03224078554361997,0.4406797470538846,1,0,7.396335293800808,False,False,False,False,False,False,True,False,False,False,False,False,False,False,False,False,False,False,False,False,False,False,False,False,False,False,True,False,False,False,True,False,False,True,False,False,False,False,True,False
0.4087716575222072,2229.0,-0.07519506268436271,0.8286987481454947,0.3866717676043696,-0.8024958872632796,-0.15053763750671667,-0.09544761854796006,-0.7594299096283988,0.5951402459298452,0.050997261264770256,0.03224078554361997,-0.12584653946852056,0,1,7.709756864454165,False,False,False,False,False,False,True,False,False,False,False,False,False,False,False,False,False,False,False,False,False,False,True,False,False,False,False,False,True,False,True,False,False,False,True,False,False,False,False,True
-1.2044068787278503,1799.0,-0.07519506268436271,-0.8399241954787204,0.3866717676043696,-0.8024958872632796,-0.15053763750671667,-0.09544761854796006,-0.7594299096283988,0.5951402459298452,1.345361642623338,1.2980181275926148,1.7215116995068742,1,0,7.495541943884256,False,False,False,False,False,False,True,False,False,False,False,False,False,False,False,False,False,False,False,False,False,False,False,False,False,False,True,False,False,False,True,False,False,False,True,False,False,False,True,False
0.4087716575222072,1899.0,-0.07519506268436271,-0.058226960627736635,0.3866717676043696,-0.8024958872632796,-0.15053763750671667,-0.09544761854796006,-0.7594299096283988,0.5951402459298452,0.050997261264770256,0.03224078554361997,-0.12584653946852056,0,0,7.549609165154532,False,False,False,False,False,False,True,False,False,False,False,False,False,False,False,False,False,False,False,False,False,False,True,False,False,False,False,False,True,False,True,False,False,False,True,False,False,False,False,True
-1.765512456553958,2296.95,-0.07519506268436271,-1.1706422563772134,0.3866717676043696,-0.8024958872632796,-0.15053763750671667,-0.09544761854796006,-0.7594299096283988,0.3975688470899499,0.050997261264770256,0.03224078554361997,0.6865920581569761,0,0,7.739772700121512,False,False,False,False,False,False,True,False,False,False,False,False,False,False,False,False,False,False,False,False,False,True,False,False,False,False,False,False,True,False,True,False,False,False,True,False,False,False,True,False
0.4087716575222072,1009.9,-0.07519506268436271,0.21236054374375798,0.3866717676043696,-0.8024958872632796,-0.15053763750671667,-0.09544761854796006,-0.7594299096283988,0.7927116447697404,0.050997261264770256,0.03224078554361997,-0.12584653946852056,0,0,6.918596302160012,False,False,False,True,False,False,False,False,False,False,False,False,False,False,False,False,False,False,False,False,True,False,False,False,False,False,True,False,False,False,True,False,False,False,True,False,False,False,False,True
0.4087716575222072,1579.0,-0.07519506268436271,-0.23861863020873306,0.3866717676043696,-0.8024958872632796,-0.15053763750671667,-0.09544761854796006,-0.7594299096283988,0.0024260494101592586,0.050997261264770256,0.03224078554361997,-0.12584653946852056,0,0,7.365180126021013,False,False,False,False,False,False,True,False,False,False,False,False,False,False,False,False,False,False,False,False,True,False,False,False,False,False,False,False,True,False,True,False,False,True,False,False,False,False,True,False
-0.713439498130007,2339.0,-0.07519506268436271,-1.1556096172454637,0.3866717676043696,-0.8024958872632796,-0.15053763750671667,-0.09544761854796006,-0.7594299096283988,0.3975688470899499,1.345361642623338,1.2980181275926148,1.4653917075655414,1,1,7.757906208351747,False,False,False,False,False,False,False,False,False,True,False,False,False,False,False,False,False,False,False,False,False,False,False,False,False,False,True,False,False,False,True,False,False,False,True,False,False,False,True,False
0.4087716575222072,339.0,-0.8621763211399812,-0.20855335194523364,-0.9830802414038966,1.1369138261873721,-0.15053763750671667,-0.09544761854796006,0.8325942581574283,-0.5902881471095258,-1.06943690634874,-1.0647662442321755,-1.071448973483805,0,0,5.8289456176102075,False,False,False,False,False,False,False,False,False,True,False,False,False,False,False,False,False,False,False,False,True,False,False,False,False,True,False,False,False,False,True,False,True,False,False,False,False,False,True,False
0.4087716575222072,297.0,-0.8621763211399812,-0.2686839084722321,-0.9830802414038966,0.16720896946204622,-0.15053763750671667,-0.09544761854796006,-0.2373144567524018,-0.9854309447893159,-1.06943690634874,-1.0647662442321755,-1.071448973483805,0,0,5.697093486505405,False,False,False,False,False,False,True,False,False,False,False,False,False,False,False,False,False,False,False,False,True,False,False,False,False,False,True,False,False,False,False,False,False,False,False,False,False,False,False,False
0.4087716575222072,599.0,-0.07519506268436271,0.42281749158825316,-0.9830802414038966,1.1369138261873721,-0.15053763750671667,-0.09544761854796006,0.8325942581574283,0.0024260494101592586,0.050997261264770256,0.03224078554361997,-0.12584653946852056,0,0,6.396929655216146,False,False,False,False,False,False,False,False,False,True,False,False,False,False,False,False,False,False,False,False,True,False,False,False,False,True,False,False,False,False,True,False,False,True,False,False,False,False,False,False
0.4087716575222072,1199.0,-0.07519506268436271,0.8737966655407442,-0.9830802414038966,1.1369138261873721,-0.15053763750671667,-0.09544761854796006,0.8325942581574283,0.9902830436096349,0.050997261264770256,0.03224078554361997,-0.12584653946852056,0,0,7.090076835776092,False,False,False,True,False,False,False,False,False,False,False,False,False,False,False,False,False,False,True,False,False,False,False,False,False,False,True,False,False,False,True,False,False,False,True,False,False,False,False,True
0.4087716575222072,2250.68,-0.07519506268436271,0.0019035958992621705,0.3866717676043696,-0.8024958872632796,-0.15053763750671667,-0.09544761854796006,-0.7594299096283988,0.0024260494101592586,3.934090405340473,3.8295728116906047,3.1501230313680426,1,1,7.719431883248258,False,False,False,True,False,False,False,False,False,False,False,False,False,False,False,False,False,False,False,False,True,False,False,False,False,False,True,False,False,False,True,False,False,True,False,False,False,False,False,True
0.4087716575222072,478.89,-0.8621763211399812,-0.19352071281348393,0.3866717676043696,-0.8024958872632796,-0.15053763750671667,-0.09544761854796006,-0.7594299096283988,0.3975688470899499,0.050997261264770256,0.03224078554361997,-0.12584653946852056,0,0,6.173556910972577,False,False,False,False,False,False,True,False,False,False,False,False,False,False,False,False,False,False,False,False,True,False,False,False,False,False,True,False,False,False,False,False,False,False,False,False,False,False,False,False
1.6011210104026858,1492.8,1.4987674542268743,0.9940577785947418,0.3866717676043696,1.1369138261873721,-0.15053763750671667,-0.09544761854796006,1.3803875201912614,0.9902830436096349,0.050997261264770256,0.03224078554361997,-0.4476204786194528,0,0,7.309078487922966,False,False,False,False,False,False,False,False,False,False,True,False,False,False,False,False,False,False,True,False,False,False,False,False,False,False,True,False,False,False,True,False,False,False,True,False,False,False,False,True
-0.713439498130007,2299.0,0.7117861957712558,-0.960185308532718,1.7564237766126358,-0.8024958872632796,-0.15053763750671667,-0.09544761854796006,-0.21163664759456588,0.5951402459298452,0.050997261264770256,0.03224078554361997,0.2485897530978847,0,0,7.7406644019172415,False,False,False,False,False,False,False,False,False,True,False,False,False,False,False,False,False,False,False,False,False,True,False,False,False,False,False,False,True,False,True,False,False,False,True,False,False,False,True,False
0.4087716575222072,788.49,-0.07519506268436271,0.6934049959597477,-0.9830802414038966,-0.8024958872632796,-0.15053763750671667,10.711664561500005,0.8325942581574283,0.0024260494101592586,0.050997261264770256,0.03224078554361997,-0.12584653946852056,0,0,6.67138716737102,False,False,False,False,False,False,False,False,False,True,False,False,False,False,False,False,False,False,False,False,True,False,False,False,False,False,True,False,False,False,True,False,False,True,False,False,False,False,False,False
-1.2044068787278503,2041.0,-0.07519506268436271,-0.8399241954787204,1.7564237766126358,-0.8024958872632796,-0.15053763750671667,-0.09544761854796006,-0.21163664759456588,0.5951402459298452,1.345361642623338,1.2980181275926148,1.7215116995068742,1,0,7.621684998724611,False,False,False,False,False,False,True,False,False,False,False,False,False,False,False,False,False,False,False,False,False,False,False,False,False,False,True,False,False,False,True,False,False,False,True,False,False,False,True,False
-0.713439498130007,1499.0,-0.07519506268436271,-0.5092061345802273,0.3866717676043696,-0.8024958872632796,-0.15053763750671667,-0.09544761854796006,-0.7594299096283988,0.5951402459298452,0.050997261264770256,0.03224078554361997,0.2485897530978847,0,0,7.313220387090301,False,False,False,False,False,False,False,False,False,True,False,False,False,False,False,False,False,False,False,False,False,True,False,False,False,False,False,False,True,False,True,False,False,False,True,False,False,False,True,False
-0.713439498130007,1769.0,1.4987674542268743,-0.5092061345802273,0.3866717676043696,1.1369138261873721,-0.15053763750671667,-0.09544761854796006,1.3803875201912614,0.5951402459298452,0.050997261264770256,0.03224078554361997,0.2485897530978847,0,0,7.478734825567875,False,False,False,False,False,False,False,False,False,False,True,False,False,False,False,False,False,False,True,False,False,False,False,False,False,False,True,False,False,False,True,False,False,False,True,False,False,False,False,True
0.4087716575222072,899.0,-0.07519506268436271,0.8737966655407442,-0.9830802414038966,1.1369138261873721,-0.15053763750671667,-0.09544761854796006,0.8325942581574283,0.9902830436096349,0.050997261264770256,0.03224078554361997,-0.12584653946852056,0,1,6.802394763324311,False,False,False,False,False,False,True,False,False,False,False,False,False,False,False,False,False,False,True,False,False,False,False,False,False,False,True,False,False,False,True,False,False,False,True,False,False,False,False,True
0.4087716575222072,459.0,-0.07519506268436271,0.24242582200725737,-0.9830802414038966,1.1369138261873721,-0.15053763750671667,-0.09544761854796006,0.8325942581574283,-0.5902881471095258,-1.06943690634874,-1.0647662442321755,-1.071448973483805,0,0,6.131226489483141,False,False,False,False,False,False,False,False,False,True,False,False,False,False,False,False,False,False,False,False,True,False,False,False,False,False,True,False,False,False,True,False,True,False,False,False,False,False,True,False
0.4087716575222072,476.99,-0.8621763211399812,0.09209943068976037,-0.9830802414038966,0.16720896946204622,-0.15053763750671667,-0.09544761854796006,-0.2373144567524018,0.0024260494101592586,-1.06943690634874,-1.0647662442321755,-1.071448973483805,0,0,6.1695898117705275,False,False,False,False,False,False,True,False,False,False,False,False,False,False,False,False,False,False,False,False,True,False,False,False,False,True,False,False,False,False,True,False,False,True,False,False,False,False,True,False
0.4087716575222072,1498.0,-0.07519506268436271,0.8737966655407442,-0.2982042368997635,1.1369138261873721,-0.15053763750671667,-0.09544761854796006,1.1064908891743448,0.9902830436096349,3.934090405340473,3.8295728116906047,3.1501230313680426,0,0,7.312553498102598,False,False,False,True,False,False,False,False,False,False,False,False,False,False,False,False,False,False,True,False,False,False,False,False,False,False,True,False,False,False,True,False,False,False,True,False,False,False,False,True
0.4087716575222072,1390.0,-0.07519506268436271,-0.13339015628648515,0.3866717676043696,-0.8024958872632796,-0.15053763750671667,-0.09544761854796006,-0.7594299096283988,0.3975688470899499,0.050997261264770256,0.03224078554361997,-0.12584653946852056,0,1,7.237778191923443,False,False,False,False,False,False,False,False,False,True,False,False,False,False,False,False,False,False,False,False,True,False,False,False,False,False,True,False,False,False,True,False,False,True,False,False,False,False,True,False
0.4087716575222072,468.0,-0.8621763211399812,0.24242582200725737,-0.9830802414038966,1.1369138261873721,-0.15053763750671667,-0.09544761854796006,0.8325942581574283,-0.5902881471095258,0.050997261264770256,0.03224078554361997,-0.12584653946852056,0,0,6.150602768446279,False,False,False,False,False,False,False,False,False,True,False,False,False,False,False,False,False,False,False,False,True,False,False,False,False,False,True,False,False,False,True,False,True,False,False,False,False,False,False,True
-0.713439498130007,249.0,-1.2556669503677904,-0.9000547520057193,-0.9830802414038966,-0.8024958872632796,0.9068776814757729,-0.09544761854796006,-1.2387490139080028,-1.380573742469106,-1.06943690634874,-1.0647662442321755,-0.8048893079579068,0,0,5.521460917862246,False,False,False,False,False,False,True,False,False,False,False,False,False,False,False,False,False,False,False,False,True,False,False,False,False,False,True,False,False,False,True,False,False,False,False,False,True,False,True,False
0.4087716575222072,839.0,-0.07519506268436271,0.24242582200725737,-0.9830802414038966,1.1369138261873721,-0.15053763750671667,-0.09544761854796006,0.8325942581574283,0.7927116447697404,0.050997261264770256,0.03224078554361997,-0.12584653946852056,0,1,6.733401891837359,False,False,False,False,False,False,False,False,False,False,True,False,False,False,False,False,False,False,True,False,False,False,False,False,False,False,True,False,False,False,True,False,False,False,True,False,False,False,False,True
0.4087716575222072,679.0,-0.07519506268436271,-0.11835751715473544,0.3866717676043696,-0.8024958872632796,-0.15053763750671667,-0.09544761854796006,-0.7594299096283988,0.3975688470899499,0.050997261264770256,0.03224078554361997,-0.12584653946852056,0,0,6.522092798170152,False,False,False,False,False,False,True,False,False,False,False,False,False,False,False,False,False,False,False,False,True,False,False,False,False,False,True,False,False,False,True,False,False,False,True,False,False,False,True,False
0.4087716575222072,1159.0,1.4987674542268743,0.09209943068976037,1.7564237766126358,-0.8024958872632796,-0.15053763750671667,-0.09544761854796006,-0.21163664759456588,-0.9854309447893159,0.050997261264770256,0.03224078554361997,-0.12584653946852056,0,0,7.05617528410041,False,False,False,False,False,False,True,False,False,False,False,False,False,False,False,False,False,False,False,False,True,False,False,False,False,False,True,False,False,False,True,False,False,False,True,False,False,False,True,False
0.4087716575222072,369.0,-0.8621763211399812,0.24242582200725737,-0.9830802414038966,0.16720896946204622,-0.15053763750671667,-0.09544761854796006,-0.2373144567524018,-1.380573742469106,-1.06943690634874,-1.0647662442321755,-1.071448973483805,0,0,5.91350300563827,False,True,False,False,False,False,False,False,False,False,False,False,False,False,False,False,False,False,False,False,True,False,False,False,False,False,True,False,False,False,True,False,False,False,False,False,True,False,True,False
0.4087716575222072,398.0,-0.8621763211399812,0.09209943068976037,-0.9830802414038966,0.16720896946204622,-0.15053763750671667,-0.09544761854796006,-0.2373144567524018,0.0024260494101592586,-1.06943690634874,-1.0647662442321755,-1.071448973483805,0,0,5.988961416889864,False,False,False,False,False,False,False,False,False,True,False,False,False,False,False,False,False,False,False,False,True,False,False,False,False,True,False,False,False,False,True,False,False,True,False,False,False,False,True,False
0.4087716575222072,709.0,-0.07519506268436271,0.24242582200725737,-0.9830802414038966,1.1369138261873721,-0.15053763750671667,-0.09544761854796006,0.8325942581574283,0.7927116447697404,0.050997261264770256,0.03224078554361997,-0.12584653946852056,0,0,6.565264970035361,False,False,False,False,False,False,False,False,False,True,False,False,False,False,False,False,False,False,False,False,True,False,False,False,False,True,False,False,False,False,True,False,False,False,True,False,False,False,False,True
-0.713439498130007,769.0,-0.8621763211399812,-0.058226960627736635,0.3866717676043696,-0.8024958872632796,-0.15053763750671667,-0.09544761854796006,-0.7594299096283988,0.19999744825005455,0.050997261264770256,0.03224078554361997,0.2485897530978847,0,0,6.646390514847729,False,True,False,False,False,False,False,False,False,False,False,False,False,False,False,False,False,False,False,False,True,False,False,False,False,False,True,False,False,False,True,False,True,False,False,False,False,False,True,False
0.4087716575222072,825.0,-0.8621763211399812,0.42281749158825316,-0.9830802414038966,-0.8024958872632796,-0.15053763750671667,10.711664561500005,0.8325942581574283,0.3975688470899499,0.050997261264770256,0.03224078554361997,-0.12584653946852056,0,0,6.716594773520978,False,False,False,False,False,False,False,False,False,True,False,False,False,False,False,False,False,False,False,False,True,False,False,False,False,False,False,False,True,False,True,False,False,False,True,False,False,False,True,False
0.4087716575222072,1305.0,1.4987674542268743,1.9110487656314725,1.7564237766126358,-0.8024958872632796,-0.15053763750671667,-0.09544761854796006,-0.21163664759456588,0.5951402459298452,0.050997261264770256,0.03224078554361997,-0.12584653946852056,0,1,7.174724309836376,False,False,False,False,False,False,False,False,False,True,False,False,False,False,False,False,False,False,True,False,False,False,False,False,False,False,True,False,False,False,True,False,False,False,True,False,False,False,False,True
0.4087716575222072,2153.37,1.4987674542268743,-0.19352071281348393,-0.2982042368997635,1.1369138261873721,-0.15053763750671667,-0.09544761854796006,1.1064908891743448,0.5951402459298452,0.050997261264770256,0.03224078554361997,-0.12584653946852056,0,0,7.6752536164097185,False,False,False,False,False,False,False,False,False,False,True,False,False,False,False,False,False,False,True,False,False,False,False,False,False,False,True,False,False,False,True,False,False,False,True,False,False,False,False,True
0.4087716575222072,650.0,-0.8621763211399812,0.04700151329451094,-0.9830802414038966,0.16720896946204622,-0.15053763750671667,-0.09544761854796006,-0.2373144567524018,0.0024260494101592586,-1.06943690634874,-1.0647662442321755,-1.071448973483805,0,0,6.478509642208569,False,False,False,False,False,False,True,False,False,False,False,False,False,False,False,False,False,False,False,False,True,False,False,False,False,False,True,False,False,False,True,False,True,False,False,False,False,False,True,False
-0.713439498130007,1637.0,-0.07519506268436271,-1.0203158650597164,0.3866717676043696,-0.8024958872632796,-0.15053763750671667,-0.09544761854796006,-0.7594299096283988,0.0024260494101592586,1.345361642623338,1.2980181275926148,1.4653917075655414,1,1,7.401231264413015,False,False,False,False,False,False,False,False,False,True,False,False,False,False,False,False,False,False,False,False,False,False,False,False,False,False,True,False,False,False,True,False,False,True,False,False,False,False,True,False
0.4087716575222072,831.0,-0.46868569191217196,-0.7497283606882222,0.3866717676043696,-0.8024958872632796,-0.15053763750671667,-0.09544761854796006,-0.7594299096283988,0.7927116447697404,0.050997261264770256,0.03224078554361997,-0.12584653946852056,0,0,6.723832440821209,False,False,False,False,False,False,False,False,False,True,False,False,False,False,False,False,False,False,False,False,False,True,False,False,False,False,True,False,False,False,True,False,False,False,True,False,False,False,False,True
0.4087716575222072,895.01,-0.07519506268436271,-0.08829223889123604,0.3866717676043696,-0.8024958872632796,-0.15053763750671667,-0.09544761854796006,-0.7594299096283988,0.7927116447697404,0.050997261264770256,0.03224078554361997,-0.12584653946852056,0,0,6.797951573626936,False,False,False,True,False,False,False,False,False,False,False,False,False,False,False,False,False,False,False,False,True,False,False,False,True,False,False,False,False,False,True,False,False,False,True,False,False,False,False,True
0.4087716575222072,333.0,-0.8621763211399812,0.09209943068976037,-0.9830802414038966,0.16720896946204622,-0.15053763750671667,-0.09544761854796006,-0.2373144567524018,-0.5902881471095258,-1.06943690634874,-1.0647662442321755,-1.071448973483805,0,0,5.811140992976701,False,False,False,False,False,False,False,False,False,False,False,False,False,False,False,False,False,False,False,False,True,False,False,False,False,False,True,False,False,False,True,False,False,False,False,False,True,False,True,False
0.4087716575222072,799.0,-0.46868569191217196,0.21236054374375798,-0.9830802414038966,1.1369138261873721,-0.15053763750671667,-0.09544761854796006,0.8325942581574283,0.5951402459298452,0.050997261264770256,0.03224078554361997,-0.12584653946852056,0,1,6.684611727667927,False,False,False,False,False,False,True,False,False,False,False,False,False,False,False,False,False,False,False,False,True,False,False,False,False,False,True,False,False,False,True,False,False,False,True,False,False,False,False,True
0.4087716575222072,909.0,-0.07519506268436271,0.8302020120586702,0.3866717676043696,1.1369138261873721,-0.15053763750671667,-0.09544761854796006,1.3803875201912614,0.5951402459298452,0.050997261264770256,0.03224078554361997,-0.12584653946852056,0,1,6.813444599510896,False,True,False,False,False,False,False,False,False,False,False,False,False,False,False,False,False,False,True,False,False,False,False,False,False,False,True,False,False,False,True,False,False,False,True,False,False,False,False,True
0.4087716575222072,1179.0,1.4987674542268743,0.07706679155801034,1.7564237766126358,-0.8024958872632796,-0.15053763750671667,-0.09544761854796006,-0.21163664759456588,0.7927116447697404,0.050997261264770256,0.03224078554361997,-0.12584653946852056,1,0,7.07326971745971,False,False,False,True,False,False,False,False,False,False,False,False,False,False,False,False,False,False,False,False,False,False,False,False,False,False,True,False,False,False,True,False,False,False,True,False,False,False,True,False
0.4087716575222072,691.0,-0.8621763211399812,0.28752373940250614,0.3866717676043696,-0.8024958872632796,-0.15053763750671667,-0.09544761854796006,-0.7594299096283988,0.3975688470899499,0.050997261264770256,0.03224078554361997,-0.12584653946852056,0,0,6.539585955617669,False,False,False,False,False,False,False,False,False,False,False,False,False,False,False,False,False,False,False,False,True,False,False,False,False,False,True,False,False,False,True,False,False,True,False,False,False,False,False,True
-1.2044068787278503,1099.0,-0.07519506268436271,-1.2157401737724627,0.3866717676043696,-0.8024958872632796,-0.15053763750671667,-0.09544761854796006,-0.7594299096283988,0.19999744825005455,2.6397260239819054,2.56379546964161,3.002343651959864,1,0,7.003065458786462,False,False,False,True,False,False,False,False,False,False,False,False,False,False,False,False,False,False,False,False,False,True,False,False,True,False,False,False,False,False,True,False,False,True,False,False,False,False,True,False
1.6011210104026858,2599.0,1.4987674542268743,3.248953648357195,0.3866717676043696,1.1369138261873721,-0.15053763750671667,-0.09544761854796006,1.3803875201912614,0.9902830436096349,0.050997261264770256,0.03224078554361997,-0.4476204786194528,0,1,7.8632667240095735,False,False,False,False,False,False,False,False,False,False,False,False,False,False,False,False,False,False,True,False,False,False,False,False,False,False,True,False,False,False,True,False,False,False,True,False,False,False,False,True
0.4087716575222072,819.0,-0.07519506268436271,0.5430786046422508,-0.9830802414038966,1.1369138261873721,-0.15053763750671667,-0.09544761854796006,0.8325942581574283,0.3975688470899499,0.050997261264770256,0.03224078554361997,-0.12584653946852056,0,1,6.709304340258298,False,False,False,False,False,False,False,False,False,True,False,False,False,False,False,False,False,False,True,False,False,False,False,False,False,False,True,False,False,False,True,False,False,True,False,False,False,False,False,True
-1.9057888510104843,659.0,-0.8621763211399812,-1.3360012868264601,-0.9830802414038966,-0.8024958872632796,0.9068776814757729,-0.09544761854796006,-1.2387490139080028,-0.5902881471095258,1.021770547283696,1.8605858351699458,2.0386457837313325,1,1,6.492239835020471,False,False,False,False,False,False,False,False,False,False,False,False,False,False,True,False,False,False,False,False,False,False,False,True,False,False,False,False,False,False,False,True,False,False,False,True,False,True,False,False
0.4087716575222072,485.0,-0.8621763211399812,-0.2686839084722321,-0.9830802414038966,0.16720896946204622,-0.15053763750671667,-0.09544761854796006,-0.2373144567524018,0.3975688470899499,-1.06943690634874,-1.0647662442321755,-1.071448973483805,0,0,6.186208623900494,False,False,False,False,False,False,True,False,False,False,False,False,False,False,False,False,False,False,False,False,True,False,False,False,False,False,True,False,False,False,True,False,False,True,False,False,False,False,True,False
-2.116203442695275,1163.0,-0.07519506268436271,-1.681751986856703,-0.9830802414038966,-0.8024958872632796,8.308784914353199,-0.09544761854796006,-0.7594299096283988,-2.3684307366685817,0.8276158900799108,1.2980181275926148,1.8509636519554826,0,1,7.059617628291383,True,False,False,False,False,False,False,False,False,False,False,False,False,False,False,False,False,False,False,False,False,True,False,False,False,False,False,False,False,True,True,False,False,False,False,False,True,False,True,False
-1.2044068787278503,1199.0,-0.07519506268436271,-0.659532525897724,0.3866717676043696,-0.8024958872632796,-0.15053763750671667,-0.09544761854796006,-0.7594299096283988,0.3975688470899499,0.050997261264770256,0.03224078554361997,0.4406797470538846,1,1,7.090076835776092,False,False,False,True,False,False,False,False,False,False,False,False,False,False,False,False,False,False,False,False,False,False,False,False,False,False,True,False,False,False,True,False,False,True,False,False,False,False,True,False
0.4087716575222072,1327.0,0.7117861957712558,0.2574584611390068,-0.2982042368997635,1.1369138261873721,-0.15053763750671667,-0.09544761854796006,1.1064908891743448,0.9902830436096349,0.050997261264770256,0.03224078554361997,-0.12584653946852056,0,1,7.191429330036379,False,False,False,False,False,False,True,False,False,False,False,False,False,False,False,False,False,False,False,False,True,False,False,False,False,False,True,False,False,False,True,False,False,False,True,False,False,False,False,True
0.4087716575222072,368.0,-0.8621763211399812,-0.20855335194523364,-0.9830802414038966,1.1369138261873721,-0.15053763750671667,-0.09544761854796006,0.8325942581574283,-0.5902881471095258,-1.06943690634874,-1.0647662442321755,-1.071448973483805,0,0,5.910796644040527,False,False,False,False,False,False,False,False,False,True,False,False,False,False,False,False,False,False,False,False,True,False,False,False,False,True,False,False,False,False,True,False,True,False,False,False,False,False,False,False
1.6011210104026858,2150.0,1.4987674542268743,3.399280039674691,1.7564237766126358,1.1369138261873721,-0.15053763750671667,-0.09544761854796006,1.9281807822250943,0.5951402459298452,0.050997261264770256,0.03224078554361997,-0.4476204786194528,0,1,7.67368812926773,False,True,False,False,False,False,False,False,False,False,False,False,False,False,False,False,False,False,True,False,False,False,False,False,False,False,True,False,False,False,True,False,False,False,True,False,False,False,False,True
0.4087716575222072,272.0,-0.8621763211399812,0.09209943068976037,-0.9830802414038966,1.1369138261873721,-0.15053763750671667,-0.09544761854796006,0.8325942581574283,-0.5902881471095258,-1.06943690634874,-1.0647662442321755,-1.071448973483805,0,0,5.60947179518496,False,False,False,False,False,False,False,False,False,False,False,False,False,False,False,False,False,False,False,False,True,False,False,False,True,False,False,False,False,False,True,False,False,False,False,False,True,False,True,False
1.6011210104026858,2048.9,1.4987674542268743,0.5881765220375001,0.3866717676043696,1.1369138261873721,-0.15053763750671667,-0.09544761854796006,1.3803875201912614,0.9902830436096349,0.050997261264770256,0.03224078554361997,-0.4476204786194528,0,0,7.625546290454842,False,False,False,False,False,False,False,False,False,False,True,False,False,False,False,False,False,False,True,False,False,False,False,False,False,False,True,False,False,False,True,False,False,False,True,False,False,False,False,True
0.4087716575222072,499.0,-0.8621763211399812,0.39275221332475374,-0.2982042368997635,-0.8024958872632796,-0.15053763750671667,-0.09544761854796006,-1.0333265406453154,-0.5902881471095258,-1.06943690634874,-1.0647662442321755,-1.071448973483805,0,0,6.214608098422191,False,False,False,True,False,False,False,False,False,False,False,False,False,False,False,False,False,False,False,False,True,False,False,False,False,False,True,False,False,False,True,False,True,False,False,False,False,False,False,False
0.4087716575222072,629.0,-0.07519506268436271,0.24242582200725737,-0.9830802414038966,0.16720896946204622,-0.15053763750671667,-0.09544761854796006,-0.2373144567524018,0.3975688470899499,-1.06943690634874,-1.0647662442321755,-1.071448973483805,0,0,6.4457198193855785,False,False,False,False,False,False,False,False,False,True,False,False,False,False,False,False,False,False,False,False,True,False,False,False,False,True,False,False,False,False,True,False,False,False,True,False,False,False,False,True
0.4087716575222072,1285.0,1.4987674542268743,-0.058226960627736635,1.7564237766126358,-0.8024958872632796,-0.15053763750671667,-0.09544761854796006,-0.21163664759456588,-0.9854309447893159,0.050997261264770256,0.03224078554361997,-0.12584653946852056,1,0,7.1592919047975645,False,False,False,True,False,False,False,False,False,False,False,False,False,False,False,False,False,False,False,False,False,False,False,False,False,False,True,False,False,False,True,False,False,False,True,False,False,False,True,False
-1.2044068787278503,2680.0,1.4987674542268743,-1.2608380911677117,1.7564237766126358,-0.8024958872632796,-0.15053763750671667,-0.09544761854796006,-0.21163664759456588,0.7927116447697404,2.6397260239819054,2.56379546964161,3.002343651959864,1,0,7.893945138235959,False,False,False,True,False,False,False,False,False,False,False,False,False,False,False,False,False,False,False,False,False,True,False,False,False,False,True,False,False,False,True,False,False,False,True,False,False,False,True,False
0.4087716575222072,1169.0,-0.07519506268436271,0.24242582200725737,-0.9830802414038966,1.1369138261873721,-0.15053763750671667,-0.09544761854796006,0.8325942581574283,0.5951402459298452,0.050997261264770256,0.03224078554361997,-0.12584653946852056,0,0,7.064759027791802,False,True,False,False,False,False,False,False,False,False,False,False,False,False,False,False,False,False,True,False,False,False,False,False,False,False,True,False,False,False,True,False,False,False,True,False,False,False,False,True
0.4087716575222072,889.0,-0.07519506268436271,0.48294804811525194,0.3866717676043696,-0.8024958872632796,-0.15053763750671667,-0.09544761854796006,-0.7594299096283988,0.3975688470899499,0.050997261264770256,0.03224078554361997,-0.12584653946852056,0,0,6.7912214627261855,False,False,False,True,False,False,False,False,False,False,False,False,False,False,False,False,False,False,False,False,True,False,False,False,False,False,True,False,False,False,True,False,False,True,False,False,False,False,False,False
0.4087716575222072,579.0,-0.07519506268436271,-0.19352071281348393,0.3866717676043696,-0.8024958872632796,-0.15053763750671667,-0.09544761854796006,-0.7594299096283988,0.3975688470899499,-1.06943690634874,-1.0647662442321755,-1.071448973483805,0,0,6.363028103540465,False,False,False,False,False,False,True,False,False,False,False,False,False,False,False,False,False,False,False,False,True,False,False,False,False,False,True,False,False,False,True,False,False,True,False,False,False,False,True,False
0.4087716575222072,299.0,-0.8621763211399812,0.24242582200725737,-0.9830802414038966,0.16720896946204622,-0.15053763750671667,-0.09544761854796006,-0.2373144567524018,-0.19514534942973516,-1.06943690634874,-1.0647662442321755,-1.071448973483805,0,0,5.703782474656201,False,False,False,False,False,False,False,False,False,True,False,False,False,False,False,False,False,False,False,False,True,False,False,False,False,False,True,False,False,False,False,False,False,False,False,False,False,False,False,False
1.6011210104026858,629.0,-0.07519506268436271,1.8960161264997224,-0.9830802414038966,1.1369138261873721,-0.15053763750671667,-0.09544761854796006,0.8325942581574283,-0.5902881471095258,-0.5961849294145135,-0.6006478854808774,-0.9401410790646072,0,0,6.4457198193855785,False,False,False,False,False,False,False,False,False,False,False,False,False,False,False,False,False,False,False,False,True,False,False,False,False,False,True,False,False,False,True,False,True,False,False,False,False,False,False,True
0.4087716575222072,2449.0,1.4987674542268743,0.24242582200725737,0.3866717676043696,1.1369138261873721,-0.15053763750671667,-0.09544761854796006,1.3803875201912614,0.9902830436096349,0.050997261264770256,0.03224078554361997,-0.12584653946852056,0,0,7.803843303538772,False,True,False,False,False,False,False,False,False,False,False,False,False,False,False,False,False,False,True,False,False,False,False,False,False,False,True,False,False,False,True,False,False,False,True,False,False,False,False,True
-2.116203442695275,1279.0,-0.07519506268436271,-1.681751986856703,-0.9830802414038966,-0.8024958872632796,16.768107466213117,-0.09544761854796006,-0.21163664759456588,-2.170859337828687,0.8276158900799108,1.2980181275926148,1.8509636519554826,0,1,7.154615356913663,True,False,False,False,False,False,False,False,False,False,False,False,False,False,False,False,False,False,False,False,False,True,False,False,False,False,False,False,False,True,True,False,False,False,False,False,True,False,True,False
0.4087716575222072,1749.0,1.4987674542268743,0.24242582200725737,-0.2982042368997635,1.1369138261873721,-0.15053763750671667,-0.09544761854796006,1.1064908891743448,0.9902830436096349,0.050997261264770256,0.03224078554361997,-0.12584653946852056,0,0,7.4673710669175595,False,True,False,False,False,False,False,False,False,False,False,False,False,False,False,False,False,False,False,False,True,False,False,False,False,False,True,False,False,False,True,False,False,False,True,False,False,False,False,True
1.6011210104026858,1948.99,1.4987674542268743,0.5881765220375001,0.3866717676043696,1.1369138261873721,-0.15053763750671667,-0.09544761854796006,1.3803875201912614,0.5951402459298452,0.050997261264770256,0.03224078554361997,-0.4476204786194528,0,1,7.575579523339515,False,False,False,False,False,False,False,False,False,False,True,False,False,False,False,False,False,False,True,False,False,False,False,False,False,False,True,False,False,False,True,False,False,False,True,False,False,False,False,True
0.4087716575222072,999.0,-0.07519506268436271,0.22889644678868215,0.3866717676043696,-0.8024958872632796,-0.15053763750671667,-0.09544761854796006,-0.7594299096283988,0.3975688470899499,0.050997261264770256,0.03224078554361997,-0.12584653946852056,1,1,6.907755278982137,False,False,False,True,False,False,False,False,False,False,False,False,False,False,False,False,False,False,False,False,False,False,False,False,False,False,True,False,False,False,True,False,False,True,False,False,False,False,True,False
1.6011210104026858,1949.0,1.4987674542268743,1.2947105612297352,0.3866717676043696,1.1369138261873721,-0.15053763750671667,-0.09544761854796006,1.3803875201912614,0.9902830436096349,0.050997261264770256,0.03224078554361997,-0.4476204786194528,0,0,7.575584651557793,False,True,False,False,False,False,False,False,False,False,False,False,False,False,False,False,False,False,True,False,False,False,False,False,False,False,True,False,False,False,True,False,False,False,True,False,False,False,False,True
-2.396756231608329,174.0,-1.2556669503677904,-1.1105116998502147,-0.8118612402778633,-0.8024958872632796,-0.15053763750671667,-0.09544761854796006,-1.2387490139080028,-1.5781451413090015,-1.06943690634874,-1.0647662442321755,-0.26782610021860753,0,0,5.1647859739235145,False,False,False,False,False,False,False,False,False,False,False,False,False,False,False,False,False,False,False,True,False,False,False,True,False,False,False,False,False,False,True,False,False,False,False,False,True,False,True,False
1.6011210104026858,598.0,-0.8621763211399812,1.8960161264997224,-0.9830802414038966,1.1369138261873721,-0.15053763750671667,-0.09544761854796006,0.8325942581574283,-0.5902881471095258,-0.5961849294145135,-0.6006478854808774,-0.9401410790646072,0,0,6.395261598115449,False,False,False,False,False,False,False,False,False,False,False,False,False,False,False,False,False,False,False,False,True,False,False,False,False,False,True,False,False,False,True,False,True,False,False,False,False,False,False,True
1.6011210104026858,539.0,-0.07519506268436271,1.1443841699122381,-0.9830802414038966,1.1369138261873721,-0.15053763750671667,-0.09544761854796006,0.8325942581574283,0.3975688470899499,-0.5961849294145135,-0.6006478854808774,-0.9401410790646072,0,0,6.29156913955832,False,False,False,False,False,False,False,False,False,True,False,False,False,False,False,False,False,False,False,False,True,False,False,False,False,True,False,False,False,False,True,False,False,True,False,False,False,False,True,False
0.4087716575222072,1272.0,-0.07519506268436271,0.8437313872772447,-0.2982042368997635,1.1369138261873721,-0.15053763750671667,-0.09544761854796006,1.1064908891743448,0.5951402459298452,0.050997261264770256,0.03224078554361997,-0.12584653946852056,0,1,7.149131598557407,False,False,False,False,False,False,False,False,False,True,False,False,False,False,False,False,False,False,True,False,False,False,False,False,False,False,True,False,False,False,True,False,False,False,True,False,False,False,False,True
-0.713439498130007,1149.0,-0.07519506268436271,-1.2608380911677117,0.3866717676043696,-0.8024958872632796,-0.15053763750671667,-0.09544761854796006,-0.7594299096283988,-1.9732879389887916,0.050997261264770256,0.03224078554361997,0.2485897530978847,1,1,7.047517221357296,False,False,False,False,False,False,False,False,False,False,False,False,False,False,False,False,False,False,False,False,False,False,False,False,False,False,True,False,False,False,True,False,False,False,True,False,False,False,True,False
0.4087716575222072,1529.0,-0.07519506268436271,0.39275221332475374,0.3866717676043696,-0.8024958872632796,-0.15053763750671667,-0.09544761854796006,-0.7594299096283988,0.5951402459298452,0.050997261264770256,0.03224078554361997,-0.12584653946852056,0,1,7.333023014386481,False,False,False,False,False,False,False,False,False,True,False,False,False,False,False,False,False,False,False,False,True,False,False,False,False,False,True,False,False,False,True,False,False,False,True,False,False,False,True,False
0.4087716575222072,1476.11,-0.07519506268436271,0.24242582200725737,-0.2982042368997635,1.1369138261873721,-0.15053763750671667,-0.09544761854796006,1.1064908891743448,0.5951402459298452,0.050997261264770256,0.03224078554361997,-0.12584653946852056,0,0,7.297842755045979,False,False,False,False,False,False,False,False,False,False,True,False,False,False,False,False,False,False,True,False,False,False,False,False,False,False,True,False,False,False,True,False,False,False,True,False,False,False,False,True
0.4087716575222072,529.0,-0.46868569191217196,0.09209943068976037,-0.9830802414038966,1.1369138261873721,-0.15053763750671667,-0.09544761854796006,0.8325942581574283,0.7927116447697404,0.050997261264770256,0.03224078554361997,-0.12584653946852056,0,0,6.272877006546167,False,False,False,False,False,False,True,False,False,False,False,False,False,False,False,False,False,False,False,False,True,False,False,False,False,False,True,False,False,False,False,False,False,False,False,False,False,False,False,False
-1.765512456553958,1713.37,-0.07519506268436271,-1.1706422563772134,0.3866717676043696,-0.8024958872632796,-0.15053763750671667,-0.09544761854796006,-0.7594299096283988,0.19999744825005455,0.050997261264770256,0.03224078554361997,0.6865920581569761,1,0,7.44680094517285,False,False,False,True,False,False,False,False,False,False,False,False,False,False,False,False,False,False,False,False,False,True,False,False,False,False,False,False,True,False,True,False,False,True,False,False,False,False,True,False
-0.012057525847372975,509.0,-0.8621763211399812,0.06203415242626097,-0.9830802414038966,0.16720896946204622,-0.15053763750671667,-0.09544761854796006,-0.2373144567524018,0.19999744825005455,0.050997261264770256,0.03224078554361997,0.005229362204353892,1,0,6.234410725718371,False,False,False,True,False,False,False,False,False,False,False,False,False,False,False,False,False,False,False,False,False,False,False,False,False,False,True,False,False,False,True,False,True,False,False,False,False,False,True,False
0.4087716575222072,309.0,-0.8621763211399812,0.9188945829359929,-0.9830802414038966,1.1369138261873721,-0.15053763750671667,-0.09544761854796006,0.8325942581574283,-1.380573742469106,-1.06943690634874,-1.0647662442321755,-1.071448973483805,0,0,5.736572297479192,False,True,False,False,False,False,False,False,False,False,False,False,False,False,False,False,False,False,False,False,True,False,False,False,False,False,True,False,False,False,True,False,False,False,False,False,True,False,True,False
-1.2044068787278503,1477.0,-0.07519506268436271,-1.1255443389819644,0.3866717676043696,-0.8024958872632796,-0.15053763750671667,-0.09544761854796006,-0.7594299096283988,0.7927116447697404,2.6397260239819054,2.56379546964161,3.002343651959864,1,0,7.298445101508147,False,False,False,True,False,False,False,False,False,False,False,False,False,False,False,False,False,False,False,False,False,True,False,False,False,False,True,False,False,False,True,False,False,False,True,False,False,False,True,False
0.4087716575222072,521.86,-0.8621763211399812,0.21236054374375798,-0.9830802414038966,1.1369138261873721,-0.15053763750671667,-0.09544761854796006,0.8325942581574283,0.3975688470899499,-1.06943690634874,-1.0647662442321755,-1.071448973483805,0,0,6.259313741806043,False,False,False,True,False,False,False,False,False,False,False,False,False,False,False,False,False,False,False,False,True,False,False,False,True,False,False,False,False,False,True,False,False,True,False,False,False,False,True,False
0.4087716575222072,1029.0,1.4987674542268743,0.8437313872772447,-0.2982042368997635,1.1369138261873721,-0.15053763750671667,-0.09544761854796006,1.1064908891743448,0.5951402459298452,0.050997261264770256,0.03224078554361997,-0.12584653946852056,1,1,6.937314081223682,False,False,False,False,False,False,False,False,False,True,False,False,False,False,False,False,False,False,True,False,False,False,False,False,False,False,True,False,False,False,True,False,False,False,True,False,False,False,False,True
0.4087716575222072,1149.0,-0.07519506268436271,0.24242582200725737,-0.2982042368997635,1.1369138261873721,-0.15053763750671667,-0.09544761854796006,1.1064908891743448,0.9902830436096349,0.050997261264770256,0.03224078554361997,-0.12584653946852056,0,0,7.047517221357296,False,False,False,False,False,False,False,False,False,False,True,False,False,False,False,False,False,False,True,False,False,False,False,False,False,False,True,False,False,False,True,False,False,False,True,False,False,False,False,True
-1.765512456553958,1650.0,1.4987674542268743,-1.1105116998502147,1.7564237766126358,-0.8024958872632796,-0.15053763750671667,-0.09544761854796006,-0.21163664759456588,0.3975688470899499,0.050997261264770256,0.03224078554361997,0.6865920581569761,1,1,7.409136443920128,False,False,False,False,False,False,False,False,False,True,False,False,False,False,False,False,False,False,False,True,False,False,False,False,False,False,True,False,False,False,True,False,False,False,True,False,False,False,True,False
-0.713439498130007,3499.0,1.4987674542268743,-0.13339015628648515,4.367513543784643,-0.8024958872632796,-0.15053763750671667,-0.09544761854796006,0.8325942581574283,0.9902830436096349,0.050997261264770256,0.03224078554361997,0.2485897530978847,0,0,8.160518247477505,False,False,False,False,False,False,False,False,False,False,False,False,False,True,False,False,False,False,True,False,False,False,False,False,False,False,True,False,False,False,True,False,False,False,True,False,False,False,False,True
0.4087716575222072,469.01,-0.07519506268436271,0.39275221332475374,-0.9830802414038966,1.1369138261873721,-0.15053763750671667,-0.09544761854796006,0.8325942581574283,0.19999744825005455,-1.06943690634874,-1.0647662442321755,-1.071448973483805,1,0,6.152753971073506,False,False,False,True,False,False,False,False,False,False,False,False,False,False,False,False,False,False,False,False,True,False,False,False,False,False,True,False,False,False,True,False,True,False,False,False,False,False,True,False
1.6011210104026858,1598.0,1.4987674542268743,0.9940577785947418,0.3866717676043696,1.1369138261873721,-0.15053763750671667,-0.09544761854796006,1.3803875201912614,0.9902830436096349,0.050997261264770256,0.03224078554361997,-0.4476204786194528,0,0,7.377133712833954,False,False,False,False,False,False,False,False,False,False,True,False,False,False,False,False,False,False,True,False,False,False,False,False,False,False,True,False,False,False,True,False,False,False,True,False,False,False,False,True
-2.396756231608329,959.0,-0.8621763211399812,-1.441229760748708,-0.9830802414038966,-0.8024958872632796,8.308784914353199,-0.09544761854796006,-0.7594299096283988,-1.380573742469106,-1.06943690634874,-1.0647662442321755,-0.26782610021860753,0,0,6.866933284461882,True,False,False,False,False,False,False,False,False,False,False,False,False,False,False,False,False,False,False,False,False,True,False,False,False,False,False,False,False,True,True,False,False,True,False,False,False,False,True,False
0.4087716575222072,478.0,-0.8621763211399812,0.09209943068976037,-0.9830802414038966,1.1369138261873721,-0.15053763750671667,-0.09544761854796006,0.8325942581574283,-0.5902881471095258,0.050997261264770256,0.03224078554361997,-0.12584653946852056,0,0,6.171700597410915,False,False,False,False,False,False,True,False,False,False,False,False,False,False,False,False,False,False,False,False,True,False,False,False,False,False,True,False,False,False,True,False,True,False,False,False,False,False,True,False
-0.713439498130007,2198.19,-0.07519506268436271,-0.7497283606882222,0.3866717676043696,-0.8024958872632796,-0.15053763750671667,-0.09544761854796006,-0.7594299096283988,0.3975688470899499,1.345361642623338,1.2980181275926148,1.4653917075655414,0,0,7.695844389732659,False,False,False,False,False,False,True,False,False,False,False,False,False,False,False,False,False,False,False,False,False,True,False,False,False,False,False,False,True,False,True,False,False,False,True,False,False,False,True,False
0.4087716575222072,737.0,-0.8621763211399812,0.3025563785342562,-0.9830802414038966,0.16720896946204622,-0.15053763750671667,-0.09544761854796006,-0.2373144567524018,0.0024260494101592586,-1.06943690634874,-1.0647662442321755,-1.071448973483805,0,0,6.6039438246004725,False,False,False,True,False,False,False,False,False,False,False,False,False,False,False,False,False,False,False,False,True,False,False,False,False,False,False,False,True,False,True,False,False,True,False,False,False,False,True,False
0.4087716575222072,1169.0,-0.07519506268436271,0.39275221332475374,-0.2982042368997635,1.1369138261873721,-0.15053763750671667,-0.09544761854796006,1.1064908891743448,0.5951402459298452,0.050997261264770256,0.03224078554361997,-0.12584653946852056,0,0,7.064759027791802,False,False,False,False,False,False,False,False,False,False,True,False,False,False,False,False,False,False,True,False,False,False,False,False,False,False,True,False,False,False,True,False,False,False,True,False,False,False,False,True
-1.2044068787278503,1499.0,1.4987674542268743,-0.960185308532718,1.7564237766126358,-0.8024958872632796,-0.15053763750671667,-0.09544761854796006,-0.21163664759456588,0.7927116447697404,0.050997261264770256,0.03224078554361997,0.4406797470538846,0,1,7.313220387090301,False,False,False,False,False,False,False,False,False,True,False,False,False,False,False,False,False,False,False,False,True,False,False,False,False,False,True,False,False,False,True,False,False,False,True,False,False,False,True,False
0.4087716575222072,597.57,-0.46868569191217196,0.24242582200725737,0.3866717676043696,-0.8024958872632796,-0.15053763750671667,-0.09544761854796006,-0.7594299096283988,2.5708542343287966,0.050997261264770256,0.03224078554361997,-0.12584653946852056,0,0,6.394543477223177,False,False,False,False,False,False,False,False,False,True,False,False,False,False,False,False,False,False,False,False,True,False,False,False,False,False,True,False,False,False,False,False,False,False,False,False,False,False,False,False
-1.2044068787278503,1280.0,-0.07519506268436271,-0.8850221128739695,0.3866717676043696,-0.8024958872632796,-0.15053763750671667,-0.09544761854796006,-0.7594299096283988,0.3975688470899499,0.050997261264770256,0.03224078554361997,0.4406797470538846,0,0,7.155396301896734,False,True,False,False,False,False,False,False,False,False,False,False,False,False,False,False,False,False,False,False,False,True,False,False,False,False,True,False,False,False,True,False,False,False,True,False,False,False,True,False
0.4087716575222072,361.8,-0.8621763211399812,0.5430786046422508,-0.9830802414038966,0.16720896946204622,-0.15053763750671667,-0.09544761854796006,-0.2373144567524018,-0.5902881471095258,-1.06943690634874,-1.0647662442321755,-1.071448973483805,0,0,5.893851718240982,False,False,False,False,False,False,False,False,False,False,False,False,False,False,False,False,False,False,False,False,True,False,False,False,True,False,False,False,False,False,True,False,True,False,False,False,False,False,True,False
1.6011210104026858,1799.0,1.4987674542268743,1.0992862525169893,1.7564237766126358,-0.8024958872632796,-0.15053763750671667,-0.09544761854796006,-0.21163664759456588,0.7927116447697404,0.050997261264770256,0.03224078554361997,-0.4476204786194528,1,0,7.495541943884256,False,False,False,True,False,False,False,False,False,False,False,False,False,False,False,False,False,False,False,False,False,False,False,False,False,False,True,False,False,False,True,False,False,False,True,False,False,False,False,True
-0.713439498130007,1099.99,-0.8621763211399812,-0.7497283606882222,0.3866717676043696,-0.8024958872632796,-0.15053763750671667,-0.09544761854796006,-0.7594299096283988,0.0024260494101592586,0.050997261264770256,0.03224078554361997,0.2485897530978847,0,0,7.003965054029298,False,False,False,False,False,False,True,False,False,False,False,False,False,False,False,False,False,False,False,False,True,False,False,False,False,False,False,False,True,False,True,False,False,True,False,False,False,False,True,False
0.4087716575222072,1600.0,1.4987674542268743,0.6934049959597477,0.3866717676043696,1.1369138261873721,-0.15053763750671667,-0.09544761854796006,1.3803875201912614,0.9902830436096349,0.050997261264770256,0.03224078554361997,-0.12584653946852056,0,1,7.3783837129967145,False,True,False,False,False,False,False,False,False,False,False,False,False,False,False,False,False,False,True,False,False,False,False,False,False,False,True,False,False,False,True,False,False,False,True,False,False,False,False,True
-0.713439498130007,875.0,-0.8621763211399812,-0.659532525897724,-0.9830802414038966,0.16720896946204622,-0.15053763750671667,-0.09544761854796006,-0.2373144567524018,0.3975688470899499,-1.06943690634874,-1.0647662442321755,-0.8048893079579068,0,0,6.775366090936392,False,False,False,True,False,False,False,False,False,False,False,False,False,False,False,False,False,False,False,False,True,False,False,False,False,False,True,False,False,False,True,False,False,True,False,False,False,False,True,False
0.4087716575222072,2325.0,1.4987674542268743,0.4528827698517525,0.3866717676043696,1.1369138261873721,-0.15053763750671667,-0.09544761854796006,1.3803875201912614,0.5951402459298452,0.050997261264770256,0.03224078554361997,-0.12584653946852056,0,1,7.75190533307861,False,True,False,False,False,False,False,False,False,False,False,False,False,False,False,False,False,False,True,False,False,False,False,False,False,False,True,False,False,False,True,False,False,False,True,False,False,False,False,True
0.4087716575222072,573.0,-0.07519506268436271,0.39275221332475374,0.3866717676043696,-0.8024958872632796,-0.15053763750671667,-0.09544761854796006,-0.7594299096283988,0.3975688470899499,0.050997261264770256,0.03224078554361997,-0.12584653946852056,0,1,6.352629396319567,False,False,False,False,False,False,False,False,False,True,False,False,False,False,False,False,False,False,False,False,True,False,False,False,False,True,False,False,False,False,True,False,False,True,False,False,False,False,True,False
-1.2044068787278503,1813.0,-0.07519506268436271,-1.200707534640713,0.3866717676043696,-0.8024958872632796,-0.15053763750671667,-0.09544761854796006,-0.7594299096283988,-2.170859337828687,2.6397260239819054,2.56379546964161,3.002343651959864,1,0,7.503289630675082,False,False,False,True,False,False,False,False,False,False,False,False,False,False,False,False,False,False,False,False,False,False,False,False,False,False,True,False,False,False,True,False,False,True,False,False,False,False,True,False
0.4087716575222072,324.0,-0.8621763211399812,0.24242582200725737,-0.9830802414038966,0.16720896946204622,-0.15053763750671667,-0.09544761854796006,-0.2373144567524018,-1.380573742469106,-1.06943690634874,-1.0647662442321755,-1.071448973483805,0,0,5.783825182329737,False,False,False,True,False,False,False,False,False,False,False,False,False,False,False,False,False,False,False,False,True,False,False,False,True,False,False,False,False,False,True,False,False,False,False,False,True,False,True,False
0.4087716575222072,399.0,-0.8621763211399812,-0.2686839084722321,-0.9830802414038966,0.16720896946204622,-0.15053763750671667,-0.09544761854796006,-0.2373144567524018,0.3975688470899499,-1.06943690634874,-1.0647662442321755,-1.071448973483805,0,0,5.991464547107982,False,False,False,False,False,False,True,False,False,False,False,False,False,False,False,False,False,False,False,False,True,False,False,False,False,False,True,False,False,False,False,False,False,False,False,False,False,False,False,False
0.4087716575222072,569.0,-0.46868569191217196,0.5430786046422508,-0.2982042368997635,-0.8024958872632796,-0.15053763750671667,-0.09544761854796006,-1.0333265406453154,0.0024260494101592586,0.050997261264770256,0.03224078554361997,-0.12584653946852056,0,0,6.345636360828596,False,False,False,False,False,False,False,False,False,True,False,False,False,False,False,False,False,False,False,False,True,False,False,False,False,False,True,False,False,False,True,False,True,False,False,False,False,False,False,True
-0.713439498130007,1072.0,-0.07519506268436271,-0.20855335194523364,0.3866717676043696,-0.8024958872632796,-0.15053763750671667,-0.09544761854796006,-0.7594299096283988,0.0024260494101592586,0.050997261264770256,0.03224078554361997,0.2485897530978847,0,1,6.9782137426306985,False,False,False,False,False,False,False,False,False,True,False,False,False,False,False,False,False,False,False,False,True,False,False,False,False,False,True,False,False,False,True,False,False,True,False,False,False,False,True,False
0.4087716575222072,443.99,-0.8621763211399812,0.24242582200725737,-0.9830802414038966,0.16720896946204622,-0.15053763750671667,-0.09544761854796006,-0.2373144567524018,-1.380573742469106,-1.06943690634874,-1.0647662442321755,-1.071448973483805,0,0,6.09805181000363,False,False,False,True,False,False,False,False,False,False,False,False,False,False,False,False,False,False,False,False,True,False,False,False,False,False,True,False,False,False,True,False,False,False,False,False,True,False,True,False
0.4087716575222072,339.0,-0.8621763211399812,-0.058226960627736635,-0.9830802414038966,1.1369138261873721,-0.15053763750671667,-0.09544761854796006,0.8325942581574283,-2.3684307366685817,-1.06943690634874,-1.0647662442321755,-1.071448973483805,0,0,5.8289456176102075,False,True,False,False,False,False,False,False,False,False,False,False,False,False,False,False,False,False,False,False,True,False,False,False,False,False,True,False,False,False,True,False,False,False,False,False,True,False,True,False
1.6011210104026858,1900.0,1.4987674542268743,2.9483008657222007,-0.2982042368997635,1.1369138261873721,-0.15053763750671667,-0.09544761854796006,1.1064908891743448,0.5951402459298452,0.050997261264770256,0.03224078554361997,-0.4476204786194528,0,1,7.550135342488429,False,True,False,False,False,False,False,False,False,False,False,False,False,False,False,False,False,False,True,False,False,False,False,False,False,False,True,False,False,False,True,False,False,False,True,False,False,False,False,True
0.4087716575222072,490.0,-0.8621763211399812,0.37771957419300434,-0.9830802414038966,0.16720896946204622,-0.15053763750671667,-0.09544761854796006,-0.2373144567524018,-0.5902881471095258,-1.06943690634874,-1.0647662442321755,-1.071448973483805,0,0,6.19644412779452,False,False,False,True,False,False,False,False,False,False,False,False,False,False,False,False,False,False,False,False,True,False,False,False,False,False,True,False,False,False,True,False,True,False,False,False,False,False,True,False
0.4087716575222072,895.0,-0.07519506268436271,0.42281749158825316,-0.9830802414038966,-0.8024958872632796,-0.15053763750671667,10.711664561500005,0.8325942581574283,0.3975688470899499,0.050997261264770256,0.03224078554361997,-0.12584653946852056,0,0,6.79794041297493,False,False,False,False,False,False,False,False,False,True,False,False,False,False,False,False,False,False,False,False,True,False,False,False,False,False,False,False,True,False,True,False,False,False,True,False,False,False,False,False
0.4087716575222072,1229.0,-0.07519506268436271,0.5430786046422508,-0.2982042368997635,1.1369138261873721,-0.15053763750671667,-0.09544761854796006,1.1064908891743448,0.5951402459298452,0.050997261264770256,0.03224078554361997,-0.12584653946852056,0,0,7.114769448366463,False,False,False,False,False,False,False,False,False,False,True,False,False,False,False,False,False,False,True,False,False,False,False,False,False,False,True,False,False,False,True,False,False,False,True,False,False,False,False,True
-0.713439498130007,833.01,-0.8621763211399812,-0.3588797432627303,-0.2982042368997635,-0.8024958872632796,-0.15053763750671667,-0.09544761854796006,-1.0333265406453154,0.0024260494101592586,0.050997261264770256,0.03224078554361997,0.2485897530978847,1,0,6.726245392694536,False,False,False,False,False,False,False,False,False,True,False,False,False,False,False,False,False,False,False,False,False,False,False,False,False,False,True,False,False,False,True,False,False,True,False,False,False,False,True,False
-1.2044068787278503,729.0,-0.07519506268436271,-1.2608380911677117,1.7564237766126358,-0.8024958872632796,-0.15053763750671667,-0.09544761854796006,-0.21163664759456588,-2.7635735343483723,0.050997261264770256,0.03224078554361997,0.4406797470538846,0,1,6.593044534142437,False,True,False,False,False,False,False,False,False,False,False,False,False,False,False,False,False,False,False,False,False,True,False,False,False,False,True,False,False,False,True,False,False,False,False,False,True,False,True,False
0.4087716575222072,459.0,-0.46868569191217196,0.39275221332475374,-0.9830802414038966,1.1369138261873721,-0.15053763750671667,-0.09544761854796006,0.8325942581574283,0.19999744825005455,-1.06943690634874,-1.0647662442321755,-1.071448973483805,0,0,6.131226489483141,False,False,False,True,False,False,False,False,False,False,False,False,False,False,False,False,False,False,False,False,True,False,False,False,False,False,True,False,False,False,True,False,True,False,False,False,False,False,True,False
0.4087716575222072,289.0,-0.8621763211399812,0.5430786046422508,-0.9830802414038966,0.16720896946204622,-0.15053763750671667,-0.09544761854796006,-0.2373144567524018,-1.380573742469106,-1.06943690634874,-1.0647662442321755,-1.071448973483805,0,0,5.66988092298052,False,False,False,False,False,False,False,False,False,False,False,False,False,False,False,False,False,False,False,False,True,False,False,False,True,False,False,False,False,False,True,False,False,False,False,False,True,False,True,False
0.4087716575222072,379.0,-1.2556669503677904,0.24242582200725737,-0.9830802414038966,0.16720896946204622,-0.15053763750671667,-0.09544761854796006,-0.2373144567524018,-1.380573742469106,-1.06943690634874,-1.0647662442321755,-1.071448973483805,0,0,5.940171252720432,False,False,False,True,False,False,False,False,False,False,False,False,False,False,False,False,False,False,False,False,True,False,False,False,False,False,True,False,False,False,True,False,False,False,False,False,True,False,True,False
0.4087716575222072,899.0,-0.07519506268436271,0.8437313872772447,-0.9830802414038966,1.1369138261873721,-0.15053763750671667,-0.09544761854796006,0.8325942581574283,0.5951402459298452,0.050997261264770256,0.03224078554361997,-0.12584653946852056,0,1,6.802394763324311,False,False,False,False,False,False,False,False,False,True,False,False,False,False,False,False,False,False,False,False,True,False,False,False,False,False,True,False,False,False,True,False,False,False,True,False,False,False,False,True
0.4087716575222072,549.99,-0.46868569191217196,0.0019035958992621705,-0.9830802414038966,-0.8024958872632796,-0.15053763750671667,10.711664561500005,0.8325942581574283,1.1878544424495303,0.050997261264770256,0.03224078554361997,-0.12584653946852056,0,0,6.311716660167896,False,False,False,False,False,False,True,False,False,False,False,False,False,False,False,False,False,False,False,False,True,False,False,False,False,False,True,False,False,False,False,False,False,False,False,False,False,False,False,False
0.4087716575222072,805.99,-0.07519506268436271,0.39275221332475374,-0.9830802414038966,1.1369138261873721,-0.15053763750671667,-0.09544761854796006,0.8325942581574283,0.7927116447697404,-1.06943690634874,-1.0647662442321755,-1.071448973483805,0,0,6.6933112766194425,False,False,False,True,False,False,False,False,False,False,False,False,False,False,False,False,False,False,False,False,True,False,False,False,True,False,False,False,False,False,True,False,False,False,True,False,False,False,False,False
-2.396756231608329,209.0,-1.2556669503677904,-1.3059360085629608,-0.9830802414038966,-0.8024958872632796,0.9068776814757729,-0.09544761854796006,-1.2387490139080028,-1.380573742469106,-1.06943690634874,-1.0647662442321755,-0.26782610021860753,0,0,5.3471075307174685,False,False,False,False,False,False,True,False,False,False,False,False,False,False,False,False,False,False,False,True,False,False,False,False,False,False,True,False,False,False,True,False,False,False,False,False,True,False,True,False
0.4087716575222072,720.32,-0.8621763211399812,0.24242582200725737,-0.9830802414038966,0.16720896946204622,-0.15053763750671667,-0.09544761854796006,-0.2373144567524018,0.3975688470899499,-1.06943690634874,-1.0647662442321755,-1.071448973483805,0,0,6.581082866839071,False,True,False,False,False,False,False,False,False,False,False,False,False,False,False,False,False,False,False,False,True,False,False,False,False,False,True,False,False,False,True,False,False,False,True,False,False,False,False,True
-0.713439498130007,638.0,-0.8621763211399812,-0.3588797432627303,-0.2982042368997635,-0.8024958872632796,-0.15053763750671667,-0.09544761854796006,-1.0333265406453154,0.3975688470899499,0.050997261264770256,0.03224078554361997,0.2485897530978847,1,1,6.459904454377535,False,False,False,False,False,False,False,False,False,True,False,False,False,False,False,False,False,False,False,False,False,False,False,False,False,False,True,False,False,False,True,False,False,False,True,False,False,False,True,False
-1.2044068787278503,1499.0,1.4987674542268743,-1.1105116998502147,1.7564237766126358,-0.8024958872632796,-0.15053763750671667,-0.09544761854796006,-0.21163664759456588,0.3975688470899499,2.6397260239819054,2.56379546964161,3.002343651959864,1,1,7.313220387090301,False,False,False,False,False,False,False,False,False,True,False,False,False,False,False,False,False,False,False,False,False,False,False,False,False,False,True,False,False,False,True,False,False,False,True,False,False,False,True,False
-0.713439498130007,229.0,-1.2556669503677904,-0.809858917215221,-0.9830802414038966,-0.8024958872632796,1.9642930004582626,-0.09544761854796006,-1.1702748561537737,-1.380573742469106,-1.06943690634874,-1.0647662442321755,-0.8048893079579068,0,0,5.438079308923196,False,False,False,False,False,False,False,False,False,True,False,False,False,False,False,False,False,False,False,False,True,False,False,False,False,False,True,False,False,False,True,False,False,False,False,False,True,False,True,False
0.4087716575222072,764.0,-0.46868569191217196,0.22739318287550736,-0.9830802414038966,1.1369138261873721,-0.15053763750671667,-0.09544761854796006,0.8325942581574283,0.3975688470899499,-1.06943690634874,-1.0647662442321755,-1.071448973483805,0,0,6.639875833826536,False,False,False,False,False,False,True,False,False,False,False,False,False,False,False,False,False,False,False,False,True,False,False,False,False,False,True,False,False,False,True,False,False,False,True,False,False,False,False,False
0.4087716575222072,369.0,-0.8621763211399812,0.24242582200725737,-0.9830802414038966,0.16720896946204622,-0.15053763750671667,-0.09544761854796006,-0.2373144567524018,-1.380573742469106,-1.06943690634874,-1.0647662442321755,-1.071448973483805,0,0,5.91350300563827,False,True,False,False,False,False,False,False,False,False,False,False,False,False,False,False,False,False,False,False,True,False,False,False,False,False,True,False,False,False,True,False,False,False,False,False,True,False,True,False
-1.2044068787278503,729.0,-0.07519506268436271,-1.2608380911677117,1.7564237766126358,-0.8024958872632796,-0.15053763750671667,-0.09544761854796006,-0.21163664759456588,-2.7635735343483723,0.050997261264770256,0.03224078554361997,0.4406797470538846,0,1,6.593044534142437,False,True,False,False,False,False,False,False,False,False,False,False,False,False,False,False,False,False,False,False,False,True,False,False,False,False,True,False,False,False,True,False,False,False,False,False,True,False,True,False
0.4087716575222072,459.0,-0.46868569191217196,0.39275221332475374,-0.9830802414038966,1.1369138261873721,-0.15053763750671667,-0.09544761854796006,0.8325942581574283,0.19999744825005455,-1.06943690634874,-1.0647662442321755,-1.071448973483805,0,0,6.131226489483141,False,False,False,True,False,False,False,False,False,False,False,False,False,False,False,False,False,False,False,False,True,False,False,False,False,False,True,False,False,False,True,False,True,False,False,False,False,False,True,False
0.4087716575222072,289.0,-0.8621763211399812,0.5430786046422508,-0.9830802414038966,0.16720896946204622,-0.15053763750671667,-0.09544761854796006,-0.2373144567524018,-1.380573742469106,-1.06943690634874,-1.0647662442321755,-1.071448973483805,0,0,5.66988092298052,False,False,False,False,False,False,False,False,False,False,False,False,False,False,False,False,False,False,False,False,True,False,False,False,True,False,False,False,False,False,True,False,False,False,False,False,True,False,True,False
0.4087716575222072,379.0,-1.2556669503677904,0.24242582200725737,-0.9830802414038966,0.16720896946204622,-0.15053763750671667,-0.09544761854796006,-0.2373144567524018,-1.380573742469106,-1.06943690634874,-1.0647662442321755,-1.071448973483805,0,0,5.940171252720432,False,False,False,True,False,False,False,False,False,False,False,False,False,False,False,False,False,False,False,False,True,False,False,False,False,False,True,False,False,False,True,False,False,False,False,False,True,False,True,False
0.4087716575222072,899.0,-0.07519506268436271,0.8437313872772447,-0.9830802414038966,1.1369138261873721,-0.15053763750671667,-0.09544761854796006,0.8325942581574283,0.5951402459298452,0.050997261264770256,0.03224078554361997,-0.12584653946852056,0,1,6.802394763324311,False,False,False,False,False,False,False,False,False,True,False,False,False,False,False,False,False,False,False,False,True,False,False,False,False,False,True,False,False,False,True,False,False,False,True,False,False,False,False,True
0.4087716575222072,549.99,-0.46868569191217196,0.0019035958992621705,-0.9830802414038966,-0.8024958872632796,-0.15053763750671667,10.711664561500005,0.8325942581574283,1.1878544424495303,0.050997261264770256,0.03224078554361997,-0.12584653946852056,0,0,6.311716660167896,False,False,False,False,False,False,True,False,False,False,False,False,False,False,False,False,False,False,False,False,True,False,False,False,False,False,True,False,False,False,False,False,False,False,False,False,False,False,False,False
0.4087716575222072,805.99,-0.07519506268436271,0.39275221332475374,-0.9830802414038966,1.1369138261873721,-0.15053763750671667,-0.09544761854796006,0.8325942581574283,0.7927116447697404,-1.06943690634874,-1.0647662442321755,-1.071448973483805,0,0,6.6933112766194425,False,False,False,True,False,False,False,False,False,False,False,False,False,False,False,False,False,False,False,False,True,False,False,False,True,False,False,False,False,False,True,False,False,False,True,False,False,False,False,False
-2.396756231608329,209.0,-1.2556669503677904,-1.3059360085629608,-0.9830802414038966,-0.8024958872632796,0.9068776814757729,-0.09544761854796006,-1.2387490139080028,-1.380573742469106,-1.06943690634874,-1.0647662442321755,-0.26782610021860753,0,0,5.3471075307174685,False,False,False,False,False,False,True,False,False,False,False,False,False,False,False,False,False,False,False,True,False,False,False,False,False,False,True,False,False,False,True,False,False,False,False,False,True,False,True,False
0.4087716575222072,720.32,-0.8621763211399812,0.24242582200725737,-0.9830802414038966,0.16720896946204622,-0.15053763750671667,-0.09544761854796006,-0.2373144567524018,0.3975688470899499,-1.06943690634874,-1.0647662442321755,-1.071448973483805,0,0,6.581082866839071,False,True,False,False,False,False,False,False,False,False,False,False,False,False,False,False,False,False,False,False,True,False,False,False,False,False,True,False,False,False,True,False,False,False,True,False,False,False,False,True
-0.713439498130007,638.0,-0.8621763211399812,-0.3588797432627303,-0.2982042368997635,-0.8024958872632796,-0.15053763750671667,-0.09544761854796006,-1.0333265406453154,0.3975688470899499,0.050997261264770256,0.03224078554361997,0.2485897530978847,1,1,6.459904454377535,False,False,False,False,False,False,False,False,False,True,False,False,False,False,False,False,False,False,False,False,False,False,False,False,False,False,True,False,False,False,True,False,False,False,True,False,False,False,True,False
-1.2044068787278503,1499.0,1.4987674542268743,-1.1105116998502147,1.7564237766126358,-0.8024958872632796,-0.15053763750671667,-0.09544761854796006,-0.21163664759456588,0.3975688470899499,2.6397260239819054,2.56379546964161,3.002343651959864,1,1,7.313220387090301,False,False,False,False,False,False,False,False,False,True,False,False,False,False,False,False,False,False,False,False,False,False,False,False,False,False,True,False,False,False,True,False,False,False,True,False,False,False,True,False
-0.713439498130007,229.0,-1.2556669503677904,-0.809858917215221,-0.9830802414038966,-0.8024958872632796,1.9642930004582626,-0.09544761854796006,-1.1702748561537737,-1.380573742469106,-1.06943690634874,-1.0647662442321755,-0.8048893079579068,0,0,5.438079308923196,False,False,False,False,False,False,False,False,False,True,False,False,False,False,False,False,False,False,False,False,True,False,False,False,False,False,True,False,False,False,True,False,False,False,False,False,True,False,True,False
0.4087716575222072,764.0,-0.46868569191217196,0.22739318287550736,-0.9830802414038966,1.1369138261873721,-0.15053763750671667,-0.09544761854796006,0.8325942581574283,0.3975688470899499,-1.06943690634874,-1.0647662442321755,-1.071448973483805,0,0,6.639875833826536,False,False,False,False,False,False,True,False,False,False,False,False,False,False,False,False,False,False,False,False,True,False,False,False,False,False,True,False,False,False,True,False,False,False,True,False,False,False,False,False
0.4087716575222072,369.0,-0.8621763211399812,0.24242582200725737,-0.9830802414038966,0.16720896946204622,-0.15053763750671667,-0.09544761854796006,-0.2373144567524018,-1.380573742469106,-1.06943690634874,-1.0647662442321755,-1.071448973483805,0,0,5.91350300563827,False,True,False,False,False,False,False,False,False,False,False,False,False,False,False,False,False,False,False,False,True,False,False,False,False,False,True,False,False,False,True,False,False,False,False,False,True,False,True,False
-1.2044068787278503,729.0,-0.07519506268436271,-1.2608380911677117,1.7564237766126358,-0.8024958872632796,-0.15053763750671667,-0.09544761854796006,-0.21163664759456588,-2.7635735343483723,0.050997261264770256,0.03224078554361997,0.4406797470538846,0,1,6.593044534142437,False,True,False,False,False,False,False,False,False,False,False,False,False,False,False,False,False,False,False,False,False,True,False,False,False,False,True,False,False,False,True,False,False,False,False,False,True,False,True,False
0.4087716575222072,459.0,-0.46868569191217196,0.39275221332475374,-0.9830802414038966,1.1369138261873721,-0.15053763750671667,-0.09544761854796006,0.8325942581574283,0.19999744825005455,-1.06943690634874,-1.0647662442321755,-1.071448973483805,0,0,6.131226489483141,False,False,False,True,False,False,False,False,False,False,False,False,False,False,False,False,False,False,False,False,True,False,False,False,False,False,True,False,False,False,True,False,True,False,False,False,False,False,True,False
0.4087716575222072,289.0,-0.8621763211399812,0.5430786046422508,-0.9830802414038966,0.16720896946204622,-0.15053763750671667,-0.09544761854796006,-0.2373144567524018,-1.380573742469106,-1.06943690634874,-1.0647662442321755,-1.071448973483805,0,0,5.66988092298052,False,False,False,False,False,False,False,False,False,False,False,False,False,False,False,False,False,False,False,False,True,False,False,False,True,False,False,False,False,False,True,False,False,False,False,False,True,False,True,False
0.4087716575222072,379.0,-1.2556669503677904,0.24242582200725737,-0.9830802414038966,0.16720896946204622,-0.15053763750671667,-0.09544761854796006,-0.2373144567524018,-1.380573742469106,-1.06943690634874,-1.0647662442321755,-1.071448973483805,0,0,5.940171252720432,False,False,False,True,False,False,False,False,False,False,False,False,False,False,False,False,False,False,False,False,True,False,False,False,False,False,True,False,False,False,True,False,False,False,False,False,True,False,True,False
0.4087716575222072,899.0,-0.07519506268436271,0.8437313872772447,-0.9830802414038966,1.1369138261873721,-0.15053763750671667,-0.09544761854796006,0.8325942581574283,0.5951402459298452,0.050997261264770256,0.03224078554361997,-0.12584653946852056,0,1,6.802394763324311,False,False,False,False,False,False,False,False,False,True,False,False,False,False,False,False,False,False,False,False,True,False,False,False,False,False,True,False,False,False,True,False,False,False,True,False,False,False,False,True
0.4087716575222072,549.99,-0.46868569191217196,0.0019035958992621705,-0.9830802414038966,-0.8024958872632796,-0.15053763750671667,10.711664561500005,0.8325942581574283,1.1878544424495303,0.050997261264770256,0.03224078554361997,-0.12584653946852056,0,0,6.311716660167896,False,False,False,False,False,False,True,False,False,False,False,False,False,False,False,False,False,False,False,False,True,False,False,False,False,False,True,False,False,False,False,False,False,False,False,False,False,False,False,False
0.4087716575222072,805.99,-0.07519506268436271,0.39275221332475374,-0.9830802414038966,1.1369138261873721,-0.15053763750671667,-0.09544761854796006,0.8325942581574283,0.7927116447697404,-1.06943690634874,-1.0647662442321755,-1.071448973483805,0,0,6.6933112766194425,False,False,False,True,False,False,False,False,False,False,False,False,False,False,False,False,False,False,False,False,True,False,False,False,True,False,False,False,False,False,True,False,False,False,True,False,False,False,False,False
-2.396756231608329,209.0,-1.2556669503677904,-1.3059360085629608,-0.9830802414038966,-0.8024958872632796,0.9068776814757729,-0.09544761854796006,-1.2387490139080028,-1.380573742469106,-1.06943690634874,-1.0647662442321755,-0.26782610021860753,0,0,5.3471075307174685,False,False,False,False,False,False,True,False,False,False,False,False,False,False,False,False,False,False,False,True,False,False,False,False,False,False,True,False,False,False,True,False,False,False,False,False,True,False,True,False
0.4087716575222072,720.32,-0.8621763211399812,0.24242582200725737,-0.9830802414038966,0.16720896946204622,-0.15053763750671667,-0.09544761854796006,-0.2373144567524018,0.3975688470899499,-1.06943690634874,-1.0647662442321755,-1.071448973483805,0,0,6.581082866839071,False,True,False,False,False,False,False,False,False,False,False,False,False,False,False,False,False,False,False,False,True,False,False,False,False,False,True,False,False,False,True,False,False,False,True,False,False,False,False,True
-0.713439498130007,638.0,-0.8621763211399812,-0.3588797432627303,-0.2982042368997635,-0.8024958872632796,-0.15053763750671667,-0.09544761854796006,-1.0333265406453154,0.3975688470899499,0.050997261264770256,0.03224078554361997,0.2485897530978847,1,1,6.459904454377535,False,False,False,False,False,False,False,False,False,True,False,False,False,False,False,False,False,False,False,False,False,False,False,False,False,False,True,False,False,False,True,False,False,False,True,False,False,False,True,False
-1.2044068787278503,1499.0,1.4987674542268743,-1.1105116998502147,1.7564237766126358,-0.8024958872632796,-0.15053763750671667,-0.09544761854796006,-0.21163664759456588,0.3975688470899499,2.6397260239819054,2.56379546964161,3.002343651959864,1,1,7.313220387090301,False,False,False,False,False,False,False,False,False,True,False,False,False,False,False,False,False,False,False,False,False,False,False,False,False,False,True,False,False,False,True,False,False,False,True,False,False,False,True,False
-0.713439498130007,229.0,-1.2556669503677904,-0.809858917215221,-0.9830802414038966,-0.8024958872632796,1.9642930004582626,-0.09544761854796006,-1.1702748561537737,-1.380573742469106,-1.06943690634874,-1.0647662442321755,-0.8048893079579068,0,0,5.438079308923196,False,False,False,False,False,False,False,False,False,True,False,False,False,False,False,False,False,False,False,False,True,False,False,False,False,False,True,False,False,False,True,False,False,False,False,False,True,False,True,False
0.4087716575222072,764.0,-0.46868569191217196,0.22739318287550736,-0.9830802414038966,1.1369138261873721,-0.15053763750671667,-0.09544761854796006,0.8325942581574283,0.3975688470899499,-1.06943690634874,-1.0647662442321755,-1.071448973483805,0,0,6.639875833826536,False,False,False,False,False,False,True,False,False,False,False,False,False,False,False,False,False,False,False,False,True,False,False,False,False,False,True,False,False,False,True,False,False,False,True,False,False,False,False,False
0.4087716575222072,369.0,-0.8621763211399812,0.24242582200725737,-0.9830802414038966,0.16720896946204622,-0.15053763750671667,-0.09544761854796006,-0.2373144567524018,-1.380573742469106,-1.06943690634874,-1.0647662442321755,-1.071448973483805,0,0,5.91350300563827,False,True,False,False,False,False,False,False,False,False,False,False,False,False,False,False,False,False,False,False,True,False,False,False,False,False,True,False,False,False,True,False,False,False,False,False,True,False,True,False
